Processing issues in dotnet/efcore...
Found 5 issues with 'closed-duplicate' label (limited to 5)
Processing issue #35610: Cannot add complex property to table-less (raw query-only) entity
  Issue #35610 is already closed as duplicate, removing label only
Processing issue #35600: PendingModelChangesWarning when trying to roll back to a previous migration
  Issue #35600 is already closed as duplicate, removing label only
Processing issue #35594: Incorrect SQL translation for negated nullable boolean equality
  Issue #35594 is already closed as duplicate, removing label only
Processing issue #35582: Allow to use constant values on JOIN mapping
  Issue #35582 is already closed as duplicate, removing label only
Processing issue #35581: A composite index, part of which is in the owned entity
  Issue #35581 is already closed as duplicate, removing label only
Successfully processed 5 issues
Processing issues in dotnet/efcore...
Found 5 issues with 'closed-duplicate' label (limited to 5)
Processing issue #35575: "The entity type requires a primary key to be defined" error occurs when using SqlQuery
  Issue #35575 is already closed as duplicate, removing label only
Processing issue #35566: Set duplicate primary key name in driven classes ( KeyBuilder.HasNmae)
  Issue #35566 is already closed as duplicate, removing label only
Processing issue #35563: How to improve the performance of cached split queries?
  Issue #35563 is already closed as duplicate, removing label only
Processing issue #35552: "The LINQ expression could not be translated"
  Issue #35552 is already closed as duplicate, removing label only
Processing issue #35545: Exclude columns from queries without dropping from database
  Issue #35545 is already closed as duplicate, removing label only
Successfully processed 5 issues
Processing issues in dotnet/efcore...
Found 5 issues with 'closed-duplicate' label (limited to 5)
Processing issue #35544: dotnet ef migrations fails with "...doesn't reference Microsoft.EntityFrameworkCore.Design ..." but design package is added
  Issue #35544 is already closed as duplicate, removing label only
Processing issue #35534: IBM EntityFramework Core: .NET9.0 upgrade: System.NullReferenceException: Object reference not set to an instance of an object.
  Issue #35534 is already closed as duplicate, removing label only
Processing issue #35516: Incorrect results when coalescing expressions of different types
  Issue #35516 is already closed as duplicate, removing label only
Processing issue #35508: Instead of insert triggers & inserts with WHERE @@ROWCOUNT = 1 AND [IdentityColumnName] = scope_identity();
  Issue #35508 is already closed as duplicate, removing label only
Processing issue #35491: UseCollation doesnt work with OPENJSON
  Issue #35491 is already closed as duplicate, removing label only
Successfully processed 5 issues
Processing issues in dotnet/efcore...
Found 5 issues with 'closed-duplicate' label (limited to 5)
Processing issue #35490: Add extensions for ignoring specific columns in a query
  Issue #35490 is already closed as duplicate, removing label only
Processing issue #35484: Make AddPooledDbContextFactory register Dbcontext in DI as well as the factory
  Issue #35484 is already closed as duplicate, removing label only
Processing issue #35446: How to deal with join tables being removed EF Core 6 onwards
  Issue #35446 is already closed as duplicate, removing label only
Processing issue #35445: Null-coalescing operator with comparison no longer works in EF Core 9
  Issue #35445 is already closed as duplicate, removing label only
Processing issue #35444: How to capture the SQL string and parameters generated by an ExecuteUpdate method
  Issue #35444 is already closed as duplicate, removing label only
Successfully processed 5 issues
Processing issues in dotnet/efcore...
Found 5 issues with 'closed-duplicate' label (limited to 5)
Processing issue #35442: CommandInterceptor is returning an obsolete enum value for eventData,CommandSource
  Issue #35442 is already closed as duplicate, removing label only
Processing issue #35425: OS handle is not released after connection is closed
  Issue #35425 is already closed as duplicate, removing label only
Processing issue #35410: Error in EF Core 9 (8 works) converting enum to string
  Issue #35410 is already closed as duplicate, removing label only
Processing issue #35387: Generating a sql query
  Issue #35387 is already closed as duplicate, removing label only
Processing issue #35344: EF8/EF9 Bug - cannot update database including migrations
  Issue #35344 is already closed as duplicate, removing label only
Successfully processed 5 issues
Processing issues in dotnet/efcore...
Found 5 issues with 'closed-duplicate' label (limited to 5)
Processing issue #35323: Existing Migration file which renames table from XXX to YYY and creates a new table XXX produces KeyNotFoundException
  Issue #35323 is already closed as duplicate, removing label only
Processing issue #35307: EF Core 9: HierarchyId extension registration API is missing for Azure SQL
  Found marked_as_duplicate event at 12/11/2024 10:45:45 AM +00:00
  Found canonical issue #35244 from event details
  Found canonical issue via GraphQL event details
  Found duplicate reference, linking to canonical issue
  Successfully closed issue #35307 as duplicate and removed label using GraphQL
  ✓ Issue #35307 updated successfully
Processing issue #35305: Issues with EF Core 8 Model Compilation
  Found marked_as_duplicate event at 12/11/2024 11:42:56 AM +00:00
  Found canonical issue #27203 from event details
  Found canonical issue via GraphQL event details
  Found duplicate reference, linking to canonical issue
  Successfully closed issue #35305 as duplicate and removed label using GraphQL
  ✓ Issue #35305 updated successfully
Processing issue #35304: Issue with EFScaffoldModelStage and entity named Module
  Found marked_as_duplicate event at 12/11/2024 11:41:05 AM +00:00
  Found canonical issue #27203 from event details
  Found canonical issue via GraphQL event details
  Found duplicate reference, linking to canonical issue
  Successfully closed issue #35304 as duplicate and removed label using GraphQL
  ✓ Issue #35304 updated successfully
Processing issue #35303: System.InvalidOperationException: The binary operator Equal is not defined for the types 'System.Int32' and 'System.Nullable`1[System.Int32]'.
  Found marked_as_duplicate event at 12/9/2024 4:03:17 PM +00:00
  Found canonical issue #35095 from event details
  Found canonical issue via GraphQL event details
  Found duplicate reference, linking to canonical issue
  Successfully closed issue #35303 as duplicate and removed label using GraphQL
  ✓ Issue #35303 updated successfully
Successfully processed 5 issues
Processing issues in dotnet/efcore...
Found 5 issues with 'closed-duplicate' label (limited to 5)
Processing issue #35298: When using SplitToTable, FKs are created for the wrong table
  Issue #35298 is already closed as duplicate, removing label only
Processing issue #35296: Improvements on development migrations (command to apply schema without generating migration files)
  Found marked_as_duplicate event at 12/8/2024 6:24:34 PM +00:00
  Found canonical issue #3053 from event details
  Found canonical issue via GraphQL event details
  Found duplicate reference, linking to canonical issue
  Successfully closed issue #35296 as duplicate and removed label using GraphQL
  ✓ Issue #35296 updated successfully
Processing issue #35291: Scaffolding with required modifier for nullable enabled projects
  Successfully closed issue #35291 as duplicate and removed label using GraphQL
  ✓ Issue #35291 updated successfully
Processing issue #35273: Queries on primitive collections cannot be translated when using a compiled model
  Issue #35273 is already closed as duplicate, removing label only
Processing issue #35267: [Feature Request] SqlQueryRaw support ValueTuple result
  Found marked_as_duplicate event at 12/4/2024 8:20:01 AM +00:00
  Found canonical issue #35163 from event details
  Found canonical issue via GraphQL event details
  Found duplicate reference, linking to canonical issue
  Successfully closed issue #35267 as duplicate and removed label using GraphQL
  ✓ Issue #35267 updated successfully
Successfully processed 5 issues
Processing issues in dotnet/efcore...
Found 10 issues with 'closed-duplicate' label (limited to 10)
Processing issue #35263: User transaction is not supported with a TransactionSuppressed migrations or a retrying execution strategy Ef core 9
  Successfully closed issue #35263 as duplicate and removed label using GraphQL
  ✓ Issue #35263 updated successfully
Processing issue #35240: Allow Json property to be updated by using ExecuteUpdate or as a single property
  Found marked_as_duplicate event at 11/30/2024 7:33:07 AM +00:00
  Found canonical issue #28766 from event details
  Found canonical issue via GraphQL event details
  Found duplicate reference, linking to canonical issue
  Successfully closed issue #35240 as duplicate and removed label using GraphQL
  ✓ Issue #35240 updated successfully
Processing issue #35227: Nullable value type used with coalescing operator in argument to non-nullable aggregate function throws
  Found marked_as_duplicate event at 11/28/2024 8:23:30 AM +00:00
  Found canonical issue #35095 from event details
  Found canonical issue via GraphQL event details
  Found duplicate reference, linking to canonical issue
  Successfully closed issue #35227 as duplicate and removed label using GraphQL
  ✓ Issue #35227 updated successfully
Processing issue #35187: Depend on the right version of Microsoft.CodeAnalysis
  Issue #35187 is already closed as duplicate, removing label only
Processing issue #35182: PendingModelChangesWarning when migrating from .NET 8 to .NET 9 with multitenancy per schema
  Successfully closed issue #35182 as duplicate and removed label using GraphQL
  ✓ Issue #35182 updated successfully
Processing issue #35179: Could not load type AdHocMapper after upgrading from 8 to 9
  Successfully closed issue #35179 as duplicate and removed label using GraphQL
  ✓ Issue #35179 updated successfully
Processing issue #35176: Regression from EF Core 8 to 9: Invalid migration scripts involving multiple Temporal Tables
  Found marked_as_duplicate event at 11/22/2024 10:14:58 PM +00:00
  Found canonical issue #35132 from event details
  Found canonical issue via GraphQL event details
  Found duplicate reference, linking to canonical issue
  Successfully closed issue #35176 as duplicate and removed label using GraphQL
  ✓ Issue #35176 updated successfully
Processing issue #35164: ExecuteUpdate on Nullable stop working after migration from 8 to 9
  Found marked_as_duplicate event at 11/22/2024 7:58:01 PM +00:00
  Found canonical issue #35152 from event details
  Found canonical issue via GraphQL event details
  Found duplicate reference, linking to canonical issue
  Successfully closed issue #35164 as duplicate and removed label using GraphQL
  ✓ Issue #35164 updated successfully
Processing issue #35150: "The operands for operator 'Equal' do not match the parameters of method 'op_Equality'." while using in ?? COALESCE in Where
  Successfully closed issue #35150 as duplicate and removed label using GraphQL
  ✓ Issue #35150 updated successfully
Processing issue #35148: Rowversion migration regression from EF Core 8 to 9
  Issue #35148 is already closed as duplicate, removing label only
Successfully processed 10 issues
Processing issues in dotnet/efcore...
Found 100 issues with 'closed-duplicate' label (limited to 100)
Processing issue #35147: Object equality on object nested in JSON column
  Found marked_as_duplicate event at 11/25/2024 10:21:57 PM +00:00
  Found canonical issue #29442 from event details
  Found canonical issue via GraphQL event details
  Found duplicate reference, linking to canonical issue
  Successfully closed issue #35147 as duplicate and removed label using GraphQL
  ✓ Issue #35147 updated successfully
Processing issue #35144: SplitQuery order expression not equality
  Found marked_as_duplicate event at 11/24/2024 4:32:22 PM +00:00
  Found canonical issue #26808 from event details
  Found canonical issue via GraphQL event details
  Found duplicate reference, linking to canonical issue
  Successfully closed issue #35144 as duplicate and removed label using GraphQL
  ✓ Issue #35144 updated successfully
Processing issue #35143: "Microsoft.CodeAnalysis.Common (= 4.8.0)" conflicts with other packages using newer versions.
  Successfully closed issue #35143 as duplicate and removed label using GraphQL
  ✓ Issue #35143 updated successfully
Processing issue #35125: Add a REPL for dotnet-ef
  Found marked_as_duplicate event at 11/28/2024 8:16:50 AM +00:00
  Found canonical issue #35231 from event details
  Found canonical issue via GraphQL event details
  Found duplicate reference, linking to canonical issue
  Successfully closed issue #35125 as duplicate and removed label using GraphQL
  ✓ Issue #35125 updated successfully
Processing issue #35115: `Entity type 'Entity.Addresses#Address' is mapped to JSON and has a navigation to a regular entity which is not the owner`
  Found marked_as_duplicate event at 11/15/2024 10:52:48 AM +00:00
  Found canonical issue #31245 from event details
  Found canonical issue via GraphQL event details
  Found duplicate reference, linking to canonical issue
  Successfully closed issue #35115 as duplicate and removed label using GraphQL
  ✓ Issue #35115 updated successfully
Processing issue #35091: EF9  is 2x slower than EF 8 and allocates 3.5x more memory on a simple query with 2 Includes
  Found marked_as_duplicate event at 11/13/2024 10:43:42 AM +00:00
  Found canonical issue #35053 from event details
  Found canonical issue via GraphQL event details
  Found duplicate reference, linking to canonical issue
  Successfully closed issue #35091 as duplicate and removed label using GraphQL
  ✓ Issue #35091 updated successfully
Processing issue #35088: Database.SqlQuery ignores value conversion
  Found marked_as_duplicate event at 11/13/2024 12:50:09 PM +00:00
  Found canonical issue #33206 from event details
  Found canonical issue via GraphQL event details
  Found duplicate reference, linking to canonical issue
  Successfully closed issue #35088 as duplicate and removed label using GraphQL
  ✓ Issue #35088 updated successfully
Processing issue #35087: New index with a different name removes old one with the same columns
  Found marked_as_duplicate event at 11/14/2024 8:58:42 PM +00:00
  Found canonical issue #24237 from event details
  Found canonical issue via GraphQL event details
  Found duplicate reference, linking to canonical issue
  Successfully closed issue #35087 as duplicate and removed label using GraphQL
  ✓ Issue #35087 updated successfully
Processing issue #35066: Skip index and FK creation using fluent API builder
  Found marked_as_duplicate event at 11/14/2024 10:34:33 PM +00:00
  Found canonical issue #7605 from event details
  Found canonical issue via GraphQL event details
  Found duplicate reference, linking to canonical issue
  Successfully closed issue #35066 as duplicate and removed label using GraphQL
  ✓ Issue #35066 updated successfully
Processing issue #35060: Configure backing field in child object
  Successfully closed issue #35060 as duplicate and removed label using GraphQL
  ✓ Issue #35060 updated successfully
Processing issue #35052: EF Core generates different SQL queries in Windows and Linux environments
  Found marked_as_duplicate event at 11/6/2024 2:24:56 PM +00:00
  Found canonical issue #30775 from event details
  Found canonical issue via GraphQL event details
  Found duplicate reference, linking to canonical issue
  Successfully closed issue #35052 as duplicate and removed label using GraphQL
  ✓ Issue #35052 updated successfully
Processing issue #35051: EF Core ValueConverter string to bool for nullable string column
  Successfully closed issue #35051 as duplicate and removed label using GraphQL
  ✓ Issue #35051 updated successfully
Processing issue #35046: Being able to guarantee certain entity types are readonly (not tracked) at the dbcontext level, during Model configuration.
  Found marked_as_duplicate event at 11/7/2024 10:16:58 PM +00:00
  Found canonical issue #7586 from event details
  Found canonical issue via GraphQL event details
  Found duplicate reference, linking to canonical issue
  Successfully closed issue #35046 as duplicate and removed label using GraphQL
  ✓ Issue #35046 updated successfully
Processing issue #35032: Compiled model fails to distinguish between types with same name in different namespaces
  Successfully closed issue #35032 as duplicate and removed label using GraphQL
  ✓ Issue #35032 updated successfully
Processing issue #35022: Removing HierarchyId with existing migrations breaks compilation
  Successfully closed issue #35022 as duplicate and removed label using GraphQL
  ✓ Issue #35022 updated successfully
Processing issue #34992: Owned Properties don't support ComplexType.
  Successfully closed issue #34992 as duplicate and removed label using GraphQL
  ✓ Issue #34992 updated successfully
Processing issue #34986: Ignore Other Global Query Filters during OnModelCreating
  Successfully closed issue #34986 as duplicate and removed label using GraphQL
  ✓ Issue #34986 updated successfully
Processing issue #34980: EF Core - SQLClient includes all columns from a joined table in the SQL query, even when only one field is explicitly selected
  Successfully closed issue #34980 as duplicate and removed label using GraphQL
  ✓ Issue #34980 updated successfully
Processing issue #34956: HasConversion no longer supports captured Object in EF Core 9, when using projection
  Successfully closed issue #34956 as duplicate and removed label using GraphQL
  ✓ Issue #34956 updated successfully
Processing issue #34940: Mapping Option<T> to nullable column
  Successfully closed issue #34940 as duplicate and removed label using GraphQL
  ✓ Issue #34940 updated successfully
Processing issue #34934: Encrypted attribute convention throws exception in Select projection in EF Core 9.0.0-rc.2.24474.1
  Found marked_as_duplicate event at 10/18/2024 9:57:07 AM +00:00
  Found canonical issue #34760 from event details
  Found canonical issue via GraphQL event details
  Found duplicate reference, linking to canonical issue
  Successfully closed issue #34934 as duplicate and removed label using GraphQL
  ✓ Issue #34934 updated successfully
Processing issue #34895: Final GroupBy on an entity type adds orderings for all of its properties
  Found marked_as_duplicate event at 10/16/2024 9:10:41 AM +00:00
  Found canonical issue #34921 from event details
  Found canonical issue via GraphQL event details
  Found duplicate reference, linking to canonical issue
  Successfully closed issue #34895 as duplicate and removed label using GraphQL
  ✓ Issue #34895 updated successfully
Processing issue #34847: Paging with filter having a subentity collection
  Found marked_as_duplicate event at 10/10/2024 8:14:00 AM +00:00
  Found canonical issue #26808 from event details
  Found canonical issue via GraphQL event details
  Found duplicate reference, linking to canonical issue
  Successfully closed issue #34847 as duplicate and removed label using GraphQL
  ✓ Issue #34847 updated successfully
Processing issue #34835: After upgrading from version 3.1.4 to 8.0.8, I can no longer lock using queries that use FromSqlInterpolated.
  Successfully closed issue #34835 as duplicate and removed label using GraphQL
  ✓ Issue #34835 updated successfully
Processing issue #34834: ExecuteDelete does not respect table mapping when also mapped to a view
  Found marked_as_duplicate event at 10/7/2024 6:42:33 AM +00:00
  Found canonical issue #34677 from event details
  Found canonical issue via GraphQL event details
  Found duplicate reference, linking to canonical issue
  Successfully closed issue #34834 as duplicate and removed label using GraphQL
  ✓ Issue #34834 updated successfully
Processing issue #34818: ComplexProperty column name mapping ignored when loading via FromSql()
  Found marked_as_duplicate event at 10/4/2024 10:52:23 PM +00:00
  Found canonical issue #34627 from event details
  Found canonical issue via GraphQL event details
  Found duplicate reference, linking to canonical issue
  Successfully closed issue #34818 as duplicate and removed label using GraphQL
  ✓ Issue #34818 updated successfully
Processing issue #34810: Mismatch in Count and ToListAsync Results When Using Global Query Filters on Joined Entities
  Successfully closed issue #34810 as duplicate and removed label using GraphQL
  ✓ Issue #34810 updated successfully
Processing issue #34805: List<string> property causes inclusion of additional columns that are not used in the projection.
  Successfully closed issue #34805 as duplicate and removed label using GraphQL
  ✓ Issue #34805 updated successfully
Processing issue #34801: Getting exception "The multi-part identifier could not be bound." when using GroupBy ,Contains and OrderBy
  Successfully closed issue #34801 as duplicate and removed label using GraphQL
  ✓ Issue #34801 updated successfully
Processing issue #34794: Add support for ComplexProperty fields in alternate key configurations
  Successfully closed issue #34794 as duplicate and removed label using GraphQL
  ✓ Issue #34794 updated successfully
Processing issue #34792: EF Core fails to execute simple LINQ to SQL
  Successfully closed issue #34792 as duplicate and removed label using GraphQL
  ✓ Issue #34792 updated successfully
Processing issue #34783: EF Core 8.0 fails choosing the right constructor when creating entities from DB having multiple constructors
  Successfully closed issue #34783 as duplicate and removed label using GraphQL
  ✓ Issue #34783 updated successfully
Processing issue #34778: EFCore does not respect [MaxLength] if it came on a field from an interface
  Successfully closed issue #34778 as duplicate and removed label using GraphQL
  ✓ Issue #34778 updated successfully
Processing issue #34775: Define an Unidirectional Many to Many without Join Table
  Found marked_as_duplicate event at 10/3/2024 10:39:20 PM +00:00
  Found canonical issue #20337 from event details
  Found canonical issue via GraphQL event details
  Found duplicate reference, linking to canonical issue
  Successfully closed issue #34775 as duplicate and removed label using GraphQL
  ✓ Issue #34775 updated successfully
Processing issue #34774: How to define a backing filed for a collection of owned entities?
  Found marked_as_duplicate event at 9/28/2024 6:12:14 AM +00:00
  Found canonical issue #34780 from event details
  Found canonical issue via GraphQL event details
  Found duplicate reference, linking to canonical issue
  Successfully closed issue #34774 as duplicate and removed label using GraphQL
  ✓ Issue #34774 updated successfully
Processing issue #34767: Support new LINQ methods
  Found marked_as_duplicate event at 9/27/2024 7:24:39 AM +00:00
  Found canonical issue #28634 from event details
  Found canonical issue via GraphQL event details
  Found duplicate reference, linking to canonical issue
  Successfully closed issue #34767 as duplicate and removed label using GraphQL
  ✓ Issue #34767 updated successfully
Processing issue #34757: Update Microsoft.CodeAnalysis.Workspaces.MSBuild dependency
  Found marked_as_duplicate event at 9/26/2024 7:25:52 AM +00:00
  Found canonical issue #34649 from event details
  Found canonical issue via GraphQL event details
  Found duplicate reference, linking to canonical issue
  Successfully closed issue #34757 as duplicate and removed label using GraphQL
  ✓ Issue #34757 updated successfully
Processing issue #34754: Does sql server provide support new JSON data type?
  Found marked_as_duplicate event at 9/25/2024 5:59:27 AM +00:00
  Found canonical issue #32150 from event details
  Found canonical issue via GraphQL event details
  Found duplicate reference, linking to canonical issue
  Successfully closed issue #34754 as duplicate and removed label using GraphQL
  ✓ Issue #34754 updated successfully
Processing issue #34750: Using ToString() on a value object causes unnecesssary case expression in query
  Successfully closed issue #34750 as duplicate and removed label using GraphQL
  ✓ Issue #34750 updated successfully
Processing issue #34736: Add support for logical XOR
  Found marked_as_duplicate event at 9/23/2024 8:48:05 PM +00:00
  Found canonical issue #16645 from event details
  Found canonical issue via GraphQL event details
  Found duplicate reference, linking to canonical issue
  Successfully closed issue #34736 as duplicate and removed label using GraphQL
  ✓ Issue #34736 updated successfully
Processing issue #34723: EF 9 Compiled model generate code with errors
  Successfully closed issue #34723 as duplicate and removed label using GraphQL
  ✓ Issue #34723 updated successfully
Processing issue #34722: Consider ensuring that split query ordering is deterministic, either warning/throwing if not or injecting the primary key properties
  Found marked_as_duplicate event at 9/25/2024 10:25:28 PM +00:00
  Found canonical issue #26808 from event details
  Found canonical issue via GraphQL event details
  Found duplicate reference, linking to canonical issue
  Successfully closed issue #34722 as duplicate and removed label using GraphQL
  ✓ Issue #34722 updated successfully
Processing issue #34698: Getting error "System.InvalidOperationException: Cannot scaffold C# literals of type 'System.Reflection.NullabilityInfoContext" in EF Core 8.0.4/8.0.8
  Found marked_as_duplicate event at 11/25/2024 4:48:55 AM +00:00
  Found canonical issue #34996 from event details
  Found canonical issue via GraphQL event details
  Found duplicate reference, linking to canonical issue
  Successfully closed issue #34698 as duplicate and removed label using GraphQL
  ✓ Issue #34698 updated successfully
Processing issue #34694: How to map a view derived from a table, including fk
  Successfully closed issue #34694 as duplicate and removed label using GraphQL
  ✓ Issue #34694 updated successfully
Processing issue #34685: Can persist IEnumerable<string>, but not retrieve
  Successfully closed issue #34685 as duplicate and removed label using GraphQL
  ✓ Issue #34685 updated successfully
Processing issue #34673: String.Join does not use STRING_AGG serverside when using a navigation property
  Found marked_as_duplicate event at 9/13/2024 3:13:14 PM +00:00
  Found canonical issue #30538 from event details
  Found canonical issue via GraphQL event details
  Found duplicate reference, linking to canonical issue
  Successfully closed issue #34673 as duplicate and removed label using GraphQL
  ✓ Issue #34673 updated successfully
Processing issue #34657: Add support for IQueryable.Append translation
  Found marked_as_duplicate event at 9/12/2024 9:46:23 AM +00:00
  Found canonical issue #30669 from event details
  Found canonical issue via GraphQL event details
  Found duplicate reference, linking to canonical issue
  Successfully closed issue #34657 as duplicate and removed label using GraphQL
  ✓ Issue #34657 updated successfully
Processing issue #34652: Compiled models generation doesn't create UnsafeAccessors
  Successfully closed issue #34652 as duplicate and removed label using GraphQL
  ✓ Issue #34652 updated successfully
Processing issue #34644: How to add a new property on your model without 'System.InvalidOperationException: 'Nullable object must have a value.''
  Found marked_as_duplicate event at 9/12/2024 11:52:19 AM +00:00
  Found canonical issue #11099 from event details
  Found canonical issue via GraphQL event details
  Found duplicate reference, linking to canonical issue
  Successfully closed issue #34644 as duplicate and removed label using GraphQL
  ✓ Issue #34644 updated successfully
Processing issue #34619: Generation of Migrations for new Types / Tables differs in the default value generation from existing types
  Successfully closed issue #34619 as duplicate and removed label using GraphQL
  ✓ Issue #34619 updated successfully
Processing issue #34607: migrationBuilder.InsertData should return SELECT scope_identity() to get LAST INSERT ID
  Found marked_as_duplicate event at 9/4/2024 2:53:37 PM +00:00
  Found canonical issue #10000 from event details
  Found canonical issue via GraphQL event details
  Found duplicate reference, linking to canonical issue
  Successfully closed issue #34607 as duplicate and removed label using GraphQL
  ✓ Issue #34607 updated successfully
Processing issue #34603: Generate migration-free SQL scripts for test cases
  Successfully closed issue #34603 as duplicate and removed label using GraphQL
  ✓ Issue #34603 updated successfully
Processing issue #34600: [Owned Entity] Foreign keys are being dropped and added on every new migration
  Found marked_as_duplicate event at 9/14/2024 12:23:40 AM +00:00
  Found canonical issue #33625 from event details
  Found canonical issue via GraphQL event details
  Found duplicate reference, linking to canonical issue
  Successfully closed issue #34600 as duplicate and removed label using GraphQL
  ✓ Issue #34600 updated successfully
Processing issue #34592: Is there any possible to add a api when select page data by condition then return value and the total count?
  Successfully closed issue #34592 as duplicate and removed label using GraphQL
  ✓ Issue #34592 updated successfully
Processing issue #34580: Add SQL translation for between-any
  Found marked_as_duplicate event at 8/30/2024 8:39:30 PM +00:00
  Found canonical issue #31237 from event details
  Found canonical issue via GraphQL event details
  Found duplicate reference, linking to canonical issue
  Successfully closed issue #34580 as duplicate and removed label using GraphQL
  ✓ Issue #34580 updated successfully
Processing issue #34579: Message 'The given key 'PlatformTarget' was not present in the dictionary.' when running 'dotnet ef'
  Successfully closed issue #34579 as duplicate and removed label using GraphQL
  ✓ Issue #34579 updated successfully
Processing issue #34563: EFCore 8.0.7 Breaks Discriminator Generated Code
  Successfully closed issue #34563 as duplicate and removed label using GraphQL
  ✓ Issue #34563 updated successfully
Processing issue #34551: EFCore 9 preview 7 - 'Specify caching for sequences' support has been removed
  Found marked_as_duplicate event at 8/28/2024 11:13:59 PM +00:00
  Found canonical issue #11261 from event details
  Found canonical issue via GraphQL event details
  Found duplicate reference, linking to canonical issue
  Successfully closed issue #34551 as duplicate and removed label using GraphQL
  ✓ Issue #34551 updated successfully
Processing issue #34530: Views migrations in EF-Core migrations?
  Found marked_as_duplicate event at 8/27/2024 9:54:39 AM +00:00
  Found canonical issue #14537 from event details
  Found canonical issue via GraphQL event details
  Found duplicate reference, linking to canonical issue
  Successfully closed issue #34530 as duplicate and removed label using GraphQL
  ✓ Issue #34530 updated successfully
Processing issue #34528: `dotnet ef migrations` does not work correctly with more than one model and migrations added in a non default location.
  Found marked_as_duplicate event at 12/1/2024 2:44:08 PM +00:00
  Found canonical issue #32738 from event details
  Found canonical issue via GraphQL event details
  Found duplicate reference, linking to canonical issue
  Successfully closed issue #34528 as duplicate and removed label using GraphQL
  ✓ Issue #34528 updated successfully
Processing issue #34522: Feature: Supported keyed registrations in AddDbContext for Cosmos
  Found marked_as_duplicate event at 8/24/2024 6:35:07 AM +00:00
  Found canonical issue #32272 from event details
  Found canonical issue via GraphQL event details
  Found duplicate reference, linking to canonical issue
  Successfully closed issue #34522 as duplicate and removed label using GraphQL
  ✓ Issue #34522 updated successfully
Processing issue #34516: Unneeded columns in the projection of a JOIN subquery
  Found marked_as_duplicate event at 8/23/2024 2:24:27 PM +00:00
  Found canonical issue #31083 from event details
  Found canonical issue via GraphQL event details
  Found duplicate reference, linking to canonical issue
  Successfully closed issue #34516 as duplicate and removed label using GraphQL
  ✓ Issue #34516 updated successfully
Processing issue #34512: Use EF 8 openjson for inserts
  Successfully closed issue #34512 as duplicate and removed label using GraphQL
  ✓ Issue #34512 updated successfully
Processing issue #34481: Concurrency Handling in UpdateRange case
  Successfully closed issue #34481 as duplicate and removed label using GraphQL
  ✓ Issue #34481 updated successfully
Processing issue #34479: Primitive collections cannot be projected when using server evaluation
  Found marked_as_duplicate event at 8/20/2024 3:29:34 PM +00:00
  Found canonical issue #32505 from event details
  Found canonical issue via GraphQL event details
  Found duplicate reference, linking to canonical issue
  Successfully closed issue #34479 as duplicate and removed label using GraphQL
  ✓ Issue #34479 updated successfully
Processing issue #34454: Customizing migration detection and generation
  Issue #34454 is already closed as duplicate, removing label only
Processing issue #34447: Stack overflow when using compiled models
  Successfully closed issue #34447 as duplicate and removed label using GraphQL
  ✓ Issue #34447 updated successfully
Processing issue #34392: Flag indicating running from migration bundle
  Successfully closed issue #34392 as duplicate and removed label using GraphQL
  ✓ Issue #34392 updated successfully
Processing issue #34376: ToJson should be configurable to not emit default values/allow missing properties when (De)serializing the column
  Successfully closed issue #34376 as duplicate and removed label using GraphQL
  ✓ Issue #34376 updated successfully
Processing issue #34369: Query performance issue: how to found the reason? and which toools to use? 
  Found marked_as_duplicate event at 8/7/2024 9:09:47 AM +00:00
  Found canonical issue #28632 from event details
  Found canonical issue via GraphQL event details
  Found duplicate reference, linking to canonical issue
  Successfully closed issue #34369 as duplicate and removed label using GraphQL
  ✓ Issue #34369 updated successfully
Processing issue #34352: Cosmos: bogus translation error (DbSet<JsonEntityBasic>()' could not be translated) when projecting a subquery starting from another DbSet
  Successfully closed issue #34352 as duplicate and removed label using GraphQL
  ✓ Issue #34352 updated successfully
Processing issue #34334: Cosmos: NRE when projecting nested owned collection or reference 
  Successfully closed issue #34334 as duplicate and removed label using GraphQL
  ✓ Issue #34334 updated successfully
Processing issue #34292: AutoInclude property of owned entities
  Successfully closed issue #34292 as duplicate and removed label using GraphQL
  ✓ Issue #34292 updated successfully
Processing issue #34281: change LogExecutedCommand elapsed parameter from string to int or do not send thousands seperator
  Found marked_as_duplicate event at 11/20/2024 7:48:33 PM +00:00
  Found canonical issue #33598 from event details
  Found canonical issue via GraphQL event details
  Found duplicate reference, linking to canonical issue
  Successfully closed issue #34281 as duplicate and removed label using GraphQL
  ✓ Issue #34281 updated successfully
Processing issue #34276: Make migration Designer file, specifically BuildTargetModel, optional
  Found marked_as_duplicate event at 7/23/2024 9:04:50 PM +00:00
  Found canonical issue #18620 from event details
  Found canonical issue via GraphQL event details
  Found duplicate reference, linking to canonical issue
  Successfully closed issue #34276 as duplicate and removed label using GraphQL
  ✓ Issue #34276 updated successfully
Processing issue #34271: Unexpected semantics if .All() predicate evaluates to NULL for some rows?
  Found marked_as_duplicate event at 7/25/2024 7:37:18 AM +00:00
  Event does not contain canonical issue reference
  Successfully closed issue #34271 as duplicate and removed label using GraphQL
  ✓ Issue #34271 updated successfully
Processing issue #34246: SQL Error: Cannot perform an aggregate function on an expression containing an aggregate or a subquery.
  Found marked_as_duplicate event at 7/20/2024 1:48:23 PM +00:00
  Found canonical issue #34256 from event details
  Found canonical issue via GraphQL event details
  Found duplicate reference, linking to canonical issue
  Successfully closed issue #34246 as duplicate and removed label using GraphQL
  ✓ Issue #34246 updated successfully
Processing issue #34222: SqliteConventionSetBuilder.CreateModelBuilder() produces incorrect migrations
  Found marked_as_duplicate event at 7/17/2024 1:19:48 AM +00:00
  Found canonical issue #33684 from event details
  Found canonical issue via GraphQL event details
  Found duplicate reference, linking to canonical issue
  Successfully closed issue #34222 as duplicate and removed label using GraphQL
  ✓ Issue #34222 updated successfully
Processing issue #34215: IProperty.GetColumnName() does not return the sql column name for complex types?
  Successfully closed issue #34215 as duplicate and removed label using GraphQL
  ✓ Issue #34215 updated successfully
Processing issue #34205: Projections with branching causes sub-fields to not load properly
  Successfully closed issue #34205 as duplicate and removed label using GraphQL
  ✓ Issue #34205 updated successfully
Processing issue #34197: Support for a Single Project with Multiple Provider Migrations - Edge Case/Issue/Request
  Successfully closed issue #34197 as duplicate and removed label using GraphQL
  ✓ Issue #34197 updated successfully
Processing issue #34190: Split mappings are not supported for hierarchies
  Found marked_as_duplicate event at 7/13/2024 12:00:22 AM +00:00
  Found canonical issue #27970 from event details
  Found canonical issue via GraphQL event details
  Found duplicate reference, linking to canonical issue
  Successfully closed issue #34190 as duplicate and removed label using GraphQL
  ✓ Issue #34190 updated successfully
Processing issue #34178: Non-Nullable String Column added after table creation also adds default value
  Found marked_as_duplicate event at 7/8/2024 8:38:11 AM +00:00
  Found canonical issue #27084 from event details
  Found canonical issue via GraphQL event details
  Found duplicate reference, linking to canonical issue
  Successfully closed issue #34178 as duplicate and removed label using GraphQL
  ✓ Issue #34178 updated successfully
Processing issue #34173: Supporting OUTER APPLY for aggregate queries
  Found marked_as_duplicate event at 7/20/2024 1:53:18 PM +00:00
  Found canonical issue #34256 from event details
  Found canonical issue via GraphQL event details
  Found duplicate reference, linking to canonical issue
  Successfully closed issue #34173 as duplicate and removed label using GraphQL
  ✓ Issue #34173 updated successfully
Processing issue #34170: EF Core 8 query causing intensive performance drop due to the breaking "contians" change
  Found marked_as_duplicate event at 7/7/2024 2:07:48 PM +00:00
  Found canonical issue #32394 from event details
  Found canonical issue via GraphQL event details
  Found duplicate reference, linking to canonical issue
  Successfully closed issue #34170 as duplicate and removed label using GraphQL
  ✓ Issue #34170 updated successfully
Processing issue #34161: Migration drops non-existent column for model with owned base class but non-owned inherited class
  Found marked_as_duplicate event at 7/12/2024 11:50:39 PM +00:00
  Found canonical issue #33605 from event details
  Found canonical issue via GraphQL event details
  Found duplicate reference, linking to canonical issue
  Successfully closed issue #34161 as duplicate and removed label using GraphQL
  ✓ Issue #34161 updated successfully
Processing issue #34160: OwnedType does not work with type configured with .ToSqlQuery
  Found marked_as_duplicate event at 7/7/2024 2:19:17 PM +00:00
  Found canonical issue #14525 from event details
  Found canonical issue via GraphQL event details
  Found duplicate reference, linking to canonical issue
  Successfully closed issue #34160 as duplicate and removed label using GraphQL
  ✓ Issue #34160 updated successfully
Processing issue #34147: Support map property to view and ignore it on table
  Successfully closed issue #34147 as duplicate and removed label using GraphQL
  ✓ Issue #34147 updated successfully
Processing issue #34098: Value cast error in a projection 
  Found marked_as_duplicate event at 7/11/2024 3:46:42 PM +00:00
  Found canonical issue #15586 from event details
  Found canonical issue via GraphQL event details
  Found duplicate reference, linking to canonical issue
  Successfully closed issue #34098 as duplicate and removed label using GraphQL
  ✓ Issue #34098 updated successfully
Processing issue #34076: Unable to cascade delete when circular dependency is in context
  Found marked_as_duplicate event at 7/1/2024 2:11:37 PM +00:00
  Found canonical issue #1699 from event details
  Found canonical issue via GraphQL event details
  Found duplicate reference, linking to canonical issue
  Successfully closed issue #34076 as duplicate and removed label using GraphQL
  ✓ Issue #34076 updated successfully
Processing issue #34063: Primitive Collections with ValueConverters
  Successfully closed issue #34063 as duplicate and removed label using GraphQL
  ✓ Issue #34063 updated successfully
Processing issue #34030: It is not possible to set null on property null Json after SaveChanges
  Successfully closed issue #34030 as duplicate and removed label using GraphQL
  ✓ Issue #34030 updated successfully
Processing issue #34020: Aggregate of count on a nested table (one to many relationship) throws an exception 
  Found marked_as_duplicate event at 7/20/2024 1:55:08 PM +00:00
  Found canonical issue #34256 from event details
  Found canonical issue via GraphQL event details
  Found duplicate reference, linking to canonical issue
  Successfully closed issue #34020 as duplicate and removed label using GraphQL
  ✓ Issue #34020 updated successfully
Processing issue #33982: Filtered Include for Reference Property
  Found marked_as_duplicate event at 6/13/2024 11:00:06 AM +00:00
  Found canonical issue #24422 from event details
  Found canonical issue via GraphQL event details
  Found duplicate reference, linking to canonical issue
  Successfully closed issue #33982 as duplicate and removed label using GraphQL
  ✓ Issue #33982 updated successfully
Processing issue #33978: How to re-use expressions in queries?
  Found marked_as_duplicate event at 6/14/2024 9:48:23 AM +00:00
  Found canonical issue #31871 from event details
  Found canonical issue via GraphQL event details
  Found duplicate reference, linking to canonical issue
  Successfully closed issue #33978 as duplicate and removed label using GraphQL
  ✓ Issue #33978 updated successfully
Processing issue #33861: Custom Sql exceptions for constraint violations, configured through Fluent Api
  Found marked_as_duplicate event at 6/4/2024 3:59:33 PM +00:00
  Found canonical issue #4700 from event details
  Found canonical issue via GraphQL event details
  Found duplicate reference, linking to canonical issue
  Successfully closed issue #33861 as duplicate and removed label using GraphQL
  ✓ Issue #33861 updated successfully
Processing issue #33850: Don't build the whole solution when using the command line tools
  Found marked_as_duplicate event at 5/30/2024 8:20:25 AM +00:00
  Found canonical issue #9716 from event details
  Found canonical issue via GraphQL event details
  Found duplicate reference, linking to canonical issue
  Successfully closed issue #33850 as duplicate and removed label using GraphQL
  ✓ Issue #33850 updated successfully
Processing issue #33847: Performance got downgraded in context.Database.EnsureCreatedAsync() after Microsoft.Data.SqlClient upgrade from version 5.1.1 to 5.1.4(5.1.1-->5.1.4) 
  Found marked_as_duplicate event at 5/30/2024 8:23:35 AM +00:00
  Found canonical issue #33399 from event details
  Found canonical issue via GraphQL event details
  Found duplicate reference, linking to canonical issue
  Successfully closed issue #33847 as duplicate and removed label using GraphQL
  ✓ Issue #33847 updated successfully
Processing issue #33844: Mapping an aggregate user-defined function (TimescaleDB first/last)
  Successfully closed issue #33844 as duplicate and removed label using GraphQL
  ✓ Issue #33844 updated successfully
Processing issue #33834: Make a rollback argument for migrations that rollback last migration
  Found marked_as_duplicate event at 5/30/2024 2:19:08 AM +00:00
  Found canonical issue #26155 from event details
  Found canonical issue via GraphQL event details
  Found duplicate reference, linking to canonical issue
  Successfully closed issue #33834 as duplicate and removed label using GraphQL
  ✓ Issue #33834 updated successfully
Successfully processed 100 issues
Processing issues in dotnet/efcore...
Found 100 issues with 'closed-duplicate' label
Processing issue #33829: Support top level Json Arrays for JsonColumns in EF
  Successfully closed issue #33829 as duplicate and removed label using GraphQL
  ✓ Issue #33829 updated successfully
Processing issue #33827: 'Contains' on Value Types / Different Behavior of Like and ILike
  Found marked_as_duplicate event at 6/3/2024 7:29:13 AM +00:00
  Found canonical issue #10434 from event details
  Found canonical issue via GraphQL event details
  Found duplicate reference, linking to canonical issue
  Successfully closed issue #33827 as duplicate and removed label using GraphQL
  ✓ Issue #33827 updated successfully
Processing issue #33789: Blazor Hybrid Entity Framework Migration: deps.Json is not created in Android folder
  Found marked_as_duplicate event at 8/9/2024 1:41:08 AM +00:00
  Found canonical issue #27194 from event details
  Found canonical issue via GraphQL event details
  Found duplicate reference, linking to canonical issue
  Successfully closed issue #33789 as duplicate and removed label using GraphQL
  ✓ Issue #33789 updated successfully
Processing issue #33778: Add a seeding method that can be called form the cli
  Successfully closed issue #33778 as duplicate and removed label using GraphQL
  ✓ Issue #33778 updated successfully
Processing issue #33770: Enum to string conversion is not respected inside anonymous object in a set operation
  Successfully closed issue #33770 as duplicate and removed label using GraphQL
  ✓ Issue #33770 updated successfully
Processing issue #33724: Sql Bulk Operation as Part of a Migration
  Successfully closed issue #33724 as duplicate and removed label using GraphQL
  ✓ Issue #33724 updated successfully
Processing issue #33686: Get PrimaryKey value in SavingChangesAsync interceptor
  Successfully closed issue #33686 as duplicate and removed label using GraphQL
  ✓ Issue #33686 updated successfully
Processing issue #33656: nullability wrong when select is used
  Found marked_as_duplicate event at 5/2/2024 7:06:45 PM +00:00
  Found canonical issue #17783 from event details
  Found canonical issue via GraphQL event details
  Found duplicate reference, linking to canonical issue
  Successfully closed issue #33656 as duplicate and removed label using GraphQL
  ✓ Issue #33656 updated successfully
Processing issue #33651: Error in Generated Migration Script for Microsoft.EntityFrameworkCore.SqlServer 8.0.4
  Found marked_as_duplicate event at 5/1/2024 2:17:28 PM +00:00
  Found canonical issue #33337 from event details
  Found canonical issue via GraphQL event details
  Found duplicate reference, linking to canonical issue
  Successfully closed issue #33651 as duplicate and removed label using GraphQL
  ✓ Issue #33651 updated successfully
Processing issue #33645: HasConversion to a nullable Type does not seem to work
  Successfully closed issue #33645 as duplicate and removed label using GraphQL
  ✓ Issue #33645 updated successfully
Processing issue #33643: Provide option to use varchar instead of nvarchar for JSON columns
  Found marked_as_duplicate event at 4/30/2024 5:46:16 AM +00:00
  Found canonical issue #28452 from event details
  Found canonical issue via GraphQL event details
  Found duplicate reference, linking to canonical issue
  Successfully closed issue #33643 as duplicate and removed label using GraphQL
  ✓ Issue #33643 updated successfully
Processing issue #33641: too many migrations files give compilation error and even BSOD
  Found marked_as_duplicate event at 4/30/2024 5:37:29 AM +00:00
  Found canonical issue #2174 from event details
  Found canonical issue via GraphQL event details
  Found duplicate reference, linking to canonical issue
  Successfully closed issue #33641 as duplicate and removed label using GraphQL
  ✓ Issue #33641 updated successfully
Processing issue #33638: How do I debug why a performance issue occurs when it doesn't if I use the EF given query?
  Found marked_as_duplicate event at 4/30/2024 1:53:04 PM +00:00
  Found canonical issue #33644 from event details
  Found canonical issue via GraphQL event details
  Found duplicate reference, linking to canonical issue
  Successfully closed issue #33638 as duplicate and removed label using GraphQL
  ✓ Issue #33638 updated successfully
Processing issue #33627: ChangeDetector considers a JoinEntity as deleted even if you add that back
  Successfully closed issue #33627 as duplicate and removed label using GraphQL
  ✓ Issue #33627 updated successfully
Processing issue #33610: Entity cannot be tracked because another instance with the same key value  is already being tracked for optional relationships are not automatically deleted
  Successfully closed issue #33610 as duplicate and removed label using GraphQL
  ✓ Issue #33610 updated successfully
Processing issue #33604: Migrations: Inconsistency between migration and Script-DbContext when adding a required string property.
  Successfully closed issue #33604 as duplicate and removed label using GraphQL
  ✓ Issue #33604 updated successfully
Processing issue #33592: Complex types throw for SQL Server views
  Successfully closed issue #33592 as duplicate and removed label using GraphQL
  ✓ Issue #33592 updated successfully
Processing issue #33585: Collection of primitives to JSON column --> Navigation
  Found marked_as_duplicate event at 4/26/2024 7:37:32 PM +00:00
  Found canonical issue #30551 from event details
  Found canonical issue via GraphQL event details
  Found duplicate reference, linking to canonical issue
  Successfully closed issue #33585 as duplicate and removed label using GraphQL
  ✓ Issue #33585 updated successfully
Processing issue #33564: Using collection.Contains on nvarchar column with max length could result in partial matches
  Successfully closed issue #33564 as duplicate and removed label using GraphQL
  ✓ Issue #33564 updated successfully
Processing issue #33518: Projecting an Entity with Nested JSON Collections Causes a `NullReferenceException`
  Successfully closed issue #33518 as duplicate and removed label using GraphQL
  ✓ Issue #33518 updated successfully
Processing issue #33495: Compiled models - execution of Initialize is slow
  Successfully closed issue #33495 as duplicate and removed label using GraphQL
  ✓ Issue #33495 updated successfully
Processing issue #33489: SaveChangesAsync_accepts_changes_with_ConfigureAwait_true failed in C.I.
  Found marked_as_duplicate event at 9/24/2024 12:44:07 AM +00:00
  Found canonical issue #34727 from event details
  Found canonical issue via GraphQL event details
  Found duplicate reference, linking to canonical issue
  Successfully closed issue #33489 as duplicate and removed label using GraphQL
  ✓ Issue #33489 updated successfully
Processing issue #33486: Invalid SQL generated in Table-per-hierarchy with discriminator configuration
  Successfully closed issue #33486 as duplicate and removed label using GraphQL
  ✓ Issue #33486 updated successfully
Processing issue #33474: How to live with query filters added to root elements of inheritance hierarchy only?
  Found marked_as_duplicate event at 4/4/2024 3:28:48 PM +00:00
  Found canonical issue #26216 from event details
  Found canonical issue via GraphQL event details
  Found duplicate reference, linking to canonical issue
  Successfully closed issue #33474 as duplicate and removed label using GraphQL
  ✓ Issue #33474 updated successfully
Processing issue #33459: Cache the full list some properties are populated from in the complex properties of an object
  Successfully closed issue #33459 as duplicate and removed label using GraphQL
  ✓ Issue #33459 updated successfully
Processing issue #33458: GetColumnName doesn't always return the expected column name when dealing with TPH inheritance
  Successfully closed issue #33458 as duplicate and removed label using GraphQL
  ✓ Issue #33458 updated successfully
Processing issue #33432: Add ability to configure multiple query filters on a given DbSet and disable them individually/specifically.
  Found marked_as_duplicate event at 3/30/2024 4:17:35 PM +00:00
  Found canonical issue #10275 from event details
  Found canonical issue via GraphQL event details
  Found duplicate reference, linking to canonical issue
  Successfully closed issue #33432 as duplicate and removed label using GraphQL
  ✓ Issue #33432 updated successfully
Processing issue #33414: How can I perform a join operation between an in-memory list and a SQL database table using EFCore
  Found marked_as_duplicate event at 3/27/2024 3:01:03 PM +00:00
  Found canonical issue #31237 from event details
  Found canonical issue via GraphQL event details
  Found duplicate reference, linking to canonical issue
  Successfully closed issue #33414 as duplicate and removed label using GraphQL
  ✓ Issue #33414 updated successfully
Processing issue #33410: Concatenation in projection throws "System.InvalidOperationException: Unable to translate a collection subquery in a projection"
  Successfully closed issue #33410 as duplicate and removed label using GraphQL
  ✓ Issue #33410 updated successfully
Processing issue #33408: EntityTypeBuilder.ToFunction vs ModelBuilder.HasDbFunction inconsistencies in inheritance mapping?
  Found marked_as_duplicate event at 4/26/2024 8:42:31 PM +00:00
  Found canonical issue #19970 from event details
  Found canonical issue via GraphQL event details
  Found duplicate reference, linking to canonical issue
  Successfully closed issue #33408 as duplicate and removed label using GraphQL
  ✓ Issue #33408 updated successfully
Processing issue #33406: OutOfMemoryException when scaffolding from database since upgrade to EF Core 8
  Found marked_as_duplicate event at 3/26/2024 11:51:08 AM +00:00
  Found canonical issue #33176 from event details
  Found canonical issue via GraphQL event details
  Found duplicate reference, linking to canonical issue
  Successfully closed issue #33406 as duplicate and removed label using GraphQL
  ✓ Issue #33406 updated successfully
Processing issue #33394: Mixing inheritance strategies
  Found marked_as_duplicate event at 3/25/2024 3:46:10 PM +00:00
  Found canonical issue #27707 from event details
  Found canonical issue via GraphQL event details
  Found duplicate reference, linking to canonical issue
  Successfully closed issue #33394 as duplicate and removed label using GraphQL
  ✓ Issue #33394 updated successfully
Processing issue #33392: Update a null value on JSON column not working
  Found marked_as_duplicate event at 3/26/2024 10:00:56 AM +00:00
  Found canonical issue #4669 from event details
  Found canonical issue via GraphQL event details
  Found duplicate reference, linking to canonical issue
  Successfully closed issue #33392 as duplicate and removed label using GraphQL
  ✓ Issue #33392 updated successfully
Processing issue #33360: Explicitly selecting properties from JSON OwnedCollection crashes on OrderBy 
  Successfully closed issue #33360 as duplicate and removed label using GraphQL
  ✓ Issue #33360 updated successfully
Processing issue #33354: DbContext from pool contains many InternalEntityEntry instances after clearing change tracker
  Successfully closed issue #33354 as duplicate and removed label using GraphQL
  ✓ Issue #33354 updated successfully
Processing issue #33341: Column that follows a JSON Path
  Successfully closed issue #33341 as duplicate and removed label using GraphQL
  ✓ Issue #33341 updated successfully
Processing issue #33329: Feature request: `ExecuteAssert`
  Found marked_as_duplicate event at 3/15/2024 9:02:04 PM +00:00
  Found canonical issue #10879 from event details
  Found canonical issue via GraphQL event details
  Found duplicate reference, linking to canonical issue
  Successfully closed issue #33329 as duplicate and removed label using GraphQL
  ✓ Issue #33329 updated successfully
Processing issue #33290: ExecuteUpdate fails when assigning a bool based on Any()
  Found marked_as_duplicate event at 3/12/2024 8:06:45 AM +00:00
  Found canonical issue #32493 from event details
  Found canonical issue via GraphQL event details
  Found duplicate reference, linking to canonical issue
  Successfully closed issue #33290 as duplicate and removed label using GraphQL
  ✓ Issue #33290 updated successfully
Processing issue #33274: Model creation performance regresssion from 8.0.1 to 8.0.2
  Found marked_as_duplicate event at 3/15/2024 11:25:36 PM +00:00
  Found canonical issue #33176 from event details
  Found canonical issue via GraphQL event details
  Found duplicate reference, linking to canonical issue
  Successfully closed issue #33274 as duplicate and removed label using GraphQL
  ✓ Issue #33274 updated successfully
Processing issue #33266: EFCore 8.0.2 model building comsumes GB of memory and stalls
  Found marked_as_duplicate event at 3/8/2024 12:48:43 AM +00:00
  Found canonical issue #33176 from event details
  Found canonical issue via GraphQL event details
  Found duplicate reference, linking to canonical issue
  Successfully closed issue #33266 as duplicate and removed label using GraphQL
  ✓ Issue #33266 updated successfully
Processing issue #33256: EF Core   ExecuteUpdateAsync   Can receive   Expression<Func<T, T>> UpdateColumsExpression ?
  Found marked_as_duplicate event at 3/6/2024 10:34:10 AM +00:00
  Found canonical issue #32018 from event details
  Found canonical issue via GraphQL event details
  Found duplicate reference, linking to canonical issue
  Successfully closed issue #33256 as duplicate and removed label using GraphQL
  ✓ Issue #33256 updated successfully
Processing issue #33222: Refer to Enable Detailed Errors in Exception Messages
  Found marked_as_duplicate event at 3/3/2024 11:29:28 AM +00:00
  Found canonical issue #30397 from event details
  Found canonical issue via GraphQL event details
  Found duplicate reference, linking to canonical issue
  Successfully closed issue #33222 as duplicate and removed label using GraphQL
  ✓ Issue #33222 updated successfully
Processing issue #33214: LINQ query is failing in VB.NET same query works with same EF in C#
  Found marked_as_duplicate event at 3/1/2024 8:33:12 AM +00:00
  Found canonical issue #31878 from event details
  Found canonical issue via GraphQL event details
  Found duplicate reference, linking to canonical issue
  Successfully closed issue #33214 as duplicate and removed label using GraphQL
  ✓ Issue #33214 updated successfully
Processing issue #33208: How does translation of comparison operators work for converted values?
  Found marked_as_duplicate event at 3/1/2024 8:39:40 AM +00:00
  Found canonical issue #10434 from event details
  Found canonical issue via GraphQL event details
  Found duplicate reference, linking to canonical issue
  Successfully closed issue #33208 as duplicate and removed label using GraphQL
  ✓ Issue #33208 updated successfully
Processing issue #33203: The specified deps.json [D:\MyProject\MAUI\QA\QA.Client\bin\Debug\net8.0-maccatalyst\maccatalyst-x64\QA.Client.deps.json] does not exist
  Found marked_as_duplicate event at 8/9/2024 1:43:34 AM +00:00
  Found canonical issue #16386 from event details
  Found canonical issue via GraphQL event details
  Found duplicate reference, linking to canonical issue
  Successfully closed issue #33203 as duplicate and removed label using GraphQL
  ✓ Issue #33203 updated successfully
Processing issue #33190: Increment DateTimeOffset with value converter
  Found marked_as_duplicate event at 3/4/2024 8:12:55 AM +00:00
  Found canonical issue #10434 from event details
  Found canonical issue via GraphQL event details
  Found duplicate reference, linking to canonical issue
  Successfully closed issue #33190 as duplicate and removed label using GraphQL
  ✓ Issue #33190 updated successfully
Processing issue #33188: Migration keeps trying to add/delete a discriminator even though i specified e.HasBaseType((Type)null)
  Successfully closed issue #33188 as duplicate and removed label using GraphQL
  ✓ Issue #33188 updated successfully
Processing issue #33172: Unable to retrieve entities from InMemoryDatabase when entity type has a generic complex type property
  Successfully closed issue #33172 as duplicate and removed label using GraphQL
  ✓ Issue #33172 updated successfully
Processing issue #33167: Allow creation of an update/delete DbCommand from an EF IQueryable
  Found marked_as_duplicate event at 2/27/2024 10:49:47 PM +00:00
  Found canonical issue #33181 from event details
  Found canonical issue via GraphQL event details
  Found duplicate reference, linking to canonical issue
  Successfully closed issue #33167 as duplicate and removed label using GraphQL
  ✓ Issue #33167 updated successfully
Processing issue #33161: A query with complex properties returns data from a wrong table
  Successfully closed issue #33161 as duplicate and removed label using GraphQL
  ✓ Issue #33161 updated successfully
Processing issue #33154: Circular dependency detected for table with no foreign keys
  Successfully closed issue #33154 as duplicate and removed label using GraphQL
  ✓ Issue #33154 updated successfully
Processing issue #33143: Batch execution of multiple ExecuteUpdate / ExecuteDelete / ExecuteSql
  Found marked_as_duplicate event at 2/22/2024 11:04:25 PM +00:00
  Found canonical issue #10879 from event details
  Found canonical issue via GraphQL event details
  Found duplicate reference, linking to canonical issue
  Successfully closed issue #33143 as duplicate and removed label using GraphQL
  ✓ Issue #33143 updated successfully
Processing issue #33137: Long Compilation Time and Large Designer Files in EF Core 7 Project
  Found marked_as_duplicate event at 2/22/2024 8:45:40 AM +00:00
  Found canonical issue #2174 from event details
  Found canonical issue via GraphQL event details
  Found duplicate reference, linking to canonical issue
  Successfully closed issue #33137 as duplicate and removed label using GraphQL
  ✓ Issue #33137 updated successfully
Processing issue #33131: Adjust DB context generation from DB
  Successfully closed issue #33131 as duplicate and removed label using GraphQL
  ✓ Issue #33131 updated successfully
Processing issue #33124: Multiple Result Sets for SplitQuery
  Successfully closed issue #33124 as duplicate and removed label using GraphQL
  ✓ Issue #33124 updated successfully
Processing issue #33121: ExecuteDelete fails on entity configured to use table splitting
  Found marked_as_duplicate event at 2/26/2024 8:46:36 PM +00:00
  Found canonical issue #28521 from event details
  Found canonical issue via GraphQL event details
  Found duplicate reference, linking to canonical issue
  Successfully closed issue #33121 as duplicate and removed label using GraphQL
  ✓ Issue #33121 updated successfully
Processing issue #33118: Consolidate Migrations
  Successfully closed issue #33118 as duplicate and removed label using GraphQL
  ✓ Issue #33118 updated successfully
Processing issue #33109: Conversion overflow exception on insert or update a decimal value with DECIMAL(38,10)
  Found marked_as_duplicate event at 2/21/2024 1:28:16 PM +00:00
  Found canonical issue #28240 from event details
  Found canonical issue via GraphQL event details
  Found duplicate reference, linking to canonical issue
  Successfully closed issue #33109 as duplicate and removed label using GraphQL
  ✓ Issue #33109 updated successfully
Processing issue #33104: Entityframeworkcore 8 is not backward compatible with Entityframeworkcore 5.0.17, getting compile time error 
  Found marked_as_duplicate event at 2/19/2024 2:11:05 PM +00:00
  Found canonical issue #30096 from event details
  Found canonical issue via GraphQL event details
  Found duplicate reference, linking to canonical issue
  Successfully closed issue #33104 as duplicate and removed label using GraphQL
  ✓ Issue #33104 updated successfully
Processing issue #33102: Q: HasConversion Overloads and confusing behavior
  Successfully closed issue #33102 as duplicate and removed label using GraphQL
  ✓ Issue #33102 updated successfully
Processing issue #33097: Query: review (JSON) materializer code for queries with NoTrackingWithIdentityResolution
  Successfully closed issue #33097 as duplicate and removed label using GraphQL
  ✓ Issue #33097 updated successfully
Processing issue #33095: Trouble Mocking EntityEntry
  Successfully closed issue #33095 as duplicate and removed label using GraphQL
  ✓ Issue #33095 updated successfully
Processing issue #33092: dotnet ef tools 8.0.2 not compatible with .Net SDK 8.0.101?
  Found marked_as_duplicate event at 2/14/2024 9:14:21 AM +00:00
  Found canonical issue #32782 from event details
  Found canonical issue via GraphQL event details
  Found duplicate reference, linking to canonical issue
  Successfully closed issue #33092 as duplicate and removed label using GraphQL
  ✓ Issue #33092 updated successfully
Processing issue #33087: Tracking changes in json column in EF Core 8 and postgres
  Successfully closed issue #33087 as duplicate and removed label using GraphQL
  ✓ Issue #33087 updated successfully
Processing issue #33074: JSON materialization code is not resilient to empty string
  Successfully closed issue #33074 as duplicate and removed label using GraphQL
  ✓ Issue #33074 updated successfully
Processing issue #33069: Polymorph entity (TPH) with select-mapping and FirstOrDefault -  could not be translated
  Successfully closed issue #33069 as duplicate and removed label using GraphQL
  ✓ Issue #33069 updated successfully
Processing issue #33067: Unecessary SELECT Inside LEFT Join
  Found marked_as_duplicate event at 2/12/2024 9:32:49 AM +00:00
  Found canonical issue #28077 from event details
  Found canonical issue via GraphQL event details
  Found duplicate reference, linking to canonical issue
  Successfully closed issue #33067 as duplicate and removed label using GraphQL
  ✓ Issue #33067 updated successfully
Processing issue #33040: EF Core 8.0.1 regression: an entity with a primary key in another collation returns invalid results for trivial queries.
  Successfully closed issue #33040 as duplicate and removed label using GraphQL
  ✓ Issue #33040 updated successfully
Processing issue #33036: Performance implications of Projections which result in unnecessary casts 
  Successfully closed issue #33036 as duplicate and removed label using GraphQL
  ✓ Issue #33036 updated successfully
Processing issue #33026: I found an issue related to parentheses within a query in entity framework core.
  Successfully closed issue #33026 as duplicate and removed label using GraphQL
  ✓ Issue #33026 updated successfully
Processing issue #33003: Expose StateManager.TryGetEntry in DbContext.ChangeTracker
  Found marked_as_duplicate event at 2/5/2024 9:23:34 AM +00:00
  Found canonical issue #29685 from event details
  Found canonical issue via GraphQL event details
  Found duplicate reference, linking to canonical issue
  Successfully closed issue #33003 as duplicate and removed label using GraphQL
  ✓ Issue #33003 updated successfully
Processing issue #33001: An issue with query filtering and aggregation, after upgrading from 6.0.0 to 6.0.16
  Successfully closed issue #33001 as duplicate and removed label using GraphQL
  ✓ Issue #33001 updated successfully
Processing issue #32995: Please provide an extension method for EF Core and Linq2DB to have clear join tables such as Inner Join, Left Join, and Right Join. 
  Found marked_as_duplicate event at 2/2/2024 5:27:16 PM +00:00
  Found canonical issue #32994 from event details
  Found canonical issue via GraphQL event details
  Found duplicate reference, linking to canonical issue
  Successfully closed issue #32995 as duplicate and removed label using GraphQL
  ✓ Issue #32995 updated successfully
Processing issue #32994:  Please provide an extension method for EF and Linq2DB to have clear join tables such as Inner Join, Left Join, and Right Join.
  Found marked_as_duplicate event at 6/16/2025 8:52:16 AM +00:00
  Found canonical issue #32995 from event details
  Found canonical issue via GraphQL event details
  Found duplicate reference, linking to canonical issue
  Successfully closed issue #32994 as duplicate and removed label using GraphQL
  ✓ Issue #32994 updated successfully
Processing issue #32983: Migration class name can clash with column data types
  Found marked_as_duplicate event at 2/1/2024 11:33:00 AM +00:00
  Found canonical issue #26954 from event details
  Found canonical issue via GraphQL event details
  Found duplicate reference, linking to canonical issue
  Successfully closed issue #32983 as duplicate and removed label using GraphQL
  ✓ Issue #32983 updated successfully
Processing issue #32965: LINQ Contains with concatenated columns generates OPENJSON with incorrect varchar length
  Found marked_as_duplicate event at 1/31/2024 11:15:53 AM +00:00
  Found canonical issue #32333 from event details
  Found canonical issue via GraphQL event details
  Found duplicate reference, linking to canonical issue
  Successfully closed issue #32965 as duplicate and removed label using GraphQL
  ✓ Issue #32965 updated successfully
Processing issue #32936: Unable to create a 'DbContext' of type ''. The exception 'Unable to resolve service for type 'Microsoft.EntityFrameworkCore.DbContextOptions`1[Project3.Data.TestContext]' while attempting to activate 'Project3.Data.TestContext'.' was thrown while attempting to create an instance. For the different patterns supported at design time
  Successfully closed issue #32936 as duplicate and removed label using GraphQL
  ✓ Issue #32936 updated successfully
Processing issue #32913: How to Increase the Size of VARCHAR results of OPENJSON in EF Core 8 Contains Query
  Found marked_as_duplicate event at 1/24/2024 9:47:48 PM +00:00
  Found canonical issue #32735 from event details
  Found canonical issue via GraphQL event details
  Found duplicate reference, linking to canonical issue
  Successfully closed issue #32913 as duplicate and removed label using GraphQL
  ✓ Issue #32913 updated successfully
Processing issue #32889: Is it ment to be that .Contains right now ignore string lenthg in linq ? 
  Found marked_as_duplicate event at 1/22/2024 10:39:23 PM +00:00
  Found canonical issue #32735 from event details
  Found canonical issue via GraphQL event details
  Found duplicate reference, linking to canonical issue
  Successfully closed issue #32889 as duplicate and removed label using GraphQL
  ✓ Issue #32889 updated successfully
Processing issue #32882: Cannot delete the db file after calling DbContext.Database methods - EF Core 7.0.11
  Found marked_as_duplicate event at 1/22/2024 3:52:33 PM +00:00
  Found canonical issue #26580 from event details
  Found canonical issue via GraphQL event details
  Found duplicate reference, linking to canonical issue
  Successfully closed issue #32882 as duplicate and removed label using GraphQL
  ✓ Issue #32882 updated successfully
Processing issue #32875: FromSqlRaw For InMemory Db working in dotnet 6 but breaking in dotnet 8
  Successfully closed issue #32875 as duplicate and removed label using GraphQL
  ✓ Issue #32875 updated successfully
Processing issue #32874: IOrderedQueryable projection to record throw exception
  Successfully closed issue #32874 as duplicate and removed label using GraphQL
  ✓ Issue #32874 updated successfully
Processing issue #32864: Primary key datatype change does not consider dropping primary key constraint in generated script
  Successfully closed issue #32864 as duplicate and removed label using GraphQL
  ✓ Issue #32864 updated successfully
Processing issue #32863: [Microsoft.Data.Sqlite] iOS apps are terminated every time they enter the background if they share an encrypted database with an app extension
  Found marked_as_duplicate event at 1/31/2024 1:58:03 PM +00:00
  Found canonical issue #29186 from event details
  Found canonical issue via GraphQL event details
  Found duplicate reference, linking to canonical issue
  Successfully closed issue #32863 as duplicate and removed label using GraphQL
  ✓ Issue #32863 updated successfully
Processing issue #32855: Change detection ignores casing when applying an Index
  Found marked_as_duplicate event at 1/25/2024 10:03:31 AM +00:00
  Found canonical issue #32898 from event details
  Found canonical issue via GraphQL event details
  Found duplicate reference, linking to canonical issue
  Successfully closed issue #32855 as duplicate and removed label using GraphQL
  ✓ Issue #32855 updated successfully
Processing issue #32852: In what scenarios will the new .Contains functionality using OPENJSON change the data being returned by a query?
  Successfully closed issue #32852 as duplicate and removed label using GraphQL
  ✓ Issue #32852 updated successfully
Processing issue #32847: EF Core 8 - please add HasOne to ComplexPropertyBuilder<T>
  Successfully closed issue #32847 as duplicate and removed label using GraphQL
  ✓ Issue #32847 updated successfully
Processing issue #32846: EF Core 8 - InvalidOperationException when updating ComplexProperty using ExecuteUpdateAsync
  Found marked_as_duplicate event at 1/16/2024 7:02:55 PM +00:00
  Found canonical issue #32058 from event details
  Found canonical issue via GraphQL event details
  Found duplicate reference, linking to canonical issue
  Successfully closed issue #32846 as duplicate and removed label using GraphQL
  ✓ Issue #32846 updated successfully
Processing issue #32806: Issue with IMaterializationInterceptor Using Complex Types
  Successfully closed issue #32806 as duplicate and removed label using GraphQL
  ✓ Issue #32806 updated successfully
Processing issue #32798: Contains in LINQ queries - invalid escape character
  Successfully closed issue #32798 as duplicate and removed label using GraphQL
  ✓ Issue #32798 updated successfully
Processing issue #32796: ThenInclude with Select unexpected behavior
  Successfully closed issue #32796 as duplicate and removed label using GraphQL
  ✓ Issue #32796 updated successfully
Processing issue #32779: Compiled Models in EF8 generates different SQL
  Found marked_as_duplicate event at 1/15/2024 9:16:57 AM +00:00
  Found canonical issue #32771 from event details
  Found canonical issue via GraphQL event details
  Found duplicate reference, linking to canonical issue
  Successfully closed issue #32779 as duplicate and removed label using GraphQL
  ✓ Issue #32779 updated successfully
Processing issue #32749: AsSplitQuery not working with sort string.Join
  Found marked_as_duplicate event at 1/23/2024 12:02:55 PM +00:00
  Found canonical issue #29200 from event details
  Found canonical issue via GraphQL event details
  Found duplicate reference, linking to canonical issue
  Successfully closed issue #32749 as duplicate and removed label using GraphQL
  ✓ Issue #32749 updated successfully
Processing issue #32745: Order matters when configuring derived types with HashSet<int> in base type
  Successfully closed issue #32745 as duplicate and removed label using GraphQL
  ✓ Issue #32745 updated successfully
Processing issue #32744: Short cut for Script-Migration the last migration
  Found marked_as_duplicate event at 1/9/2024 4:27:53 PM +00:00
  Found canonical issue #26155 from event details
  Found canonical issue via GraphQL event details
  Found duplicate reference, linking to canonical issue
  Successfully closed issue #32744 as duplicate and removed label using GraphQL
  ✓ Issue #32744 updated successfully
Processing issue #32733: Class name conflict when generating compiled model
  Found marked_as_duplicate event at 1/9/2024 4:54:15 PM +00:00
  Found canonical issue #27203 from event details
  Found canonical issue via GraphQL event details
  Found duplicate reference, linking to canonical issue
  Successfully closed issue #32733 as duplicate and removed label using GraphQL
  ✓ Issue #32733 updated successfully
Processing issue #32718: Mapping nullable DB conlumns to non-nullable Entity properties
  Found marked_as_duplicate event at 1/4/2024 10:52:07 AM +00:00
  Found canonical issue #24685 from event details
  Found canonical issue via GraphQL event details
  Found duplicate reference, linking to canonical issue
  Successfully closed issue #32718 as duplicate and removed label using GraphQL
  ✓ Issue #32718 updated successfully
Processing issue #32705: Renaming TemporalTable PeriodStart/PeriodEnd maps to incorrect value
  Successfully closed issue #32705 as duplicate and removed label using GraphQL
  ✓ Issue #32705 updated successfully
Processing issue #32691: .Contains(.First) Query Throws InvalidOperationException in EF Core 8
  Found marked_as_duplicate event at 12/31/2023 1:32:50 PM +00:00
  Found canonical issue #32217 from event details
  Found canonical issue via GraphQL event details
  Found duplicate reference, linking to canonical issue
  Successfully closed issue #32691 as duplicate and removed label using GraphQL
  ✓ Issue #32691 updated successfully
Processing issue #32681: Issue with circular navigation properties when using SqlServer
  Successfully closed issue #32681 as duplicate and removed label using GraphQL
  ✓ Issue #32681 updated successfully
Successfully processed 100 issues
Processing issues in dotnet/efcore...
Found 100 issues with 'closed-duplicate' label
Processing issue #32671: Linq to sql:The timeout occurred because the timestamp function was used when querying a time field, which caused the timeout
  Found marked_as_duplicate event at 12/26/2023 7:43:49 PM +00:00
  Found canonical issue #32667 from event details
  Found canonical issue via GraphQL event details
  Found duplicate reference, linking to canonical issue
  Successfully closed issue #32671 as duplicate and removed label using GraphQL
  ✓ Issue #32671 updated successfully
Processing issue #32663: Contains query on nested projected type cannot be translated
  Successfully closed issue #32663 as duplicate and removed label using GraphQL
  ✓ Issue #32663 updated successfully
Processing issue #32661: How do I filter by several columns simultaneously without creating a temporary table?
  Found marked_as_duplicate event at 12/23/2023 10:08:56 AM +00:00
  Found canonical issue #11799 from event details
  Found canonical issue via GraphQL event details
  Found duplicate reference, linking to canonical issue
  Successfully closed issue #32661 as duplicate and removed label using GraphQL
  ✓ Issue #32661 updated successfully
Processing issue #32656: Investigate benefits of using UnsafeAccessorAttribute in EF Core
  Found marked_as_duplicate event at 12/21/2023 9:56:50 PM +00:00
  Found canonical issue #25009 from event details
  Found canonical issue via GraphQL event details
  Found duplicate reference, linking to canonical issue
  Successfully closed issue #32656 as duplicate and removed label using GraphQL
  ✓ Issue #32656 updated successfully
Processing issue #32642: How to manage adding/removal of properties to a class mapped to Json column?
  Found marked_as_duplicate event at 1/3/2024 2:25:43 PM +00:00
  Found canonical issue #32301 from event details
  Found canonical issue via GraphQL event details
  Found duplicate reference, linking to canonical issue
  Successfully closed issue #32642 as duplicate and removed label using GraphQL
  ✓ Issue #32642 updated successfully
Processing issue #32638: Updating an indexed field is case-insensitive
  Successfully closed issue #32638 as duplicate and removed label using GraphQL
  ✓ Issue #32638 updated successfully
Processing issue #32621: InvalidOperationException with JSON columns and owned entities on update
  Found marked_as_duplicate event at 1/22/2024 12:20:44 PM +00:00
  Found canonical issue #28594 from event details
  Found canonical issue via GraphQL event details
  Found duplicate reference, linking to canonical issue
  Successfully closed issue #32621 as duplicate and removed label using GraphQL
  ✓ Issue #32621 updated successfully
Processing issue #32596: How to remove children when DeleteBehaviour is set to NoAction?
  Successfully closed issue #32596 as duplicate and removed label using GraphQL
  ✓ Issue #32596 updated successfully
Processing issue #32591: Compiled model - problem with large models
  Found marked_as_duplicate event at 12/11/2023 6:41:26 PM +00:00
  Found canonical issue #31370 from event details
  Found canonical issue via GraphQL event details
  Found duplicate reference, linking to canonical issue
  Successfully closed issue #32591 as duplicate and removed label using GraphQL
  ✓ Issue #32591 updated successfully
Processing issue #32588: After update to .net 8: Error System.InvalidOperationException : The property 'Id' is part of a key and so cannot be modified or marked as modified. To change the principal of an existing entity with an identifying foreign key, first delete the dependent and invoke 'SaveChanges', and then associate the dependent with the new principal.
  Found marked_as_duplicate event at 12/11/2023 3:08:45 PM +00:00
  Found canonical issue #32383 from event details
  Found canonical issue via GraphQL event details
  Found duplicate reference, linking to canonical issue
  Successfully closed issue #32588 as duplicate and removed label using GraphQL
  ✓ Issue #32588 updated successfully
Processing issue #32578: How to create a composite index with complex property ?
  Successfully closed issue #32578 as duplicate and removed label using GraphQL
  ✓ Issue #32578 updated successfully
Processing issue #32550: ComplexProperty & ValueGenerator
  Found marked_as_duplicate event at 12/8/2023 9:24:46 AM +00:00
  Found canonical issue #31633 from event details
  Found canonical issue via GraphQL event details
  Found duplicate reference, linking to canonical issue
  Successfully closed issue #32550 as duplicate and removed label using GraphQL
  ✓ Issue #32550 updated successfully
Processing issue #32549: MigrationBuilder.Sql truncating sql string...
  Found marked_as_duplicate event at 12/7/2023 8:50:18 PM +00:00
  Found canonical issue #32457 from event details
  Found canonical issue via GraphQL event details
  Found duplicate reference, linking to canonical issue
  Successfully closed issue #32549 as duplicate and removed label using GraphQL
  ✓ Issue #32549 updated successfully
Processing issue #32534: Porting EF to EF Core handling migrations
  Successfully closed issue #32534 as duplicate and removed label using GraphQL
  ✓ Issue #32534 updated successfully
Processing issue #32529: EFCore Contains convert openjson with type is error
  Found marked_as_duplicate event at 12/6/2023 12:45:50 PM +00:00
  Found canonical issue #32325 from event details
  Found canonical issue via GraphQL event details
  Found duplicate reference, linking to canonical issue
  Successfully closed issue #32529 as duplicate and removed label using GraphQL
  ✓ Issue #32529 updated successfully
Processing issue #32521: Column mapping is changed, if table splitting is introduced.
  Successfully closed issue #32521 as duplicate and removed label using GraphQL
  ✓ Issue #32521 updated successfully
Processing issue #32514: How do I create an optional 1:1 relationship in EF Core where neither side is dependent on the other?
  Found marked_as_duplicate event at 12/5/2023 3:01:51 PM +00:00
  Found canonical issue #13146 from event details
  Found canonical issue via GraphQL event details
  Found duplicate reference, linking to canonical issue
  Successfully closed issue #32514 as duplicate and removed label using GraphQL
  ✓ Issue #32514 updated successfully
Processing issue #32503: Support for mapping single property to multiple database columns
  Found marked_as_duplicate event at 12/4/2023 7:31:47 AM +00:00
  Found canonical issue #31234 from event details
  Found canonical issue via GraphQL event details
  Found duplicate reference, linking to canonical issue
  Successfully closed issue #32503 as duplicate and removed label using GraphQL
  ✓ Issue #32503 updated successfully
Processing issue #32490: Lazy Load Proxies No Longer Thread Safe in EF8
  Found marked_as_duplicate event at 12/5/2023 1:51:59 PM +00:00
  Found canonical issue #32390 from event details
  Found canonical issue via GraphQL event details
  Found duplicate reference, linking to canonical issue
  Successfully closed issue #32490 as duplicate and removed label using GraphQL
  ✓ Issue #32490 updated successfully
Processing issue #32486: EnableSensitiveDataLogging and using record type as ComplexProperty issue
  Found marked_as_duplicate event at 12/1/2023 5:11:17 PM +00:00
  Found canonical issue #32198 from event details
  Found canonical issue via GraphQL event details
  Found duplicate reference, linking to canonical issue
  Successfully closed issue #32486 as duplicate and removed label using GraphQL
  ✓ Issue #32486 updated successfully
Processing issue #32477: Error with Primitive Collection and Outer/Cross Apply it
  Found marked_as_duplicate event at 1/5/2024 6:52:39 AM +00:00
  Found canonical issue #32505 from event details
  Found canonical issue via GraphQL event details
  Found duplicate reference, linking to canonical issue
  Successfully closed issue #32477 as duplicate and removed label using GraphQL
  ✓ Issue #32477 updated successfully
Processing issue #32471: translate `Nullable<T>.GetValueOrDefault()` with `IsNull()` 
  Found marked_as_duplicate event at 12/4/2023 7:37:38 AM +00:00
  Found canonical issue #22243 from event details
  Found canonical issue via GraphQL event details
  Found duplicate reference, linking to canonical issue
  Successfully closed issue #32471 as duplicate and removed label using GraphQL
  ✓ Issue #32471 updated successfully
Processing issue #32468: Contains to OPENJSON translation generates invalid SQL: Sintax error near '$'
  Successfully closed issue #32468 as duplicate and removed label using GraphQL
  ✓ Issue #32468 updated successfully
Processing issue #32455: Alias validation code throws false positive for subquery referenced multiple times in the tree
  Found marked_as_duplicate event at 11/29/2023 4:20:50 PM +00:00
  Found canonical issue #26104 from event details
  Found canonical issue via GraphQL event details
  Found duplicate reference, linking to canonical issue
  Successfully closed issue #32455 as duplicate and removed label using GraphQL
  ✓ Issue #32455 updated successfully
Processing issue #32442: Exception thrown when using IEnumberable<T>.First() inside of IEnumberable<T>.Contains() and IQueryable<T>.Where()
  Found marked_as_duplicate event at 11/28/2023 7:57:27 PM +00:00
  Found canonical issue #32217 from event details
  Found canonical issue via GraphQL event details
  Found duplicate reference, linking to canonical issue
  Successfully closed issue #32442 as duplicate and removed label using GraphQL
  ✓ Issue #32442 updated successfully
Processing issue #32436: After upgrading to .NET 8, OrderBy(x => x.StringProperty.StartsWith(query)) in a LINQ to SQL tree deletes results that do not StartWith(query).
  Found marked_as_duplicate event at 11/28/2023 7:50:28 PM +00:00
  Found canonical issue #32432 from event details
  Found canonical issue via GraphQL event details
  Found duplicate reference, linking to canonical issue
  Successfully closed issue #32436 as duplicate and removed label using GraphQL
  ✓ Issue #32436 updated successfully
Processing issue #32423: Query with Contains and FirstOrDefault that worked in EF7 no longer works in EF8
  Found marked_as_duplicate event at 11/28/2023 1:07:54 AM +00:00
  Found canonical issue #32217 from event details
  Found canonical issue via GraphQL event details
  Found duplicate reference, linking to canonical issue
  Successfully closed issue #32423 as duplicate and removed label using GraphQL
  ✓ Issue #32423 updated successfully
Processing issue #32419: Redundant JOIN in simple Where for one-to-many association
  Found marked_as_duplicate event at 11/27/2023 4:03:00 PM +00:00
  Found canonical issue #28077 from event details
  Found canonical issue via GraphQL event details
  Found duplicate reference, linking to canonical issue
  Successfully closed issue #32419 as duplicate and removed label using GraphQL
  ✓ Issue #32419 updated successfully
Processing issue #32408: Neither SaveChanges nor EntityEntry.ReloadAsync include navigation properties with AutoInclude.
  Found marked_as_duplicate event at 11/27/2023 12:11:37 PM +00:00
  Found canonical issue #13890 from event details
  Found canonical issue via GraphQL event details
  Found duplicate reference, linking to canonical issue
  Successfully closed issue #32408 as duplicate and removed label using GraphQL
  ✓ Issue #32408 updated successfully
Processing issue #32407: Join on OpenJson primitive collections
  Found marked_as_duplicate event at 11/26/2023 9:45:49 AM +00:00
  Found canonical issue #31237 from event details
  Found canonical issue via GraphQL event details
  Found duplicate reference, linking to canonical issue
  Successfully closed issue #32407 as duplicate and removed label using GraphQL
  ✓ Issue #32407 updated successfully
Processing issue #32404: Compex types inconsistencies?: Record struct vs record for Requrired and ComplexType attribute, how to deal with Default values?
  Successfully closed issue #32404 as duplicate and removed label using GraphQL
  ✓ Issue #32404 updated successfully
Processing issue #32556: Microsoft.VisualStudio.Web.CodeGeneration.Design scaffold t4 template problem.
  Found marked_as_duplicate event at 12/8/2023 9:41:03 AM +00:00
  Found canonical issue #32385 from event details
  Found canonical issue via GraphQL event details
  Found duplicate reference, linking to canonical issue
  Successfully closed issue #32556 as duplicate and removed label using GraphQL
  ✓ Issue #32556 updated successfully
Processing issue #32367: `ExecuteUpdate` doesn't work on JSON columns?
  Successfully closed issue #32367 as duplicate and removed label using GraphQL
  ✓ Issue #32367 updated successfully
Processing issue #32364: dotnet ef dbcontext optimize failing with HasTrigger modifer on ToTable
  Found marked_as_duplicate event at 12/5/2023 2:07:25 PM +00:00
  Found canonical issue #31627 from event details
  Found canonical issue via GraphQL event details
  Found duplicate reference, linking to canonical issue
  Successfully closed issue #32364 as duplicate and removed label using GraphQL
  ✓ Issue #32364 updated successfully
Processing issue #32360: ToJson() not working for entity with a Property named Id
  Successfully closed issue #32360 as duplicate and removed label using GraphQL
  ✓ Issue #32360 updated successfully
Processing issue #32358: DbContext Scaffold : The specified deps.json does not exist
  Successfully closed issue #32358 as duplicate and removed label using GraphQL
  ✓ Issue #32358 updated successfully
Processing issue #32350: HasKey(p => new { p.Id, p.ComplexType.Property }) does not seem to work
  Found marked_as_duplicate event at 11/20/2023 9:41:46 AM +00:00
  Found canonical issue #31246 from event details
  Found canonical issue via GraphQL event details
  Found duplicate reference, linking to canonical issue
  Successfully closed issue #32350 as duplicate and removed label using GraphQL
  ✓ Issue #32350 updated successfully
Processing issue #32347: Invalid SQL generated for grouped query followed by `OrderBy` in SQLite and SQL Server
  Successfully closed issue #32347 as duplicate and removed label using GraphQL
  ✓ Issue #32347 updated successfully
Processing issue #32346: DbContext with compiled model freezes on initialization on Android
  Successfully closed issue #32346 as duplicate and removed label using GraphQL
  ✓ Issue #32346 updated successfully
Processing issue #32321: EFC 8.0: Precompiled model: Error CS0041 Unexpected error writing debug information -- 'Insufficient memory to continue the execution of the program.' 
  Successfully closed issue #32321 as duplicate and removed label using GraphQL
  ✓ Issue #32321 updated successfully
Processing issue #32304: EF Core 7 non-nullable string property with empty string throws `not-null constraint` exception
  Successfully closed issue #32304 as duplicate and removed label using GraphQL
  ✓ Issue #32304 updated successfully
Processing issue #32291: Regression with translation of `Contains` for SqlServer
  Found marked_as_duplicate event at 11/14/2023 3:32:19 PM +00:00
  Found canonical issue #32217 from event details
  Found canonical issue via GraphQL event details
  Found duplicate reference, linking to canonical issue
  Successfully closed issue #32291 as duplicate and removed label using GraphQL
  ✓ Issue #32291 updated successfully
Processing issue #32276: Translate Computed Properties
  Found marked_as_duplicate event at 11/12/2023 12:26:47 AM +00:00
  Found canonical issue #10768 from event details
  Found canonical issue via GraphQL event details
  Found duplicate reference, linking to canonical issue
  Successfully closed issue #32276 as duplicate and removed label using GraphQL
  ✓ Issue #32276 updated successfully
Processing issue #32273: ApplyConfigurationsFromAssembly is ordering config by class FullName instead by dependencies
  Found marked_as_duplicate event at 11/13/2023 6:52:50 PM +00:00
  Found canonical issue #22035 from event details
  Found canonical issue via GraphQL event details
  Found duplicate reference, linking to canonical issue
  Successfully closed issue #32273 as duplicate and removed label using GraphQL
  ✓ Issue #32273 updated successfully
Processing issue #32261: Error CS8103 : Combined length of user strings used by the program exceeds allowed limit. Try to decrease use of string literals.
  Successfully closed issue #32261 as duplicate and removed label using GraphQL
  ✓ Issue #32261 updated successfully
Processing issue #32246: PropertyValues.SetValues does not include JSON Column properties
  Successfully closed issue #32246 as duplicate and removed label using GraphQL
  ✓ Issue #32246 updated successfully
Processing issue #32237: Exception thrown when using lazy loading with many to many relation defined from one side only and with SplitQuery behavior
  Found marked_as_duplicate event at 11/6/2023 11:11:35 AM +00:00
  Found canonical issue #32225 from event details
  Found canonical issue via GraphQL event details
  Found duplicate reference, linking to canonical issue
  Successfully closed issue #32237 as duplicate and removed label using GraphQL
  ✓ Issue #32237 updated successfully
Processing issue #32224: Use getter to get count of collection without write in Select()
  Found marked_as_duplicate event at 11/3/2023 12:58:50 PM +00:00
  Found canonical issue #10768 from event details
  Found canonical issue via GraphQL event details
  Found duplicate reference, linking to canonical issue
  Successfully closed issue #32224 as duplicate and removed label using GraphQL
  ✓ Issue #32224 updated successfully
Processing issue #32223: Is RelationalQueryableExtensions.ExecuteUpdateAsync meant to ignore cancellation?
  Found marked_as_duplicate event at 11/3/2023 1:33:08 PM +00:00
  Found canonical issue #31448 from event details
  Found canonical issue via GraphQL event details
  Found duplicate reference, linking to canonical issue
  Successfully closed issue #32223 as duplicate and removed label using GraphQL
  ✓ Issue #32223 updated successfully
Processing issue #32222: ValueConverter for entity.
  Found marked_as_duplicate event at 11/6/2023 5:59:25 PM +00:00
  Found canonical issue #12205 from event details
  Found canonical issue via GraphQL event details
  Found duplicate reference, linking to canonical issue
  Successfully closed issue #32222 as duplicate and removed label using GraphQL
  ✓ Issue #32222 updated successfully
Processing issue #32204: Daily Build 23524.5 UseSQLServer LogTo method requires explicit package ref to logging
  Found marked_as_duplicate event at 11/2/2023 12:27:49 PM +00:00
  Found canonical issue #32171 from event details
  Found canonical issue via GraphQL event details
  Found duplicate reference, linking to canonical issue
  Successfully closed issue #32204 as duplicate and removed label using GraphQL
  ✓ Issue #32204 updated successfully
Processing issue #32176: Ef8, Complex property and indexes
  Found marked_as_duplicate event at 10/29/2023 11:05:43 AM +00:00
  Found canonical issue #31246 from event details
  Found canonical issue via GraphQL event details
  Found duplicate reference, linking to canonical issue
  Successfully closed issue #32176 as duplicate and removed label using GraphQL
  ✓ Issue #32176 updated successfully
Processing issue #32165: Is EF Core 8.0 RC2 defaulting the execution strategy to SqlServerRetryingExecutionStrategy when targeting Azure SQL?
  Found marked_as_duplicate event at 10/26/2023 8:07:54 PM +00:00
  Found canonical issue #32052 from event details
  Found canonical issue via GraphQL event details
  Found duplicate reference, linking to canonical issue
  Successfully closed issue #32165 as duplicate and removed label using GraphQL
  ✓ Issue #32165 updated successfully
Processing issue #32131: ef core optional one-to-many with nullable principal key
  Found marked_as_duplicate event at 10/23/2023 12:40:29 PM +00:00
  Found canonical issue #4415 from event details
  Found canonical issue via GraphQL event details
  Found duplicate reference, linking to canonical issue
  Successfully closed issue #32131 as duplicate and removed label using GraphQL
  ✓ Issue #32131 updated successfully
Processing issue #32129: TPT + JSON column throws: The exception Entity type references entities mapped to JSON but is not itself mapped to a table or a view
  Found marked_as_duplicate event at 10/23/2023 12:59:19 PM +00:00
  Found canonical issue #28443 from event details
  Found canonical issue via GraphQL event details
  Found duplicate reference, linking to canonical issue
  Successfully closed issue #32129 as duplicate and removed label using GraphQL
  ✓ Issue #32129 updated successfully
Processing issue #32127: Is it possible to configure an IReadOnlyCollection<T> where T is Keyless?
  Found marked_as_duplicate event at 10/23/2023 1:02:08 PM +00:00
  Found canonical issue #30331 from event details
  Found canonical issue via GraphQL event details
  Found duplicate reference, linking to canonical issue
  Successfully closed issue #32127 as duplicate and removed label using GraphQL
  ✓ Issue #32127 updated successfully
Processing issue #32126: Strong typing names in data annotations during reverse engineering where possible
  Successfully closed issue #32126 as duplicate and removed label using GraphQL
  ✓ Issue #32126 updated successfully
Processing issue #32101: Why does EF Core try to create objects that are not present in the class? REOPEN
  Found marked_as_duplicate event at 10/23/2023 3:03:25 PM +00:00
  Found canonical issue #31353 from event details
  Found canonical issue via GraphQL event details
  Found duplicate reference, linking to canonical issue
  Successfully closed issue #32101 as duplicate and removed label using GraphQL
  ✓ Issue #32101 updated successfully
Processing issue #32092: Dynamic OR predicate on multiple columns
  Found marked_as_duplicate event at 10/19/2023 9:00:35 AM +00:00
  Found canonical issue #11799 from event details
  Found canonical issue via GraphQL event details
  Found duplicate reference, linking to canonical issue
  Successfully closed issue #32092 as duplicate and removed label using GraphQL
  ✓ Issue #32092 updated successfully
Processing issue #32075: INNER JOIN instead of LEFT JOIN
  Successfully closed issue #32075 as duplicate and removed label using GraphQL
  ✓ Issue #32075 updated successfully
Processing issue #32072: Stack overflow when using compiled model
  Successfully closed issue #32072 as duplicate and removed label using GraphQL
  ✓ Issue #32072 updated successfully
Processing issue #32066: Using 8.0 Database.SqlQuery() to call FreeTextTable()
  Successfully closed issue #32066 as duplicate and removed label using GraphQL
  ✓ Issue #32066 updated successfully
Processing issue #32046: Is there any workaround for issue #26703
  Successfully closed issue #32046 as duplicate and removed label using GraphQL
  ✓ Issue #32046 updated successfully
Processing issue #32043: JSON Column handling with unknown/dynamic structure
  Successfully closed issue #32043 as duplicate and removed label using GraphQL
  ✓ Issue #32043 updated successfully
Processing issue #32019: Query: should we add bootstrapping logic to QueryableExtensions.LeftJoin?
  Found marked_as_duplicate event at 2/2/2024 5:25:53 PM +00:00
  Found canonical issue #12793 from event details
  Found canonical issue via GraphQL event details
  Found duplicate reference, linking to canonical issue
  Successfully closed issue #32019 as duplicate and removed label using GraphQL
  ✓ Issue #32019 updated successfully
Processing issue #32014: GroupBy() isn't working as expected unless I first load the individual items into memory
  Found marked_as_duplicate event at 7/20/2024 1:53:54 PM +00:00
  Found canonical issue #34256 from event details
  Found canonical issue via GraphQL event details
  Found duplicate reference, linking to canonical issue
  Successfully closed issue #32014 as duplicate and removed label using GraphQL
  ✓ Issue #32014 updated successfully
Processing issue #31997: Migrations bundle add a paramter to select the used schema
  Found marked_as_duplicate event at 10/12/2023 11:09:47 AM +00:00
  Found canonical issue #9965 from event details
  Found canonical issue via GraphQL event details
  Found duplicate reference, linking to canonical issue
  Successfully closed issue #31997 as duplicate and removed label using GraphQL
  ✓ Issue #31997 updated successfully
Processing issue #31994: Support translating value objects that are using a converter
  Found marked_as_duplicate event at 10/8/2023 12:25:59 PM +00:00
  Found canonical issue #10434 from event details
  Found canonical issue via GraphQL event details
  Found duplicate reference, linking to canonical issue
  Successfully closed issue #31994 as duplicate and removed label using GraphQL
  ✓ Issue #31994 updated successfully
Processing issue #31984: ExecuteUpdate Produce Wrong Query when used with window function and join
  Found marked_as_duplicate event at 1/4/2024 11:45:28 PM +00:00
  Found canonical issue #31407 from event details
  Found canonical issue via GraphQL event details
  Found duplicate reference, linking to canonical issue
  Successfully closed issue #31984 as duplicate and removed label using GraphQL
  ✓ Issue #31984 updated successfully
Processing issue #31977: NullReferenceException when accessing navigation property with compiled models and ambiguous type names
  Found marked_as_duplicate event at 10/9/2023 11:25:01 AM +00:00
  Found canonical issue #27203 from event details
  Found canonical issue via GraphQL event details
  Found duplicate reference, linking to canonical issue
  Successfully closed issue #31977 as duplicate and removed label using GraphQL
  ✓ Issue #31977 updated successfully
Processing issue #31975: Combination of split queries and limit/order leads to inconsistent inclusions
  Successfully closed issue #31975 as duplicate and removed label using GraphQL
  ✓ Issue #31975 updated successfully
Processing issue #31974: Cosmos query projection on owned entity list throws InvalidOperationException variable 'jArray1Object' of type 'Newtonsoft.Json.Linq.JObject' referenced from scope
  Found marked_as_duplicate event at 10/11/2023 6:31:08 PM +00:00
  Found canonical issue #16926 from event details
  Found canonical issue via GraphQL event details
  Found duplicate reference, linking to canonical issue
  Successfully closed issue #31974 as duplicate and removed label using GraphQL
  ✓ Issue #31974 updated successfully
Processing issue #31972: Provide a way to return a joined result
  Found marked_as_duplicate event at 10/12/2023 5:05:46 PM +00:00
  Found canonical issue #10753 from event details
  Found canonical issue via GraphQL event details
  Found duplicate reference, linking to canonical issue
  Successfully closed issue #31972 as duplicate and removed label using GraphQL
  ✓ Issue #31972 updated successfully
Processing issue #31946: Error when trying to parameterize Property from ExecuteUpdateAsync: "Unable to cast object of type 'System.Linq.Expressions.TypedParameterExpression' to type 'System.Linq.Expressions.LambdaExpression'."
  Found marked_as_duplicate event at 10/4/2023 12:30:20 PM +00:00
  Found canonical issue #29654 from event details
  Found canonical issue via GraphQL event details
  Found duplicate reference, linking to canonical issue
  Successfully closed issue #31946 as duplicate and removed label using GraphQL
  ✓ Issue #31946 updated successfully
Processing issue #31913: Is it possible to define relationships that could reference one of multiple tables without foreign keys?
  Found marked_as_duplicate event at 10/2/2023 1:08:18 PM +00:00
  Found canonical issue #7623 from event details
  Found canonical issue via GraphQL event details
  Found duplicate reference, linking to canonical issue
  Successfully closed issue #31913 as duplicate and removed label using GraphQL
  ✓ Issue #31913 updated successfully
Processing issue #31905: Is there a way to alter the DbContext configuration after AddDbContext has been called?
  Found marked_as_duplicate event at 10/2/2023 7:28:43 PM +00:00
  Found canonical issue #30061 from event details
  Found canonical issue via GraphQL event details
  Found duplicate reference, linking to canonical issue
  Successfully closed issue #31905 as duplicate and removed label using GraphQL
  ✓ Issue #31905 updated successfully
Processing issue #31892: Change Tracker GetDatabaseValues
  Found marked_as_duplicate event at 10/3/2023 9:32:36 AM +00:00
  Found canonical issue #13890 from event details
  Found canonical issue via GraphQL event details
  Found duplicate reference, linking to canonical issue
  Successfully closed issue #31892 as duplicate and removed label using GraphQL
  ✓ Issue #31892 updated successfully
Processing issue #31869: Ignore specified query filters
  Found marked_as_duplicate event at 9/26/2023 6:36:59 PM +00:00
  Found canonical issue #17347 from event details
  Found canonical issue via GraphQL event details
  Found duplicate reference, linking to canonical issue
  Successfully closed issue #31869 as duplicate and removed label using GraphQL
  ✓ Issue #31869 updated successfully
Processing issue #31860: HasConversion<string> from GUID generated migrations contains non existent column called TempId
  Found marked_as_duplicate event at 10/10/2023 9:44:38 PM +00:00
  Found canonical issue #30827 from event details
  Found canonical issue via GraphQL event details
  Found duplicate reference, linking to canonical issue
  Successfully closed issue #31860 as duplicate and removed label using GraphQL
  ✓ Issue #31860 updated successfully
Processing issue #31858: Implement a subquery in a SqlExpression?
  Found marked_as_duplicate event at 9/27/2023 11:14:58 AM +00:00
  Found canonical issue #31871 from event details
  Found canonical issue via GraphQL event details
  Found duplicate reference, linking to canonical issue
  Successfully closed issue #31858 as duplicate and removed label using GraphQL
  ✓ Issue #31858 updated successfully
Processing issue #31854: Cosmos: non-shadow int key properties on owned entity types are not persisted
  Found marked_as_duplicate event at 9/26/2023 4:24:20 PM +00:00
  Found canonical issue #31664 from event details
  Found canonical issue via GraphQL event details
  Found duplicate reference, linking to canonical issue
  Successfully closed issue #31854 as duplicate and removed label using GraphQL
  ✓ Issue #31854 updated successfully
Processing issue #31870: SQLite EF Core crashed on AOT
  Successfully closed issue #31870 as duplicate and removed label using GraphQL
  ✓ Issue #31870 updated successfully
Processing issue #31845: Allow collections of FK values in aggregates
  Found marked_as_duplicate event at 9/25/2023 12:31:11 PM +00:00
  Found canonical issue #31683 from event details
  Found canonical issue via GraphQL event details
  Found duplicate reference, linking to canonical issue
  Successfully closed issue #31845 as duplicate and removed label using GraphQL
  ✓ Issue #31845 updated successfully
Processing issue #31844: Inspect the contents of a migration bundle and view generated SQL
  Found marked_as_duplicate event at 9/25/2023 9:05:34 AM +00:00
  Found canonical issue #25872 from event details
  Found canonical issue via GraphQL event details
  Found duplicate reference, linking to canonical issue
  Successfully closed issue #31844 as duplicate and removed label using GraphQL
  ✓ Issue #31844 updated successfully
Processing issue #31838: Fluent API Navigation Name incorrect
  Found marked_as_duplicate event at 9/22/2023 10:12:09 PM +00:00
  Found canonical issue #31836 from event details
  Found canonical issue via GraphQL event details
  Found duplicate reference, linking to canonical issue
  Successfully closed issue #31838 as duplicate and removed label using GraphQL
  ✓ Issue #31838 updated successfully
Processing issue #31837: Fluent API Navigation Name incorrect.
  Found marked_as_duplicate event at 9/22/2023 10:07:57 PM +00:00
  Found canonical issue #31836 from event details
  Found canonical issue via GraphQL event details
  Found duplicate reference, linking to canonical issue
  Successfully closed issue #31837 as duplicate and removed label using GraphQL
  ✓ Issue #31837 updated successfully
Processing issue #31821: Cannot generate compiled model with an enum using RC1
  Successfully closed issue #31821 as duplicate and removed label using GraphQL
  ✓ Issue #31821 updated successfully
Processing issue #31817: EF not generating SQL query correctly on fields that have conversion
  Found marked_as_duplicate event at 9/20/2023 8:32:18 AM +00:00
  Found canonical issue #10434 from event details
  Found canonical issue via GraphQL event details
  Found duplicate reference, linking to canonical issue
  Successfully closed issue #31817 as duplicate and removed label using GraphQL
  ✓ Issue #31817 updated successfully
Processing issue #31813: Fluent Api ignores supplied propertyName
  Found marked_as_duplicate event at 9/22/2023 9:56:52 PM +00:00
  Found canonical issue #31836 from event details
  Found canonical issue via GraphQL event details
  Found duplicate reference, linking to canonical issue
  Successfully closed issue #31813 as duplicate and removed label using GraphQL
  ✓ Issue #31813 updated successfully
Processing issue #31804: Stylecop rulesets are being applied on generated EF bundle and build is failing in gitlab pipleine
  Successfully closed issue #31804 as duplicate and removed label using GraphQL
  ✓ Issue #31804 updated successfully
Processing issue #31783: Stop generating dynamic method for each query invocation
  Found marked_as_duplicate event at 9/18/2023 8:13:33 AM +00:00
  Found canonical issue #31782 from event details
  Found canonical issue via GraphQL event details
  Found duplicate reference, linking to canonical issue
  Successfully closed issue #31783 as duplicate and removed label using GraphQL
  ✓ Issue #31783 updated successfully
Processing issue #31736: EFCore deletes an association on DbContext.SaveChanges when an existing link is removed and then added in the same transaction
  Found marked_as_duplicate event at 9/25/2023 1:01:15 PM +00:00
  Found canonical issue #31440 from event details
  Found canonical issue via GraphQL event details
  Found duplicate reference, linking to canonical issue
  Successfully closed issue #31736 as duplicate and removed label using GraphQL
  ✓ Issue #31736 updated successfully
Processing issue #31735: Model Snapshot won't compile with nested types
  Successfully closed issue #31735 as duplicate and removed label using GraphQL
  ✓ Issue #31735 updated successfully
Processing issue #31733: The issue of SQL statements following Sum after Groupby on EF6.0.5
  Successfully closed issue #31733 as duplicate and removed label using GraphQL
  ✓ Issue #31733 updated successfully
Processing issue #31718: Model Building: Reset precision for inherited model properties
  Successfully closed issue #31718 as duplicate and removed label using GraphQL
  ✓ Issue #31718 updated successfully
Processing issue #31700: AsSplitQuery : Remove LEFT JOIN in child query when split the query and join self
  Found marked_as_duplicate event at 10/4/2023 6:32:52 AM +00:00
  Found canonical issue #29182 from event details
  Found canonical issue via GraphQL event details
  Found duplicate reference, linking to canonical issue
  Successfully closed issue #31700 as duplicate and removed label using GraphQL
  ✓ Issue #31700 updated successfully
Processing issue #31684: Complex request with external list and "except" or "all" operator  could not be translated
  Found marked_as_duplicate event at 9/22/2023 7:44:34 AM +00:00
  Found canonical issue #30426 from event details
  Found canonical issue via GraphQL event details
  Found duplicate reference, linking to canonical issue
  Successfully closed issue #31684 as duplicate and removed label using GraphQL
  ✓ Issue #31684 updated successfully
Processing issue #31657: Inconsistent ordering in SQL queries generated for split query with Include
  Found marked_as_duplicate event at 9/7/2023 8:45:20 AM +00:00
  Found canonical issue #26808 from event details
  Found canonical issue via GraphQL event details
  Found duplicate reference, linking to canonical issue
  Successfully closed issue #31657 as duplicate and removed label using GraphQL
  ✓ Issue #31657 updated successfully
Processing issue #31637: Best pratice for DB downgrade through efbundle in CI/CD
  Found marked_as_duplicate event at 9/8/2023 11:22:08 AM +00:00
  Found canonical issue #21615 from event details
  Found canonical issue via GraphQL event details
  Found duplicate reference, linking to canonical issue
  Successfully closed issue #31637 as duplicate and removed label using GraphQL
  ✓ Issue #31637 updated successfully
Processing issue #31623: `.First()` on SqlQuery results in exception
  Found marked_as_duplicate event at 9/4/2023 1:57:11 PM +00:00
  Found canonical issue #30447 from event details
  Found canonical issue via GraphQL event details
  Found duplicate reference, linking to canonical issue
  Successfully closed issue #31623 as duplicate and removed label using GraphQL
  ✓ Issue #31623 updated successfully
Successfully processed 100 issues
Processing issues in dotnet/efcore...
Found 100 issues with 'closed-duplicate' label
Processing issue #31611: Calling Select.Distinct inside of a Select causes duplicate parent entries if a value is null
  Successfully closed issue #31611 as duplicate and removed label using GraphQL
  ✓ Issue #31611 updated successfully
Processing issue #31607: Question: json Column: support for readonly dictionaries
  Found marked_as_duplicate event at 9/1/2023 5:47:02 PM +00:00
  Found canonical issue #29825 from event details
  Found canonical issue via GraphQL event details
  Found duplicate reference, linking to canonical issue
  Successfully closed issue #31607 as duplicate and removed label using GraphQL
  ✓ Issue #31607 updated successfully
Processing issue #31595: Default value forced when converting an EXISTING string column to be non-nullable
  Found marked_as_duplicate event at 8/31/2023 9:14:55 PM +00:00
  Found canonical issue #25899 from event details
  Found canonical issue via GraphQL event details
  Found duplicate reference, linking to canonical issue
  Successfully closed issue #31595 as duplicate and removed label using GraphQL
  ✓ Issue #31595 updated successfully
Processing issue #31591: Feature Enhancement: Nondestructive bundling and rewriting of migrations
  Found marked_as_duplicate event at 8/30/2023 11:00:28 PM +00:00
  Found canonical issue #2174 from event details
  Found canonical issue via GraphQL event details
  Found duplicate reference, linking to canonical issue
  Successfully closed issue #31591 as duplicate and removed label using GraphQL
  ✓ Issue #31591 updated successfully
Processing issue #31589: double 0 saves as 1 ???
  Found marked_as_duplicate event at 9/5/2023 5:03:28 PM +00:00
  Found canonical issue #701 from event details
  Found canonical issue via GraphQL event details
  Found duplicate reference, linking to canonical issue
  Successfully closed issue #31589 as duplicate and removed label using GraphQL
  ✓ Issue #31589 updated successfully
Processing issue #31579: Cannot check if owned entity is null using Cosmos DB provider
  Found marked_as_duplicate event at 9/5/2023 5:01:09 PM +00:00
  Found canonical issue #24087 from event details
  Found canonical issue via GraphQL event details
  Found duplicate reference, linking to canonical issue
  Successfully closed issue #31579 as duplicate and removed label using GraphQL
  ✓ Issue #31579 updated successfully
Processing issue #31578: VB.NET generated sql WHERE statement issue
  Found marked_as_duplicate event at 8/29/2023 4:31:28 PM +00:00
  Found canonical issue #27202 from event details
  Found canonical issue via GraphQL event details
  Found duplicate reference, linking to canonical issue
  Successfully closed issue #31578 as duplicate and removed label using GraphQL
  ✓ Issue #31578 updated successfully
Processing issue #31577: Filtering on fields that have conversion do not convert correctly when using "IN" operator
  Successfully closed issue #31577 as duplicate and removed label using GraphQL
  ✓ Issue #31577 updated successfully
Processing issue #31554: Will DistinctBy be supported in Filtered Include?
  Successfully closed issue #31554 as duplicate and removed label using GraphQL
  ✓ Issue #31554 updated successfully
Processing issue #31538: EF Core does not include boolean column with default value in SQL INSERT statement
  Found marked_as_duplicate event at 9/5/2023 4:04:41 PM +00:00
  Found canonical issue #701 from event details
  Found canonical issue via GraphQL event details
  Found duplicate reference, linking to canonical issue
  Successfully closed issue #31538 as duplicate and removed label using GraphQL
  ✓ Issue #31538 updated successfully
Processing issue #31507: Executing Migrator by having an ambient transaction
  Successfully closed issue #31507 as duplicate and removed label using GraphQL
  ✓ Issue #31507 updated successfully
Processing issue #31492: WHERE with tuples and IN operator
  Found marked_as_duplicate event at 8/17/2023 4:34:34 PM +00:00
  Found canonical issue #26822 from event details
  Found canonical issue via GraphQL event details
  Found duplicate reference, linking to canonical issue
  Successfully closed issue #31492 as duplicate and removed label using GraphQL
  ✓ Issue #31492 updated successfully
Processing issue #31478: Deadlocked transaction didn't rollback
  Successfully closed issue #31478 as duplicate and removed label using GraphQL
  ✓ Issue #31478 updated successfully
Processing issue #31457: FromSqlRaw not working for me in .net 6
  Found marked_as_duplicate event at 8/28/2023 9:10:17 PM +00:00
  Found canonical issue #4976 from event details
  Found canonical issue via GraphQL event details
  Found duplicate reference, linking to canonical issue
  Successfully closed issue #31457 as duplicate and removed label using GraphQL
  ✓ Issue #31457 updated successfully
Processing issue #31452: Automatically query all data from DbSets in the order within the DbContext after calling SaveChanges
  Found marked_as_duplicate event at 8/12/2023 12:02:41 PM +00:00
  Found canonical issue #24816 from event details
  Found canonical issue via GraphQL event details
  Found duplicate reference, linking to canonical issue
  Successfully closed issue #31452 as duplicate and removed label using GraphQL
  ✓ Issue #31452 updated successfully
Processing issue #31447: EF core 7 JSON column gives error for List<Guid>
  Found marked_as_duplicate event at 8/17/2023 12:43:08 PM +00:00
  Found canonical issue #31364 from event details
  Found canonical issue via GraphQL event details
  Found duplicate reference, linking to canonical issue
  Successfully closed issue #31447 as duplicate and removed label using GraphQL
  ✓ Issue #31447 updated successfully
Processing issue #31445: Feature request: add support of LINQ expression for value of primitive types
  Found marked_as_duplicate event at 9/5/2023 3:14:48 PM +00:00
  Found canonical issue #10434 from event details
  Found canonical issue via GraphQL event details
  Found duplicate reference, linking to canonical issue
  Successfully closed issue #31445 as duplicate and removed label using GraphQL
  ✓ Issue #31445 updated successfully
Processing issue #31438: Error Updating a Json Column in an Entity not Tracked
  Successfully closed issue #31438 as duplicate and removed label using GraphQL
  ✓ Issue #31438 updated successfully
Processing issue #31426: Complex type using Ownsone as Primary key
  Successfully closed issue #31426 as duplicate and removed label using GraphQL
  ✓ Issue #31426 updated successfully
Processing issue #31418: Is there or will there be support for creating index on function column 
  Found marked_as_duplicate event at 8/6/2023 11:18:18 AM +00:00
  Found canonical issue #28360 from event details
  Found canonical issue via GraphQL event details
  Found duplicate reference, linking to canonical issue
  Successfully closed issue #31418 as duplicate and removed label using GraphQL
  ✓ Issue #31418 updated successfully
Processing issue #31403: Support for Cosmos Db Hierarchical Partition Keys
  Found marked_as_duplicate event at 8/2/2023 7:25:22 PM +00:00
  Found canonical issue #28186 from event details
  Found canonical issue via GraphQL event details
  Found duplicate reference, linking to canonical issue
  Successfully closed issue #31403 as duplicate and removed label using GraphQL
  ✓ Issue #31403 updated successfully
Processing issue #31395: `dotnet counters` "Query Cache Hit Rate" reset to `-1` every second?
  Successfully closed issue #31395 as duplicate and removed label using GraphQL
  ✓ Issue #31395 updated successfully
Processing issue #31373: Entity Framework Core : seed data error using OwnsOne
  Successfully closed issue #31373 as duplicate and removed label using GraphQL
  ✓ Issue #31373 updated successfully
Processing issue #31371: Conversion of int[] array with array.Contains(int value) causes Exception|Microsoft.Data.SqlClient.SqlException (0x80131904): Incorrect syntax near '$'. 
  Found marked_as_duplicate event at 7/29/2023 8:12:26 AM +00:00
  Found canonical issue #31323 from event details
  Found canonical issue via GraphQL event details
  Found duplicate reference, linking to canonical issue
  Successfully closed issue #31371 as duplicate and removed label using GraphQL
  ✓ Issue #31371 updated successfully
Processing issue #31362: .NET 8 Preview 6: "Contains" Error => Incorrect syntax near '$'.
  Found marked_as_duplicate event at 7/27/2023 9:48:07 AM +00:00
  Found canonical issue #31323 from event details
  Found canonical issue via GraphQL event details
  Found duplicate reference, linking to canonical issue
  Successfully closed issue #31362 as duplicate and removed label using GraphQL
  ✓ Issue #31362 updated successfully
Processing issue #31350: Why a left join when the right part is the result?
  Successfully closed issue #31350 as duplicate and removed label using GraphQL
  ✓ Issue #31350 updated successfully
Processing issue #31342: ExecuteUpdate throws InvalidOperationException when update owned entity and others properties together
  Found marked_as_duplicate event at 7/24/2023 9:35:47 PM +00:00
  Found canonical issue #28627 from event details
  Found canonical issue via GraphQL event details
  Found duplicate reference, linking to canonical issue
  Successfully closed issue #31342 as duplicate and removed label using GraphQL
  ✓ Issue #31342 updated successfully
Processing issue #31335: Should we deprecate the InMemory provider?
  Found marked_as_duplicate event at 7/22/2023 8:08:35 PM +00:00
  Found canonical issue #18457 from event details
  Found canonical issue via GraphQL event details
  Found duplicate reference, linking to canonical issue
  Successfully closed issue #31335 as duplicate and removed label using GraphQL
  ✓ Issue #31335 updated successfully
Processing issue #31310: Way Faster Inserts
  Found marked_as_duplicate event at 7/19/2023 2:38:27 PM +00:00
  Found canonical issue #27333 from event details
  Found canonical issue via GraphQL event details
  Found duplicate reference, linking to canonical issue
  Successfully closed issue #31310 as duplicate and removed label using GraphQL
  ✓ Issue #31310 updated successfully
Processing issue #31257: How to deal with dictionary items in entity for .ToJson functionality
  Found marked_as_duplicate event at 7/26/2023 7:46:32 PM +00:00
  Found canonical issue #29825 from event details
  Found canonical issue via GraphQL event details
  Found duplicate reference, linking to canonical issue
  Successfully closed issue #31257 as duplicate and removed label using GraphQL
  ✓ Issue #31257 updated successfully
Processing issue #31223: EF Bundle (not self contained) on Ubuntu server: 'No frameworks were found'
  Found marked_as_duplicate event at 7/17/2023 6:41:50 PM +00:00
  Found canonical issue #29491 from event details
  Found canonical issue via GraphQL event details
  Found duplicate reference, linking to canonical issue
  Successfully closed issue #31223 as duplicate and removed label using GraphQL
  ✓ Issue #31223 updated successfully
Processing issue #31213: Primary key with converter causes constant migrations
  Found marked_as_duplicate event at 7/15/2023 2:55:29 PM +00:00
  Found canonical issue #30699 from event details
  Found canonical issue via GraphQL event details
  Found duplicate reference, linking to canonical issue
  Successfully closed issue #31213 as duplicate and removed label using GraphQL
  ✓ Issue #31213 updated successfully
Processing issue #31189: How to change the primary key column name for a derived type using TPT inheritance strategy
  Found marked_as_duplicate event at 7/5/2023 3:52:15 PM +00:00
  Found canonical issue #19811 from event details
  Found canonical issue via GraphQL event details
  Found duplicate reference, linking to canonical issue
  Successfully closed issue #31189 as duplicate and removed label using GraphQL
  ✓ Issue #31189 updated successfully
Processing issue #31187: EntityFramework Migration Generation Produces Unexpected Index Column
  Found marked_as_duplicate event at 7/5/2023 1:07:12 PM +00:00
  Found canonical issue #31153 from event details
  Found canonical issue via GraphQL event details
  Found duplicate reference, linking to canonical issue
  Successfully closed issue #31187 as duplicate and removed label using GraphQL
  ✓ Issue #31187 updated successfully
Processing issue #31185: DbContext get DbSet for interface (DbSet<interface>)
  Successfully closed issue #31185 as duplicate and removed label using GraphQL
  ✓ Issue #31185 updated successfully
Processing issue #31184: Support for combining TPH and TPT inheritance strategies
  Found marked_as_duplicate event at 7/4/2023 7:56:09 PM +00:00
  Found canonical issue #27707 from event details
  Found canonical issue via GraphQL event details
  Found duplicate reference, linking to canonical issue
  Successfully closed issue #31184 as duplicate and removed label using GraphQL
  ✓ Issue #31184 updated successfully
Processing issue #31176: Comparison of nullable owned entity may return incorrect result (true when owned entity is not null)
  Found marked_as_duplicate event at 7/19/2023 4:23:58 PM +00:00
  Found canonical issue #30996 from event details
  Found canonical issue via GraphQL event details
  Found duplicate reference, linking to canonical issue
  Successfully closed issue #31176 as duplicate and removed label using GraphQL
  ✓ Issue #31176 updated successfully
Processing issue #31175: ValidateJsonEntities: System.InvalidOperationException: Sequence contains no elements
  Found marked_as_duplicate event at 7/8/2023 10:39:15 AM +00:00
  Found canonical issue #30391 from event details
  Found canonical issue via GraphQL event details
  Found duplicate reference, linking to canonical issue
  Successfully closed issue #31175 as duplicate and removed label using GraphQL
  ✓ Issue #31175 updated successfully
Processing issue #31172: EFCore with User Type and HasConversion
  Successfully closed issue #31172 as duplicate and removed label using GraphQL
  ✓ Issue #31172 updated successfully
Processing issue #31158: Disable lazy loading temporarily for a query
  Found marked_as_duplicate event at 7/5/2023 9:40:31 AM +00:00
  Found canonical issue #12895 from event details
  Found canonical issue via GraphQL event details
  Found duplicate reference, linking to canonical issue
  Successfully closed issue #31158 as duplicate and removed label using GraphQL
  ✓ Issue #31158 updated successfully
Processing issue #31129: EF Core generate SQL request which always return empty result.
  Found marked_as_duplicate event at 6/27/2023 2:06:44 PM +00:00
  Found canonical issue #4415 from event details
  Found canonical issue via GraphQL event details
  Found duplicate reference, linking to canonical issue
  Successfully closed issue #31129 as duplicate and removed label using GraphQL
  ✓ Issue #31129 updated successfully
Processing issue #31113: Json serializer options for json columns
  Successfully closed issue #31113 as duplicate and removed label using GraphQL
  ✓ Issue #31113 updated successfully
Processing issue #31094: SqlLite does not support ToJson()?  
  Successfully closed issue #31094 as duplicate and removed label using GraphQL
  ✓ Issue #31094 updated successfully
Processing issue #31071: Querying nested json boolean throws an exception
  Found marked_as_duplicate event at 6/13/2023 4:07:21 PM +00:00
  Found canonical issue #29572 from event details
  Found canonical issue via GraphQL event details
  Found duplicate reference, linking to canonical issue
  Successfully closed issue #31071 as duplicate and removed label using GraphQL
  ✓ Issue #31071 updated successfully
Processing issue #31070: Cosmos: queryable primitive collections
  Found marked_as_duplicate event at 6/13/2023 10:01:16 AM +00:00
  Found canonical issue #25765 from event details
  Found canonical issue via GraphQL event details
  Found duplicate reference, linking to canonical issue
  Successfully closed issue #31070 as duplicate and removed label using GraphQL
  ✓ Issue #31070 updated successfully
Processing issue #31058: Set query filters on navigation properties
  Successfully closed issue #31058 as duplicate and removed label using GraphQL
  ✓ Issue #31058 updated successfully
Processing issue #31033: Duplicate entries in join table when updating entity with many-to-many property/ies
  Successfully closed issue #31033 as duplicate and removed label using GraphQL
  ✓ Issue #31033 updated successfully
Processing issue #31012: How do I configure properties of Json Columns in EF Core 7?
  Successfully closed issue #31012 as duplicate and removed label using GraphQL
  ✓ Issue #31012 updated successfully
Processing issue #31010: Unable to project a collection inside a JSON column with EF Core 7
  Found marked_as_duplicate event at 6/14/2023 7:01:55 PM +00:00
  Found canonical issue #28616 from event details
  Found canonical issue via GraphQL event details
  Found duplicate reference, linking to canonical issue
  Successfully closed issue #31010 as duplicate and removed label using GraphQL
  ✓ Issue #31010 updated successfully
Processing issue #31009: EF 7 not loading my entities when using Eager or Explicit loading...
  Found marked_as_duplicate event at 5/31/2023 10:46:33 AM +00:00
  Found canonical issue #30943 from event details
  Found canonical issue via GraphQL event details
  Found duplicate reference, linking to canonical issue
  Successfully closed issue #31009 as duplicate and removed label using GraphQL
  ✓ Issue #31009 updated successfully
Processing issue #31007: understanding change tracking in EF Core
  Found marked_as_duplicate event at 6/4/2023 1:39:11 PM +00:00
  Found canonical issue #20124 from event details
  Found canonical issue via GraphQL event details
  Found duplicate reference, linking to canonical issue
  Successfully closed issue #31007 as duplicate and removed label using GraphQL
  ✓ Issue #31007 updated successfully
Processing issue #30967: Make migrations .Designer file optional
  Successfully closed issue #30967 as duplicate and removed label using GraphQL
  ✓ Issue #30967 updated successfully
Processing issue #30945: Compiled Models: Entity Type Namespaces 
  Successfully closed issue #30945 as duplicate and removed label using GraphQL
  ✓ Issue #30945 updated successfully
Processing issue #30942: System.InvalidOperationException: 'Unable to translate set operation after client projection has been applied. Consider moving the set operation before the last 'Select' call.'
  Successfully closed issue #30942 as duplicate and removed label using GraphQL
  ✓ Issue #30942 updated successfully
Processing issue #30941: How to compare, migrate, and update tables and entities using EF methods
  Found marked_as_duplicate event at 5/22/2023 9:21:00 AM +00:00
  Found canonical issue #13125 from event details
  Found canonical issue via GraphQL event details
  Found duplicate reference, linking to canonical issue
  Successfully closed issue #30941 as duplicate and removed label using GraphQL
  ✓ Issue #30941 updated successfully
Processing issue #30938: Working query in EFCore 3.+ doesn't produce the same SQL query in EFCore 6/7+
  Found marked_as_duplicate event at 5/29/2023 10:49:40 AM +00:00
  Found canonical issue #30955 from event details
  Found canonical issue via GraphQL event details
  Found duplicate reference, linking to canonical issue
  Successfully closed issue #30938 as duplicate and removed label using GraphQL
  ✓ Issue #30938 updated successfully
Processing issue #30936: ValueGenerator doesn't use NextAsync for the added object by the entity relation after SaveChangesAsync
  Found marked_as_duplicate event at 5/23/2023 7:17:13 AM +00:00
  Found canonical issue #30957 from event details
  Found canonical issue via GraphQL event details
  Found duplicate reference, linking to canonical issue
  Successfully closed issue #30936 as duplicate and removed label using GraphQL
  ✓ Issue #30936 updated successfully
Processing issue #30917: Dictionary<string,string> is not support as Json Columns
  Found marked_as_duplicate event at 5/18/2023 7:33:46 AM +00:00
  Found canonical issue #26903 from event details
  Found canonical issue via GraphQL event details
  Found duplicate reference, linking to canonical issue
  Successfully closed issue #30917 as duplicate and removed label using GraphQL
  ✓ Issue #30917 updated successfully
Processing issue #30903: IMaterializationInterceptor failing when using JSON owned type
  Successfully closed issue #30903 as duplicate and removed label using GraphQL
  ✓ Issue #30903 updated successfully
Processing issue #30901: How to insert item without track by EFCore
  Found marked_as_duplicate event at 5/16/2023 9:32:52 AM +00:00
  Found canonical issue #29897 from event details
  Found canonical issue via GraphQL event details
  Found duplicate reference, linking to canonical issue
  Successfully closed issue #30901 as duplicate and removed label using GraphQL
  ✓ Issue #30901 updated successfully
Processing issue #30896: Upgrade .NET 6 to .NET 7 query throws SqlException (0x80131904): The correlation name 'c0' is specified multiple times in a FROM clause.
  Successfully closed issue #30896 as duplicate and removed label using GraphQL
  ✓ Issue #30896 updated successfully
Processing issue #30893: Converting values to primitive types in primitive collections
  Found marked_as_duplicate event at 5/16/2023 8:27:53 AM +00:00
  Found canonical issue #30730 from event details
  Found canonical issue via GraphQL event details
  Found duplicate reference, linking to canonical issue
  Successfully closed issue #30893 as duplicate and removed label using GraphQL
  ✓ Issue #30893 updated successfully
Processing issue #30892: EFCore 7 - JSON types- Inserting custom value for DateTime field in JSON column
  Found marked_as_duplicate event at 5/16/2023 8:31:15 AM +00:00
  Found canonical issue #30727 from event details
  Found canonical issue via GraphQL event details
  Found duplicate reference, linking to canonical issue
  Successfully closed issue #30892 as duplicate and removed label using GraphQL
  ✓ Issue #30892 updated successfully
Processing issue #30874: When using SplitToTable  cannot use json column
  Found marked_as_duplicate event at 5/16/2023 11:24:14 AM +00:00
  Found canonical issue #28442 from event details
  Found canonical issue via GraphQL event details
  Found duplicate reference, linking to canonical issue
  Successfully closed issue #30874 as duplicate and removed label using GraphQL
  ✓ Issue #30874 updated successfully
Processing issue #30868: EF Core Not updating Id value of new entity saved in db.
  Successfully closed issue #30868 as duplicate and removed label using GraphQL
  ✓ Issue #30868 updated successfully
Processing issue #30861: Performance issue while querying for a high page number.
  Found marked_as_duplicate event at 5/16/2023 9:50:21 AM +00:00
  Found canonical issue #28632 from event details
  Found canonical issue via GraphQL event details
  Found duplicate reference, linking to canonical issue
  Successfully closed issue #30861 as duplicate and removed label using GraphQL
  ✓ Issue #30861 updated successfully
Processing issue #30860: Using ExecuteUpdateAsync with owned entity throws exception
  Found marked_as_duplicate event at 5/9/2023 5:09:50 PM +00:00
  Found canonical issue #28627 from event details
  Found canonical issue via GraphQL event details
  Found duplicate reference, linking to canonical issue
  Successfully closed issue #30860 as duplicate and removed label using GraphQL
  ✓ Issue #30860 updated successfully
Processing issue #30857: Model compiler fails to include namespace in generated code
  Successfully closed issue #30857 as duplicate and removed label using GraphQL
  ✓ Issue #30857 updated successfully
Processing issue #30856: ExecuteUpdate: Duplicate table alias in generated Update query
  Found marked_as_duplicate event at 7/11/2023 8:13:14 PM +00:00
  Found canonical issue #31078 from event details
  Found canonical issue via GraphQL event details
  Found duplicate reference, linking to canonical issue
  Successfully closed issue #30856 as duplicate and removed label using GraphQL
  ✓ Issue #30856 updated successfully
Processing issue #30854: GenerateCreateScript doesn't return SQL for creating views
  Found marked_as_duplicate event at 5/9/2023 6:00:56 PM +00:00
  Found canonical issue #20940 from event details
  Found canonical issue via GraphQL event details
  Found duplicate reference, linking to canonical issue
  Successfully closed issue #30854 as duplicate and removed label using GraphQL
  ✓ Issue #30854 updated successfully
Processing issue #30853: Running with compiled model fails to load entity properties defined in abstract base class when in different assembly
  Successfully closed issue #30853 as duplicate and removed label using GraphQL
  ✓ Issue #30853 updated successfully
Processing issue #30840: Shadow foreign key in self referencing table involved in many-to-many relationship with named join table throws IndexOutOfRangeException
  Successfully closed issue #30840 as duplicate and removed label using GraphQL
  ✓ Issue #30840 updated successfully
Processing issue #30837: Reliability on getting generated ID of inserted items using C# 9 immutable records as models
  Found marked_as_duplicate event at 5/8/2023 10:14:47 AM +00:00
  Found canonical issue #11457 from event details
  Found canonical issue via GraphQL event details
  Found duplicate reference, linking to canonical issue
  Successfully closed issue #30837 as duplicate and removed label using GraphQL
  ✓ Issue #30837 updated successfully
Processing issue #30834: Query in json column and return parent
  Successfully closed issue #30834 as duplicate and removed label using GraphQL
  ✓ Issue #30834 updated successfully
Processing issue #30833: Unable to use `ExecuteUpdate` or `ExecuteDelete` with properties of owned entities
  Found marked_as_duplicate event at 5/9/2023 10:22:42 AM +00:00
  Found canonical issue #30528 from event details
  Found canonical issue via GraphQL event details
  Found duplicate reference, linking to canonical issue
  Successfully closed issue #30833 as duplicate and removed label using GraphQL
  ✓ Issue #30833 updated successfully
Processing issue #30819: Where() after Select() sometimes fails to translate
  Successfully closed issue #30819 as duplicate and removed label using GraphQL
  ✓ Issue #30819 updated successfully
Processing issue #30793: EF7 json Column - Set Max String Length
  Successfully closed issue #30793 as duplicate and removed label using GraphQL
  ✓ Issue #30793 updated successfully
Processing issue #30771: Union/Concat throwing exception when using includes/joins
  Found marked_as_duplicate event at 4/27/2023 8:33:57 AM +00:00
  Found canonical issue #19129 from event details
  Found canonical issue via GraphQL event details
  Found duplicate reference, linking to canonical issue
  Successfully closed issue #30771 as duplicate and removed label using GraphQL
  ✓ Issue #30771 updated successfully
Processing issue #30770: Scaffold-DbContext command keep logging even when -Verbose parameter is not used
  Successfully closed issue #30770 as duplicate and removed label using GraphQL
  ✓ Issue #30770 updated successfully
Processing issue #30757: Common Table Expression (CTE)
  Found marked_as_duplicate event at 4/25/2023 7:34:43 AM +00:00
  Found canonical issue #26486 from event details
  Found canonical issue via GraphQL event details
  Found duplicate reference, linking to canonical issue
  Successfully closed issue #30757 as duplicate and removed label using GraphQL
  ✓ Issue #30757 updated successfully
Processing issue #30756: Do not map property to column in database but fetch property value by raw SQL query
  Found marked_as_duplicate event at 4/25/2023 7:46:37 AM +00:00
  Found canonical issue #10768 from event details
  Found canonical issue via GraphQL event details
  Found duplicate reference, linking to canonical issue
  Successfully closed issue #30756 as duplicate and removed label using GraphQL
  ✓ Issue #30756 updated successfully
Processing issue #30741: Missing table column name information in Exceptions
  Successfully closed issue #30741 as duplicate and removed label using GraphQL
  ✓ Issue #30741 updated successfully
Processing issue #30714: Update Disconnected Entities
  Successfully closed issue #30714 as duplicate and removed label using GraphQL
  ✓ Issue #30714 updated successfully
Processing issue #30707: Cannot serialize Dictionary<string, string> in a JSON column
  Successfully closed issue #30707 as duplicate and removed label using GraphQL
  ✓ Issue #30707 updated successfully
Processing issue #30696: ExecuteUpdate returns error when updating entity contains owned type 
  Found marked_as_duplicate event at 4/14/2023 7:29:29 PM +00:00
  Found canonical issue #30528 from event details
  Found canonical issue via GraphQL event details
  Found duplicate reference, linking to canonical issue
  Successfully closed issue #30696 as duplicate and removed label using GraphQL
  ✓ Issue #30696 updated successfully
Processing issue #30690: Add/Rename/Delete/Data Type Changes of Column Should Auto Be Modified In Database Table By EF Core
  Found marked_as_duplicate event at 4/17/2023 11:52:02 AM +00:00
  Found canonical issue #27160 from event details
  Found canonical issue via GraphQL event details
  Found duplicate reference, linking to canonical issue
  Successfully closed issue #30690 as duplicate and removed label using GraphQL
  ✓ Issue #30690 updated successfully
Processing issue #30689: EF Core 7 incorrectly detects circular dependency
  Successfully closed issue #30689 as duplicate and removed label using GraphQL
  ✓ Issue #30689 updated successfully
Processing issue #30661: Enum value entity framework considers the default value is 0
  Successfully closed issue #30661 as duplicate and removed label using GraphQL
  ✓ Issue #30661 updated successfully
Processing issue #30660: Inconsistent results when querying DateTime stored as integer
  Successfully closed issue #30660 as duplicate and removed label using GraphQL
  ✓ Issue #30660 updated successfully
Processing issue #30648: Cannot drop a column and add another one in the same migration when using temporal tables
  Successfully closed issue #30648 as duplicate and removed label using GraphQL
  ✓ Issue #30648 updated successfully
Processing issue #30639: EF Core adding a migration exception using DDD and value objects
  Successfully closed issue #30639 as duplicate and removed label using GraphQL
  ✓ Issue #30639 updated successfully
Processing issue #30638: DbUpdateConcurrencyException raised when inserting into Postgres partitioned table
  Found marked_as_duplicate event at 4/7/2023 7:33:44 AM +00:00
  Found canonical issue #10443 from event details
  Found canonical issue via GraphQL event details
  Found duplicate reference, linking to canonical issue
  Successfully closed issue #30638 as duplicate and removed label using GraphQL
  ✓ Issue #30638 updated successfully
Processing issue #30621: NullRef scaffolding Postgres DB
  Found marked_as_duplicate event at 4/5/2023 3:39:56 PM +00:00
  Found canonical issue #29516 from event details
  Found canonical issue via GraphQL event details
  Found duplicate reference, linking to canonical issue
  Successfully closed issue #30621 as duplicate and removed label using GraphQL
  ✓ Issue #30621 updated successfully
Processing issue #30619: EFCore6.x 用代码实现自动迁移
  Successfully closed issue #30619 as duplicate and removed label using GraphQL
  ✓ Issue #30619 updated successfully
Processing issue #30611: How to change the type of a single entity in a one-to-many collection?
  Successfully closed issue #30611 as duplicate and removed label using GraphQL
  ✓ Issue #30611 updated successfully
Processing issue #30606: Use generic attribute for EntityTypeConfiguration attribute
  Found marked_as_duplicate event at 4/1/2023 7:58:14 PM +00:00
  Found canonical issue #30072 from event details
  Found canonical issue via GraphQL event details
  Found duplicate reference, linking to canonical issue
  Successfully closed issue #30606 as duplicate and removed label using GraphQL
  ✓ Issue #30606 updated successfully
Processing issue #30598: Mapping an enum to an integer breaks JSON data
  Successfully closed issue #30598 as duplicate and removed label using GraphQL
  ✓ Issue #30598 updated successfully
Processing issue #30590: OwnsMany generates multiple delete statements instead of a single SQL statement (EF Core 7.0.4)
  Found marked_as_duplicate event at 3/28/2023 1:39:24 PM +00:00
  Found canonical issue #27550 from event details
  Found canonical issue via GraphQL event details
  Found duplicate reference, linking to canonical issue
  Successfully closed issue #30590 as duplicate and removed label using GraphQL
  ✓ Issue #30590 updated successfully
Processing issue #30577: Delete_entity_with_auto_include fails on Sqlite/PG
  Found marked_as_duplicate event at 2/11/2024 12:23:00 PM +00:00
  Found canonical issue #32823 from event details
  Found canonical issue via GraphQL event details
  Found duplicate reference, linking to canonical issue
  Successfully closed issue #30577 as duplicate and removed label using GraphQL
  ✓ Issue #30577 updated successfully
Processing issue #30556: Table-Valued Parameter from local List with Join of DbSet
  Found marked_as_duplicate event at 3/23/2023 7:47:15 AM +00:00
  Found canonical issue #30426 from event details
  Found canonical issue via GraphQL event details
  Found duplicate reference, linking to canonical issue
  Successfully closed issue #30556 as duplicate and removed label using GraphQL
  ✓ Issue #30556 updated successfully
Successfully processed 100 issues
Processing issues in dotnet/efcore...
Found 100 issues with 'closed-duplicate' label
Processing issue #30542: Foreign Key relationships
  Found marked_as_duplicate event at 3/22/2023 7:10:13 PM +00:00
  Found canonical issue #30331 from event details
  Found canonical issue via GraphQL event details
  Found duplicate reference, linking to canonical issue
  Successfully closed issue #30542 as duplicate and removed label using GraphQL
  ✓ Issue #30542 updated successfully
Processing issue #30527: add-migration to detect tabs/spaces preference from .editorconfig
  Found marked_as_duplicate event at 3/20/2023 11:09:29 AM +00:00
  Found canonical issue #30453 from event details
  Found canonical issue via GraphQL event details
  Found duplicate reference, linking to canonical issue
  Successfully closed issue #30527 as duplicate and removed label using GraphQL
  ✓ Issue #30527 updated successfully
Processing issue #30522: LoadExtension SQLite
  Successfully closed issue #30522 as duplicate and removed label using GraphQL
  ✓ Issue #30522 updated successfully
Processing issue #30521: Unable to use ExecuteUpdate(Async) when  having owned entity
  Found marked_as_duplicate event at 3/19/2023 3:19:30 PM +00:00
  Found canonical issue #28727 from event details
  Found canonical issue via GraphQL event details
  Found duplicate reference, linking to canonical issue
  Successfully closed issue #30521 as duplicate and removed label using GraphQL
  ✓ Issue #30521 updated successfully
Processing issue #30497: 生成的模型中get、set访问器问题（The generated model get, set accessor problem）
  Found marked_as_duplicate event at 3/16/2023 11:24:25 AM +00:00
  Found canonical issue #30286 from event details
  Found canonical issue via GraphQL event details
  Found duplicate reference, linking to canonical issue
  Successfully closed issue #30497 as duplicate and removed label using GraphQL
  ✓ Issue #30497 updated successfully
Processing issue #30496: Configure computed database property values using expressions
  Found marked_as_duplicate event at 3/16/2023 12:30:29 AM +00:00
  Found canonical issue #11001 from event details
  Found canonical issue via GraphQL event details
  Found duplicate reference, linking to canonical issue
  Successfully closed issue #30496 as duplicate and removed label using GraphQL
  ✓ Issue #30496 updated successfully
Processing issue #30467: Add NuGet Package README file for EFcore
  Found marked_as_duplicate event at 3/13/2023 7:58:58 PM +00:00
  Found canonical issue #26556 from event details
  Found canonical issue via GraphQL event details
  Found duplicate reference, linking to canonical issue
  Successfully closed issue #30467 as duplicate and removed label using GraphQL
  ✓ Issue #30467 updated successfully
Processing issue #30463: Integer value 0 is not set on INSERT when field has different default value
  Successfully closed issue #30463 as duplicate and removed label using GraphQL
  ✓ Issue #30463 updated successfully
Processing issue #30457: Verify No Changes Command
  Successfully closed issue #30457 as duplicate and removed label using GraphQL
  ✓ Issue #30457 updated successfully
Processing issue #30448: Scaffold-DbContext fails: System.InvalidOperationException: The key {'DocumentTypeId'} cannot be added to keyless type 'DocumentType (Dictionary<string, object>)'.
  Successfully closed issue #30448 as duplicate and removed label using GraphQL
  ✓ Issue #30448 updated successfully
Processing issue #30438: Retrive shadow properties with Notrack
  Successfully closed issue #30438 as duplicate and removed label using GraphQL
  ✓ Issue #30438 updated successfully
Processing issue #30434: Limits mapping to JSON columns - EF Core 7, SQL Server
  Successfully closed issue #30434 as duplicate and removed label using GraphQL
  ✓ Issue #30434 updated successfully
Processing issue #30425: GroupBy list of ranges
  Successfully closed issue #30425 as duplicate and removed label using GraphQL
  ✓ Issue #30425 updated successfully
Processing issue #30399: Boolean filter fails on JSON column due to invalid SQL syntax
  Successfully closed issue #30399 as duplicate and removed label using GraphQL
  ✓ Issue #30399 updated successfully
Processing issue #30396: "System.ArgumentException : An item with the same key has already been added. Key: Param_0" - when I try to run query second and subsequent times
  Found marked_as_duplicate event at 3/9/2023 9:37:25 AM +00:00
  Found canonical issue #30383 from event details
  Found canonical issue via GraphQL event details
  Found duplicate reference, linking to canonical issue
  Successfully closed issue #30396 as duplicate and removed label using GraphQL
  ✓ Issue #30396 updated successfully
Processing issue #30389: Null reference with JSON column
  Successfully closed issue #30389 as duplicate and removed label using GraphQL
  ✓ Issue #30389 updated successfully
Processing issue #30377: Entity property 'DefaultValue' does not work.
  Successfully closed issue #30377 as duplicate and removed label using GraphQL
  ✓ Issue #30377 updated successfully
Processing issue #30376: How to change PK and FK names in TPT tables? (fluent API, EF Core 7)
  Successfully closed issue #30376 as duplicate and removed label using GraphQL
  ✓ Issue #30376 updated successfully
Processing issue #30366: SplitToTable with IsTemporal
  Successfully closed issue #30366 as duplicate and removed label using GraphQL
  ✓ Issue #30366 updated successfully
Processing issue #30339: HasQueryFilter on Relationship 
  Found marked_as_duplicate event at 2/25/2023 4:10:32 PM +00:00
  Found canonical issue #20339 from event details
  Found canonical issue via GraphQL event details
  Found duplicate reference, linking to canonical issue
  Successfully closed issue #30339 as duplicate and removed label using GraphQL
  ✓ Issue #30339 updated successfully
Processing issue #30329: Why tracking queries do not update already tracked entities?
  Successfully closed issue #30329 as duplicate and removed label using GraphQL
  ✓ Issue #30329 updated successfully
Processing issue #30322: Optionally map property if column exists, otherwise silently ignore
  Successfully closed issue #30322 as duplicate and removed label using GraphQL
  ✓ Issue #30322 updated successfully
Processing issue #30316: Json Column in EF Core translate my UTF-8 character to something like \u7BA1  
  Found marked_as_duplicate event at 2/20/2023 7:05:19 PM +00:00
  Found canonical issue #30315 from event details
  Found canonical issue via GraphQL event details
  Found duplicate reference, linking to canonical issue
  Successfully closed issue #30316 as duplicate and removed label using GraphQL
  ✓ Issue #30316 updated successfully
Processing issue #30310: entity insert order is not expected
  Found marked_as_duplicate event at 2/20/2023 10:32:57 AM +00:00
  Found canonical issue #9067 from event details
  Found canonical issue via GraphQL event details
  Found duplicate reference, linking to canonical issue
  Successfully closed issue #30310 as duplicate and removed label using GraphQL
  ✓ Issue #30310 updated successfully
Processing issue #30300: Serialization settings with Cosmos Db Provider
  Found marked_as_duplicate event at 2/18/2023 9:19:03 AM +00:00
  Found canonical issue #17306 from event details
  Found canonical issue via GraphQL event details
  Found duplicate reference, linking to canonical issue
  Successfully closed issue #30300 as duplicate and removed label using GraphQL
  ✓ Issue #30300 updated successfully
Processing issue #30295: System.NullReferenceException: Object reference not set to an instance of an object.
  Found marked_as_duplicate event at 3/2/2023 12:28:07 PM +00:00
  Found canonical issue #30373 from event details
  Found canonical issue via GraphQL event details
  Found duplicate reference, linking to canonical issue
  Successfully closed issue #30295 as duplicate and removed label using GraphQL
  ✓ Issue #30295 updated successfully
Processing issue #30284: i changed scaffold-dbcontext template for class name its work but i cant change filename
  Successfully closed issue #30284 as duplicate and removed label using GraphQL
  ✓ Issue #30284 updated successfully
Processing issue #30268: efcore not support Maui 'Add-Migration' ?
  Found marked_as_duplicate event at 2/22/2023 3:12:12 PM +00:00
  Found canonical issue #26798 from event details
  Found canonical issue via GraphQL event details
  Found duplicate reference, linking to canonical issue
  Successfully closed issue #30268 as duplicate and removed label using GraphQL
  ✓ Issue #30268 updated successfully
Processing issue #30267: EnitytFrameworkCore.InMemory  v6.0.13: FromSqlRaw throws InvalidCastException: Unable to cast object of type 'System.Linq.Expressions.ConstantExpression' to type 'Microsoft.EntityFrameworkCore.Query.QueryRootExpression.
  Successfully closed issue #30267 as duplicate and removed label using GraphQL
  ✓ Issue #30267 updated successfully
Processing issue #30263: Query: convert `NOT(match LIKE pattern)` to `match NOT LIKE pattern`
  Found marked_as_duplicate event at 12/24/2023 3:43:48 PM +00:00
  Found canonical issue #31027 from event details
  Found canonical issue via GraphQL event details
  Found duplicate reference, linking to canonical issue
  Successfully closed issue #30263 as duplicate and removed label using GraphQL
  ✓ Issue #30263 updated successfully
Processing issue #30262: Query: Null semantics doesn't convert LIKE to 2-value logic when optimized expansion is not allowed
  Successfully closed issue #30262 as duplicate and removed label using GraphQL
  ✓ Issue #30262 updated successfully
Processing issue #30259: Apply Migrations Bundles:error
  Successfully closed issue #30259 as duplicate and removed label using GraphQL
  ✓ Issue #30259 updated successfully
Processing issue #30260: Missing word in sentence
  Found marked_as_duplicate event at 2/12/2023 12:52:55 PM +00:00
  Found canonical issue #29978 from event details
  Found canonical issue via GraphQL event details
  Found duplicate reference, linking to canonical issue
  Successfully closed issue #30260 as duplicate and removed label using GraphQL
  ✓ Issue #30260 updated successfully
Processing issue #30253: Scaffolding: not adding HasTrigger
  Found marked_as_duplicate event at 2/10/2023 4:49:15 PM +00:00
  Found canonical issue #10770 from event details
  Found canonical issue via GraphQL event details
  Found duplicate reference, linking to canonical issue
  Successfully closed issue #30253 as duplicate and removed label using GraphQL
  ✓ Issue #30253 updated successfully
Processing issue #30251: Configure OwnedType via convention
  Successfully closed issue #30251 as duplicate and removed label using GraphQL
  ✓ Issue #30251 updated successfully
Processing issue #30250: ExecuteUpdateAsync don't work when using "modelBuilder.Entity<Country>().Navigation(e => e.MyFile).AutoInclude();" in Context
  Found marked_as_duplicate event at 2/10/2023 10:40:03 AM +00:00
  Found canonical issue #28727 from event details
  Found canonical issue via GraphQL event details
  Found duplicate reference, linking to canonical issue
  Successfully closed issue #30250 as duplicate and removed label using GraphQL
  ✓ Issue #30250 updated successfully
Processing issue #30223: Translate TimeOnly.AddHours, AddMinutes on SQLite
  Found marked_as_duplicate event at 2/15/2023 12:25:55 PM +00:00
  Found canonical issue #22950 from event details
  Found canonical issue via GraphQL event details
  Found duplicate reference, linking to canonical issue
  Successfully closed issue #30223 as duplicate and removed label using GraphQL
  ✓ Issue #30223 updated successfully
Processing issue #30222: Adding a no-restore argument for building
  Successfully closed issue #30222 as duplicate and removed label using GraphQL
  ✓ Issue #30222 updated successfully
Processing issue #30217: EF Core 7 generates UpdateData statement in every migration
  Successfully closed issue #30217 as duplicate and removed label using GraphQL
  ✓ Issue #30217 updated successfully
Processing issue #30215: Switch to Prevent Scaffolding of Connection String in Class Library
  Successfully closed issue #30215 as duplicate and removed label using GraphQL
  ✓ Issue #30215 updated successfully
Processing issue #30206: Sql Server, using OnDelete(DeleteBehavior.SetNull) on parent entity, where child have a trigger should not use OUTPUT
  Successfully closed issue #30206 as duplicate and removed label using GraphQL
  ✓ Issue #30206 updated successfully
Processing issue #30202: SetPropertyCalls<TSource> need a method
  Found marked_as_duplicate event at 2/3/2023 10:31:32 AM +00:00
  Found canonical issue #30149 from event details
  Found canonical issue via GraphQL event details
  Found duplicate reference, linking to canonical issue
  Successfully closed issue #30202 as duplicate and removed label using GraphQL
  ✓ Issue #30202 updated successfully
Processing issue #30201: IEnumerable Contains(...) generates non parameterized sql
  Successfully closed issue #30201 as duplicate and removed label using GraphQL
  ✓ Issue #30201 updated successfully
Processing issue #30239: SqlException: "No column name was specified for column 1 of 't'" on IQueryable.Count() with Skip and Take
  Successfully closed issue #30239 as duplicate and removed label using GraphQL
  ✓ Issue #30239 updated successfully
Processing issue #30195: Navigation json column IReadOnlyCollection
  Successfully closed issue #30195 as duplicate and removed label using GraphQL
  ✓ Issue #30195 updated successfully
Processing issue #30190: SQL Server: use EnableOptimizedParameterBinding in SaveChanges
  Found marked_as_duplicate event at 2/1/2023 8:59:19 PM +00:00
  Found canonical issue #29841 from event details
  Found canonical issue via GraphQL event details
  Found duplicate reference, linking to canonical issue
  Successfully closed issue #30190 as duplicate and removed label using GraphQL
  ✓ Issue #30190 updated successfully
Processing issue #30180: SQL Server Graph support
  Found marked_as_duplicate event at 1/31/2023 10:43:39 AM +00:00
  Found canonical issue #8527 from event details
  Found canonical issue via GraphQL event details
  Found duplicate reference, linking to canonical issue
  Successfully closed issue #30180 as duplicate and removed label using GraphQL
  ✓ Issue #30180 updated successfully
Processing issue #30176: ExecuteUpdate does not work with owned Entities
  Found marked_as_duplicate event at 1/30/2023 8:11:52 PM +00:00
  Found canonical issue #28727 from event details
  Found canonical issue via GraphQL event details
  Found duplicate reference, linking to canonical issue
  Successfully closed issue #30176 as duplicate and removed label using GraphQL
  ✓ Issue #30176 updated successfully
Processing issue #30175: Exception in EF Core SQLite (7.0.2) with Net Topology Suite (7.0.2)
  Found marked_as_duplicate event at 1/30/2023 7:12:10 PM +00:00
  Found canonical issue #29584 from event details
  Found canonical issue via GraphQL event details
  Found duplicate reference, linking to canonical issue
  Successfully closed issue #30175 as duplicate and removed label using GraphQL
  ✓ Issue #30175 updated successfully
Processing issue #30162: Add warning/code analyzer that mapping via function call produces different SQL (selects all columns) than inline mapping
  Successfully closed issue #30162 as duplicate and removed label using GraphQL
  ✓ Issue #30162 updated successfully
Processing issue #30141: Support some form of dependency injection to parameterize a `Migration`
  Found marked_as_duplicate event at 2/6/2023 6:04:14 PM +00:00
  Found canonical issue #10660 from event details
  Found canonical issue via GraphQL event details
  Found duplicate reference, linking to canonical issue
  Successfully closed issue #30141 as duplicate and removed label using GraphQL
  ✓ Issue #30141 updated successfully
Processing issue #30132: Query JSON array column size throws exception
  Successfully closed issue #30132 as duplicate and removed label using GraphQL
  ✓ Issue #30132 updated successfully
Processing issue #30127: How to store a conditional/calculated property in ef core 6
  Successfully closed issue #30127 as duplicate and removed label using GraphQL
  ✓ Issue #30127 updated successfully
Processing issue #30124: FromSqlInteroplated Stored Procedure fails when Entity has an Owned entity
  Found marked_as_duplicate event at 1/24/2023 11:43:43 PM +00:00
  Found canonical issue #20743 from event details
  Found canonical issue via GraphQL event details
  Found duplicate reference, linking to canonical issue
  Successfully closed issue #30124 as duplicate and removed label using GraphQL
  ✓ Issue #30124 updated successfully
Processing issue #30121: EF Core 7 In-Memory database provider throws while evaluating value conversions.
  Found marked_as_duplicate event at 1/24/2023 7:28:51 PM +00:00
  Found canonical issue #29603 from event details
  Found canonical issue via GraphQL event details
  Found duplicate reference, linking to canonical issue
  Successfully closed issue #30121 as duplicate and removed label using GraphQL
  ✓ Issue #30121 updated successfully
Processing issue #30118: Error when setting column attributes
  Successfully closed issue #30118 as duplicate and removed label using GraphQL
  ✓ Issue #30118 updated successfully
Processing issue #30112: Enable execution strategy to control buffering independently of retries
  Successfully closed issue #30112 as duplicate and removed label using GraphQL
  ✓ Issue #30112 updated successfully
Processing issue #30108: Modifying the model outside of OnModelCreating
  Successfully closed issue #30108 as duplicate and removed label using GraphQL
  ✓ Issue #30108 updated successfully
Processing issue #30093: Circular dependency was detected in the data to be saved
  Successfully closed issue #30093 as duplicate and removed label using GraphQL
  ✓ Issue #30093 updated successfully
Processing issue #30091: Adding Migration changes namespace and classname
  Found marked_as_duplicate event at 1/18/2023 8:29:54 PM +00:00
  Found canonical issue #29450 from event details
  Found canonical issue via GraphQL event details
  Found duplicate reference, linking to canonical issue
  Successfully closed issue #30091 as duplicate and removed label using GraphQL
  ✓ Issue #30091 updated successfully
Processing issue #30087: Insert fails when model has tables with same name in different schemas
  Found marked_as_duplicate event at 1/19/2023 2:54:24 PM +00:00
  Found canonical issue #29741 from event details
  Found canonical issue via GraphQL event details
  Found duplicate reference, linking to canonical issue
  Successfully closed issue #30087 as duplicate and removed label using GraphQL
  ✓ Issue #30087 updated successfully
Processing issue #30081: Mirosoft.Data.Sqlite 7.0, SQLite Error 19: 'FOREIGN KEY constraint failed'
  Successfully closed issue #30081 as duplicate and removed label using GraphQL
  ✓ Issue #30081 updated successfully
Processing issue #30077: Massive performance decrease on Migrate
  Found marked_as_duplicate event at 1/25/2023 3:46:28 PM +00:00
  Found canonical issue #29642 from event details
  Found canonical issue via GraphQL event details
  Found duplicate reference, linking to canonical issue
  Successfully closed issue #30077 as duplicate and removed label using GraphQL
  ✓ Issue #30077 updated successfully
Processing issue #30068: Order of relationship vs navigation configuration when using ApplyConfigurationsFromAssembly
  Found marked_as_duplicate event at 1/19/2023 7:45:53 PM +00:00
  Found canonical issue #22035 from event details
  Found canonical issue via GraphQL event details
  Found duplicate reference, linking to canonical issue
  Successfully closed issue #30068 as duplicate and removed label using GraphQL
  ✓ Issue #30068 updated successfully
Processing issue #30062: KeyNotFoundException on nullable nested object in JSON column if that object does not exist.
  Found marked_as_duplicate event at 1/18/2023 9:58:04 AM +00:00
  Found canonical issue #30028 from event details
  Found canonical issue via GraphQL event details
  Found duplicate reference, linking to canonical issue
  Successfully closed issue #30062 as duplicate and removed label using GraphQL
  ✓ Issue #30062 updated successfully
Processing issue #30059: EFCore 7.0.2 Bug - Invalid Operation Exception RE "Temporary Value"
  Found marked_as_duplicate event at 1/19/2023 3:06:29 PM +00:00
  Found canonical issue #29741 from event details
  Found canonical issue via GraphQL event details
  Found duplicate reference, linking to canonical issue
  Successfully closed issue #30059 as duplicate and removed label using GraphQL
  ✓ Issue #30059 updated successfully
Processing issue #30055: Nested Entities coming as null on reading using EF core 6 with Azure Cosmos DB 
  Successfully closed issue #30055 as duplicate and removed label using GraphQL
  ✓ Issue #30055 updated successfully
Processing issue #30051: Unable to load mod_spatialite extension into sqlite connection on .NET 7
  Found marked_as_duplicate event at 1/13/2023 12:18:58 PM +00:00
  Found canonical issue #29584 from event details
  Found canonical issue via GraphQL event details
  Found duplicate reference, linking to canonical issue
  Successfully closed issue #30051 as duplicate and removed label using GraphQL
  ✓ Issue #30051 updated successfully
Processing issue #30045: dbcontext optimize command omits certain characters from namespaces
  Successfully closed issue #30045 as duplicate and removed label using GraphQL
  ✓ Issue #30045 updated successfully
Processing issue #30043: Support for abstract types in JSON
  Found marked_as_duplicate event at 1/28/2023 7:20:49 AM +00:00
  Found canonical issue #27779 from event details
  Found canonical issue via GraphQL event details
  Found duplicate reference, linking to canonical issue
  Successfully closed issue #30043 as duplicate and removed label using GraphQL
  ✓ Issue #30043 updated successfully
Processing issue #30039: HasDefaultSchema is ignored for tables created with TPC mapping
  Found marked_as_duplicate event at 1/12/2023 9:51:56 AM +00:00
  Found canonical issue #29899 from event details
  Found canonical issue via GraphQL event details
  Found duplicate reference, linking to canonical issue
  Successfully closed issue #30039 as duplicate and removed label using GraphQL
  ✓ Issue #30039 updated successfully
Processing issue #30029: SQL output can contain navigation properties as columns - EF Core 7
  Successfully closed issue #30029 as duplicate and removed label using GraphQL
  ✓ Issue #30029 updated successfully
Processing issue #30026: InMemory database throwing ArgumentException when using value-converted property in a query
  Successfully closed issue #30026 as duplicate and removed label using GraphQL
  ✓ Issue #30026 updated successfully
Processing issue #30007: How can I dynamically check that all changed entries tracked by change tracker relate to same aggregate?
  Found marked_as_duplicate event at 1/10/2023 6:48:45 PM +00:00
  Found canonical issue #29848 from event details
  Found canonical issue via GraphQL event details
  Found duplicate reference, linking to canonical issue
  Successfully closed issue #30007 as duplicate and removed label using GraphQL
  ✓ Issue #30007 updated successfully
Processing issue #30001: Using a DateTimeOffset created in a GroupBy fails to convert string to TimeSpan
  Found marked_as_duplicate event at 1/6/2023 2:39:41 PM +00:00
  Found canonical issue #24075 from event details
  Found canonical issue via GraphQL event details
  Found duplicate reference, linking to canonical issue
  Successfully closed issue #30001 as duplicate and removed label using GraphQL
  ✓ Issue #30001 updated successfully
Processing issue #29994: ExecuteInsert (bulk insert)
  Found marked_as_duplicate event at 1/6/2023 1:06:48 AM +00:00
  Found canonical issue #27333 from event details
  Found canonical issue via GraphQL event details
  Found duplicate reference, linking to canonical issue
  Successfully closed issue #29994 as duplicate and removed label using GraphQL
  ✓ Issue #29994 updated successfully
Processing issue #29977: EF Core 7 Scaffold-DbContext pluralizer incorrectly removes .ToTable() in many-to-many relationship
  Found marked_as_duplicate event at 1/4/2023 2:34:42 PM +00:00
  Found canonical issue #29634 from event details
  Found canonical issue via GraphQL event details
  Found duplicate reference, linking to canonical issue
  Successfully closed issue #29977 as duplicate and removed label using GraphQL
  ✓ Issue #29977 updated successfully
Processing issue #29976: ExecuteUpdate throws exception when entity has an autoinclude
  Found marked_as_duplicate event at 1/5/2023 9:03:05 PM +00:00
  Found canonical issue #28727 from event details
  Found canonical issue via GraphQL event details
  Found duplicate reference, linking to canonical issue
  Successfully closed issue #29976 as duplicate and removed label using GraphQL
  ✓ Issue #29976 updated successfully
Processing issue #29956: EF throws weird exception
  Found marked_as_duplicate event at 1/2/2023 9:43:06 AM +00:00
  Found canonical issue #29502 from event details
  Found canonical issue via GraphQL event details
  Found duplicate reference, linking to canonical issue
  Successfully closed issue #29956 as duplicate and removed label using GraphQL
  ✓ Issue #29956 updated successfully
Processing issue #29953: EF7 > Migrations are wrong when having the same property name in multiple child classes
  Successfully closed issue #29953 as duplicate and removed label using GraphQL
  ✓ Issue #29953 updated successfully
Processing issue #29945: Invalid object name 'AspNetUserRole'.
  Successfully closed issue #29945 as duplicate and removed label using GraphQL
  ✓ Issue #29945 updated successfully
Processing issue #29940: Ordering with Multiple constructors in the Entity type 
  Successfully closed issue #29940 as duplicate and removed label using GraphQL
  ✓ Issue #29940 updated successfully
Processing issue #29939: Reload of Entity won't refresh value of owned type
  Successfully closed issue #29939 as duplicate and removed label using GraphQL
  ✓ Issue #29939 updated successfully
Processing issue #29934: how to change batch delete to update when entity is softdelete
  Successfully closed issue #29934 as duplicate and removed label using GraphQL
  ✓ Issue #29934 updated successfully
Processing issue #29923: The host was aborted exception when adding new migration
  Successfully closed issue #29923 as duplicate and removed label using GraphQL
  ✓ Issue #29923 updated successfully
Processing issue #29905: SaveChanges creates an empty Merge query statement, transactions are probably not garanteed, consequential damage:  Microsoft.Data.SqlClient.SqlException (0x80131904): The MERGE statement conflicted with the FOREIGN KEY constraint
  Found marked_as_duplicate event at 12/22/2022 1:48:14 PM +00:00
  Found canonical issue #29502 from event details
  Found canonical issue via GraphQL event details
  Found duplicate reference, linking to canonical issue
  Successfully closed issue #29905 as duplicate and removed label using GraphQL
  ✓ Issue #29905 updated successfully
Processing issue #29904: UninitializedDbSetDiagnosticSuppressor doesn't work when the severity is set to Error
  Found marked_as_duplicate event at 12/21/2022 8:37:54 AM +00:00
  Found canonical issue #29582 from event details
  Found canonical issue via GraphQL event details
  Found duplicate reference, linking to canonical issue
  Successfully closed issue #29904 as duplicate and removed label using GraphQL
  ✓ Issue #29904 updated successfully
Processing issue #29894: Please add methods for ExecuteInsert & ExecuteInsertAsync 
  Found marked_as_duplicate event at 12/19/2022 11:43:22 PM +00:00
  Found canonical issue #27320 from event details
  Found canonical issue via GraphQL event details
  Found duplicate reference, linking to canonical issue
  Successfully closed issue #29894 as duplicate and removed label using GraphQL
  ✓ Issue #29894 updated successfully
Processing issue #29893: FirstOrDefault on DateTime column projection throws SqlException "The conversion of a varchar data type to a datetime data type resulted in an out-of-range valued" when sequence contains 0 items
  Successfully closed issue #29893 as duplicate and removed label using GraphQL
  ✓ Issue #29893 updated successfully
Processing issue #29880: Upgrade to EFCore 7 Results in Unexpected Index Changes
  Found marked_as_duplicate event at 12/17/2022 2:49:10 PM +00:00
  Found canonical issue #29847 from event details
  Found canonical issue via GraphQL event details
  Found duplicate reference, linking to canonical issue
  Successfully closed issue #29880 as duplicate and removed label using GraphQL
  ✓ Issue #29880 updated successfully
Processing issue #29879: Migration file is generated with same content
  Found marked_as_duplicate event at 1/4/2023 9:01:48 PM +00:00
  Found canonical issue #29450 from event details
  Found canonical issue via GraphQL event details
  Found duplicate reference, linking to canonical issue
  Successfully closed issue #29879 as duplicate and removed label using GraphQL
  ✓ Issue #29879 updated successfully
Processing issue #29838: JSON Column nullable
  Successfully closed issue #29838 as duplicate and removed label using GraphQL
  ✓ Issue #29838 updated successfully
Processing issue #29833: Error with loading the Spatialite extension with v7 of sqlite provider
  Successfully closed issue #29833 as duplicate and removed label using GraphQL
  ✓ Issue #29833 updated successfully
Processing issue #29828: Nullreferencexception scaffolding foreign key without primary key (regression)
  Successfully closed issue #29828 as duplicate and removed label using GraphQL
  ✓ Issue #29828 updated successfully
Processing issue #29827: First Query take 8 seconds even with Compiled models
  Successfully closed issue #29827 as duplicate and removed label using GraphQL
  ✓ Issue #29827 updated successfully
Processing issue #29823: Set MaxLength ToJson column
  Found marked_as_duplicate event at 12/11/2022 2:58:24 PM +00:00
  Found canonical issue #28591 from event details
  Found canonical issue via GraphQL event details
  Found duplicate reference, linking to canonical issue
  Successfully closed issue #29823 as duplicate and removed label using GraphQL
  ✓ Issue #29823 updated successfully
Processing issue #29812: Filtering over owned entity nested in another owned entity throws InvalidOperationException
  Found marked_as_duplicate event at 12/12/2022 12:32:49 PM +00:00
  Found canonical issue #29442 from event details
  Found canonical issue via GraphQL event details
  Found duplicate reference, linking to canonical issue
  Successfully closed issue #29812 as duplicate and removed label using GraphQL
  ✓ Issue #29812 updated successfully
Processing issue #29811: SQLite: RETURNING clause doesn't work with AFTER triggers
  Found marked_as_duplicate event at 1/3/2023 6:17:14 PM +00:00
  Found canonical issue #29916 from event details
  Found canonical issue via GraphQL event details
  Found duplicate reference, linking to canonical issue
  Successfully closed issue #29811 as duplicate and removed label using GraphQL
  ✓ Issue #29811 updated successfully
Processing issue #29810: Ability to specify serializer for ToJson() method 
  Successfully closed issue #29810 as duplicate and removed label using GraphQL
  ✓ Issue #29810 updated successfully
Processing issue #29780: EF Core 7 AlterColumn generates an UPDATE in the SQL Server migration that can cause issues if the column is renamed in a subsequent migration
  Found marked_as_duplicate event at 12/5/2022 8:08:55 PM +00:00
  Found canonical issue #29530 from event details
  Found canonical issue via GraphQL event details
  Found duplicate reference, linking to canonical issue
  Successfully closed issue #29780 as duplicate and removed label using GraphQL
  ✓ Issue #29780 updated successfully
Successfully processed 100 issues
Processing issues in dotnet/efcore...
Found 100 issues with 'closed-duplicate' label
Processing issue #29752: EFCore 7 ValueGeneratedOnUpdate not working on Guid that is not a key
  Found marked_as_duplicate event at 12/4/2022 10:52:44 AM +00:00
  Found canonical issue #28024 from event details
  Found canonical issue via GraphQL event details
  Found duplicate reference, linking to canonical issue
  Successfully closed issue #29752 as duplicate and removed label using GraphQL
  ✓ Issue #29752 updated successfully
Processing issue #29737: Erroneous circular dependency detection when updating entities with composite primary key and one-to-one relationships
  Found marked_as_duplicate event at 12/8/2022 6:33:51 PM +00:00
  Found canonical issue #29647 from event details
  Found canonical issue via GraphQL event details
  Found duplicate reference, linking to canonical issue
  Successfully closed issue #29737 as duplicate and removed label using GraphQL
  ✓ Issue #29737 updated successfully
Processing issue #29735: Does Json Column support a collection value?
  Found marked_as_duplicate event at 12/5/2022 2:14:05 PM +00:00
  Found canonical issue #29427 from event details
  Found canonical issue via GraphQL event details
  Found duplicate reference, linking to canonical issue
  Successfully closed issue #29735 as duplicate and removed label using GraphQL
  ✓ Issue #29735 updated successfully
Processing issue #29729: EF core 7: Reverse engineering many to many relations missing ToTable()
  Successfully closed issue #29729 as duplicate and removed label using GraphQL
  ✓ Issue #29729 updated successfully
Processing issue #29715: EF 7.0.0 TPH migration fails with System.InvalidOperationException
  Found marked_as_duplicate event at 11/30/2022 10:33:06 AM +00:00
  Found canonical issue #29534 from event details
  Found canonical issue via GraphQL event details
  Found duplicate reference, linking to canonical issue
  Successfully closed issue #29715 as duplicate and removed label using GraphQL
  ✓ Issue #29715 updated successfully
Processing issue #29700: T4 - How to change file names
  Found marked_as_duplicate event at 11/30/2022 10:42:19 PM +00:00
  Found canonical issue #29541 from event details
  Found canonical issue via GraphQL event details
  Found duplicate reference, linking to canonical issue
  Successfully closed issue #29700 as duplicate and removed label using GraphQL
  ✓ Issue #29700 updated successfully
Processing issue #29699: Enable JsonColumn JSON_UNESCAPED_UNICODE
  Successfully closed issue #29699 as duplicate and removed label using GraphQL
  ✓ Issue #29699 updated successfully
Processing issue #29697: EF Core 7.0 generates query with non-existent columns for composite foreign key
  Successfully closed issue #29697 as duplicate and removed label using GraphQL
  ✓ Issue #29697 updated successfully
Processing issue #29690: ExecuteDeleteAsync fails when an owned entity exists and the query isn't supported natively (subquery form)
  Found marked_as_duplicate event at 1/15/2024 6:59:01 PM +00:00
  Found canonical issue #32823 from event details
  Found canonical issue via GraphQL event details
  Found duplicate reference, linking to canonical issue
  Successfully closed issue #29690 as duplicate and removed label using GraphQL
  ✓ Issue #29690 updated successfully
Processing issue #29687: Tpt mapping Sql Query
  Successfully closed issue #29687 as duplicate and removed label using GraphQL
  ✓ Issue #29687 updated successfully
Processing issue #29681: Using a ValueConverter instance for `PropertiesConfigurationBuilder.HaveConversion()`
  Successfully closed issue #29681 as duplicate and removed label using GraphQL
  ✓ Issue #29681 updated successfully
Processing issue #29677: Issue with serialized Json Array/Lists
  Found marked_as_duplicate event at 12/1/2022 7:21:24 AM +00:00
  Found canonical issue #28616 from event details
  Found canonical issue via GraphQL event details
  Found duplicate reference, linking to canonical issue
  Successfully closed issue #29677 as duplicate and removed label using GraphQL
  ✓ Issue #29677 updated successfully
Processing issue #29675: JsonColumns vs ExecuteUpdateAsync + custom serializer for JsonColums
  Successfully closed issue #29675 as duplicate and removed label using GraphQL
  ✓ Issue #29675 updated successfully
Processing issue #29666: Support for TBT and TBC in ExecuteUpdate(Async) & ExecuteDelete(Async)
  Found marked_as_duplicate event at 11/23/2022 6:25:24 PM +00:00
  Found canonical issue #28520 from event details
  Found canonical issue via GraphQL event details
  Found duplicate reference, linking to canonical issue
  Successfully closed issue #29666 as duplicate and removed label using GraphQL
  ✓ Issue #29666 updated successfully
Processing issue #29664: Migration for IdentityUser change type of key is failing
  Found marked_as_duplicate event at 12/1/2022 1:37:59 PM +00:00
  Found canonical issue #12586 from event details
  Found canonical issue via GraphQL event details
  Found duplicate reference, linking to canonical issue
  Successfully closed issue #29664 as duplicate and removed label using GraphQL
  ✓ Issue #29664 updated successfully
Processing issue #29663: Json Column With Id property 
  Successfully closed issue #29663 as duplicate and removed label using GraphQL
  ✓ Issue #29663 updated successfully
Processing issue #29659: HasDiscriminator based on owned value object property
  Successfully closed issue #29659 as duplicate and removed label using GraphQL
  ✓ Issue #29659 updated successfully
Processing issue #29652: How to specify an optional SplitToTable configuration
  Found marked_as_duplicate event at 11/28/2022 1:40:31 AM +00:00
  Found canonical issue #27974 from event details
  Found canonical issue via GraphQL event details
  Found duplicate reference, linking to canonical issue
  Successfully closed issue #29652 as duplicate and removed label using GraphQL
  ✓ Issue #29652 updated successfully
Processing issue #29640: Foreign key {'X'} on entity type {T} cannot have a required dependent end since it is not unique.
  Successfully closed issue #29640 as duplicate and removed label using GraphQL
  ✓ Issue #29640 updated successfully
Processing issue #29629: Add `dotnet ef database create-tables` command
  Found marked_as_duplicate event at 11/21/2022 6:36:40 PM +00:00
  Found canonical issue #7840 from event details
  Found canonical issue via GraphQL event details
  Found duplicate reference, linking to canonical issue
  Successfully closed issue #29629 as duplicate and removed label using GraphQL
  ✓ Issue #29629 updated successfully
Processing issue #29621: Find many objects by key - The right way?
  Found marked_as_duplicate event at 11/19/2022 7:49:54 PM +00:00
  Found canonical issue #13617 from event details
  Found canonical issue via GraphQL event details
  Found duplicate reference, linking to canonical issue
  Successfully closed issue #29621 as duplicate and removed label using GraphQL
  ✓ Issue #29621 updated successfully
Processing issue #29614: SQLite RevEng: Use .NET types
  Successfully closed issue #29614 as duplicate and removed label using GraphQL
  ✓ Issue #29614 updated successfully
Processing issue #29611: <please delete>
  Found marked_as_duplicate event at 11/18/2022 2:53:22 PM +00:00
  Found canonical issue #29613 from event details
  Found canonical issue via GraphQL event details
  Found duplicate reference, linking to canonical issue
  Successfully closed issue #29611 as duplicate and removed label using GraphQL
  ✓ Issue #29611 updated successfully
Processing issue #29606: JSON/Query: improve de-duplication logic for collection element access scenarios
  Found marked_as_duplicate event at 11/19/2022 10:54:22 AM +00:00
  Found canonical issue #29513 from event details
  Found canonical issue via GraphQL event details
  Found duplicate reference, linking to canonical issue
  Successfully closed issue #29606 as duplicate and removed label using GraphQL
  ✓ Issue #29606 updated successfully
Processing issue #29599: Count() is not working correctly with Include() and HasQueryFilter()
  Found marked_as_duplicate event at 11/18/2022 11:13:35 AM +00:00
  Found canonical issue #19649 from event details
  Found canonical issue via GraphQL event details
  Found duplicate reference, linking to canonical issue
  Successfully closed issue #29599 as duplicate and removed label using GraphQL
  ✓ Issue #29599 updated successfully
Processing issue #29587: EFCore 7 - SqlServer - DataAnnotation 'TypeName' and fluent API 'HasColumnType' is not being honored for aggregate type for which ToJson() is defined
  Successfully closed issue #29587 as duplicate and removed label using GraphQL
  ✓ Issue #29587 updated successfully
Processing issue #29579: Exception while applying migration with model containing descendant types with same property names
  Successfully closed issue #29579 as duplicate and removed label using GraphQL
  ✓ Issue #29579 updated successfully
Processing issue #29570: EFCore 7.0 Bug - Invalid Operation Exception RE "Temporary Value"
  Successfully closed issue #29570 as duplicate and removed label using GraphQL
  ✓ Issue #29570 updated successfully
Processing issue #29569: Crash while scaffolding in EF7 when no primary key set on ManyToMany table
  Successfully closed issue #29569 as duplicate and removed label using GraphQL
  ✓ Issue #29569 updated successfully
Processing issue #29563: Invalid configuration when scaffolding a manytomany table with underscore in fieldname
  Successfully closed issue #29563 as duplicate and removed label using GraphQL
  ✓ Issue #29563 updated successfully
Processing issue #29562: Batched query breaks after upgrade to 7.0 - The UPDATE statement conflicted with the FOREIGN KEY constraint
  Found marked_as_duplicate event at 11/17/2022 6:00:55 PM +00:00
  Found canonical issue #29502 from event details
  Found canonical issue via GraphQL event details
  Found duplicate reference, linking to canonical issue
  Successfully closed issue #29562 as duplicate and removed label using GraphQL
  ✓ Issue #29562 updated successfully
Processing issue #29561: Lazy building of internal runtime model
  Successfully closed issue #29561 as duplicate and removed label using GraphQL
  ✓ Issue #29561 updated successfully
Processing issue #29556: Using IQueryable with record type - InvalidOperationException
  Found marked_as_duplicate event at 11/16/2022 7:00:17 AM +00:00
  Found canonical issue #27281 from event details
  Found canonical issue via GraphQL event details
  Found duplicate reference, linking to canonical issue
  Successfully closed issue #29556 as duplicate and removed label using GraphQL
  ✓ Issue #29556 updated successfully
Processing issue #29554: Adding an existing item to a many-to-many relationship with a custom join entity does not get fixed up by the change tracker
  Successfully closed issue #29554 as duplicate and removed label using GraphQL
  ✓ Issue #29554 updated successfully
Processing issue #29512: SQLite: RETURNING clause doesn't work with virtual tables
  Successfully closed issue #29512 as duplicate and removed label using GraphQL
  ✓ Issue #29512 updated successfully
Processing issue #29503: EF generates additional mapping to the same sql column with '1' postfix in column name
  Successfully closed issue #29503 as duplicate and removed label using GraphQL
  ✓ Issue #29503 updated successfully
Processing issue #29498: Error when mapping a common abstracted relationship table to more than one case
  Successfully closed issue #29498 as duplicate and removed label using GraphQL
  ✓ Issue #29498 updated successfully
Processing issue #29487: Does InsertData work in migrations with JSON columns?
  Successfully closed issue #29487 as duplicate and removed label using GraphQL
  ✓ Issue #29487 updated successfully
Processing issue #29483: ExecuteUpdate does not work with owned entities
  Successfully closed issue #29483 as duplicate and removed label using GraphQL
  ✓ Issue #29483 updated successfully
Processing issue #29482: Decimal variable precision is not properly converted to SQL
  Found marked_as_duplicate event at 11/4/2022 3:26:23 PM +00:00
  Found canonical issue #29313 from event details
  Found canonical issue via GraphQL event details
  Found duplicate reference, linking to canonical issue
  Successfully closed issue #29482 as duplicate and removed label using GraphQL
  ✓ Issue #29482 updated successfully
Processing issue #29457: Nullable owned entity with nested owned entity always NOT NULL
  Found marked_as_duplicate event at 11/3/2022 8:54:51 AM +00:00
  Found canonical issue #24558 from event details
  Found canonical issue via GraphQL event details
  Found duplicate reference, linking to canonical issue
  Successfully closed issue #29457 as duplicate and removed label using GraphQL
  ✓ Issue #29457 updated successfully
Processing issue #29456: Sharing JSON column between different generic implementations in TPH inheritance
  Found marked_as_duplicate event at 10/30/2022 4:15:48 PM +00:00
  Found canonical issue #27779 from event details
  Found canonical issue via GraphQL event details
  Found duplicate reference, linking to canonical issue
  Successfully closed issue #29456 as duplicate and removed label using GraphQL
  ✓ Issue #29456 updated successfully
Processing issue #29455: GroupBy() Min() Limitations
  Found marked_as_duplicate event at 10/30/2022 4:09:54 PM +00:00
  Found canonical issue #25566 from event details
  Found canonical issue via GraphQL event details
  Found duplicate reference, linking to canonical issue
  Successfully closed issue #29455 as duplicate and removed label using GraphQL
  ✓ Issue #29455 updated successfully
Processing issue #29453: Data Annotations not overriding configurationBuilder properties
  Found marked_as_duplicate event at 10/30/2022 6:50:39 PM +00:00
  Found canonical issue #28655 from event details
  Found canonical issue via GraphQL event details
  Found duplicate reference, linking to canonical issue
  Successfully closed issue #29453 as duplicate and removed label using GraphQL
  ✓ Issue #29453 updated successfully
Processing issue #29431: Define temporal tables by data annotation
  Successfully closed issue #29431 as duplicate and removed label using GraphQL
  ✓ Issue #29431 updated successfully
Processing issue #29421: Custom ValueConverter and dependency injection
  Successfully closed issue #29421 as duplicate and removed label using GraphQL
  ✓ Issue #29421 updated successfully
Processing issue #29411: AsSplitQuery for specified collection
  Successfully closed issue #29411 as duplicate and removed label using GraphQL
  ✓ Issue #29411 updated successfully
Processing issue #29400: How to configure temporal table with multiple owned entities in EF7?
  Successfully closed issue #29400 as duplicate and removed label using GraphQL
  ✓ Issue #29400 updated successfully
Processing issue #29394: "Build failed" error message without useful information
  Successfully closed issue #29394 as duplicate and removed label using GraphQL
  ✓ Issue #29394 updated successfully
Processing issue #29393: SqlServer GraphDatabase
  Successfully closed issue #29393 as duplicate and removed label using GraphQL
  ✓ Issue #29393 updated successfully
Processing issue #29391: Lazy Load Proxy loses the System.Runtime.CompilerServices.NullableAttribute from properties
  Successfully closed issue #29391 as duplicate and removed label using GraphQL
  ✓ Issue #29391 updated successfully
Processing issue #29389: Migrations messing up my schema.
  Successfully closed issue #29389 as duplicate and removed label using GraphQL
  ✓ Issue #29389 updated successfully
Processing issue #29381: Take with Range couldn't be translated to SQL query
  Found marked_as_duplicate event at 10/17/2022 5:40:52 PM +00:00
  Found canonical issue #24479 from event details
  Found canonical issue via GraphQL event details
  Found duplicate reference, linking to canonical issue
  Successfully closed issue #29381 as duplicate and removed label using GraphQL
  ✓ Issue #29381 updated successfully
Processing issue #29372: LazyLoading not working
  Found marked_as_duplicate event at 10/17/2022 2:43:27 PM +00:00
  Found canonical issue #15532 from event details
  Found canonical issue via GraphQL event details
  Found duplicate reference, linking to canonical issue
  Successfully closed issue #29372 as duplicate and removed label using GraphQL
  ✓ Issue #29372 updated successfully
Processing issue #29364: It has an endless loop, and its ideal result is the same as "Teacher=null", because I have no Include.
  Successfully closed issue #29364 as duplicate and removed label using GraphQL
  ✓ Issue #29364 updated successfully
Processing issue #29345: Can't translated `set.GroupBy(x=>x.Time.Year)` 
  Successfully closed issue #29345 as duplicate and removed label using GraphQL
  ✓ Issue #29345 updated successfully
Processing issue #29342: JSON_VALUE query not able to use indexes
  Found marked_as_duplicate event at 10/13/2022 12:29:11 PM +00:00
  Found canonical issue #28881 from event details
  Found canonical issue via GraphQL event details
  Found duplicate reference, linking to canonical issue
  Successfully closed issue #29342 as duplicate and removed label using GraphQL
  ✓ Issue #29342 updated successfully
Processing issue #29335: Referencing EntityFrameworkCore.Design in .NET MAUI Application results in build error
  Successfully closed issue #29335 as duplicate and removed label using GraphQL
  ✓ Issue #29335 updated successfully
Processing issue #29327: Ef Core 7 RC2 NamingConvention  get_EntityTypeAddedConventions method not found
  Found marked_as_duplicate event at 10/12/2022 6:26:44 AM +00:00
  Found canonical issue #158 from event details
  Found canonical issue via GraphQL event details
  Found duplicate reference, linking to canonical issue
  Successfully closed issue #29327 as duplicate and removed label using GraphQL
  ✓ Issue #29327 updated successfully
Processing issue #29319: Why was my previous bug about windows 11 and ef core toooling not working 
  Found marked_as_duplicate event at 10/11/2022 4:22:57 PM +00:00
  Found canonical issue #28452 from event details
  Found canonical issue via GraphQL event details
  Found duplicate reference, linking to canonical issue
  Successfully closed issue #29319 as duplicate and removed label using GraphQL
  ✓ Issue #29319 updated successfully
Processing issue #29317: FromSqlRaw + OwnedEntity + Where on PK throws
  Found marked_as_duplicate event at 10/11/2022 4:52:37 PM +00:00
  Found canonical issue #29196 from event details
  Found canonical issue via GraphQL event details
  Found duplicate reference, linking to canonical issue
  Successfully closed issue #29317 as duplicate and removed label using GraphQL
  ✓ Issue #29317 updated successfully
Processing issue #29314: SQLite cannot apply aggregate operator 'Sum' on expressions of type 'decimal'. 
  Successfully closed issue #29314 as duplicate and removed label using GraphQL
  ✓ Issue #29314 updated successfully
Processing issue #29304: Accessing properties of result selected with First/FirstOrDefault
  Found marked_as_duplicate event at 10/12/2022 8:42:23 PM +00:00
  Found canonical issue #7776 from event details
  Found canonical issue via GraphQL event details
  Found duplicate reference, linking to canonical issue
  Successfully closed issue #29304 as duplicate and removed label using GraphQL
  ✓ Issue #29304 updated successfully
Processing issue #29267: JSON/Query: optimize casts to nvarchar(max) in json queries where possible
  Successfully closed issue #29267 as duplicate and removed label using GraphQL
  ✓ Issue #29267 updated successfully
Processing issue #29252: How to map in EF Core 6 a vlue object with derive classes?
  Successfully closed issue #29252 as duplicate and removed label using GraphQL
  ✓ Issue #29252 updated successfully
Processing issue #29245: Is there a way to use interfaces with EF Core?
  Successfully closed issue #29245 as duplicate and removed label using GraphQL
  ✓ Issue #29245 updated successfully
Processing issue #29234: Cannot add navigation property to owned types if it holds the foreign key
  Successfully closed issue #29234 as duplicate and removed label using GraphQL
  ✓ Issue #29234 updated successfully
Processing issue #29230: InvalidOperationException on Add and Remove with ChangeTrackingStrategy.ChangingAndChangedNotificationsWithOriginalValues
  Successfully closed issue #29230 as duplicate and removed label using GraphQL
  ✓ Issue #29230 updated successfully
Processing issue #29183: One to many plus One to One with same entity
  Found marked_as_duplicate event at 9/26/2022 4:58:59 PM +00:00
  Found canonical issue #1699 from event details
  Found canonical issue via GraphQL event details
  Found duplicate reference, linking to canonical issue
  Successfully closed issue #29183 as duplicate and removed label using GraphQL
  ✓ Issue #29183 updated successfully
Processing issue #29152: AsNoTracking() performs partial identity resolution
  Successfully closed issue #29152 as duplicate and removed label using GraphQL
  ✓ Issue #29152 updated successfully
Processing issue #29137: Synapse database first approach - FUNCTION OBJECT_SCHEMA_NAME not supported
  Found marked_as_duplicate event at 9/19/2022 5:29:35 PM +00:00
  Found canonical issue #29121 from event details
  Found canonical issue via GraphQL event details
  Found duplicate reference, linking to canonical issue
  Successfully closed issue #29137 as duplicate and removed label using GraphQL
  ✓ Issue #29137 updated successfully
Processing issue #29120: EF 7 RC1 - The binary operator Equal is not defined for the types 'System.Guid' and 'System.Nullable`1[System.Guid]'
  Successfully closed issue #29120 as duplicate and removed label using GraphQL
  ✓ Issue #29120 updated successfully
Processing issue #29027: Union not supported?
  Found marked_as_duplicate event at 9/12/2022 10:08:55 PM +00:00
  Found canonical issue #19129 from event details
  Found canonical issue via GraphQL event details
  Found duplicate reference, linking to canonical issue
  Successfully closed issue #29027 as duplicate and removed label using GraphQL
  ✓ Issue #29027 updated successfully
Processing issue #29008: ChangeTracker.DetectChanges() issue with DDD-style enumerations
  Successfully closed issue #29008 as duplicate and removed label using GraphQL
  ✓ Issue #29008 updated successfully
Processing issue #28953: The LINQ expression cannot be translated when using null check for nested projections
  Successfully closed issue #28953 as duplicate and removed label using GraphQL
  ✓ Issue #28953 updated successfully
Processing issue #28952: System.Collections.Generic.KeyNotFoundException generated when entity classes with explicit interface properties used.
  Successfully closed issue #28952 as duplicate and removed label using GraphQL
  ✓ Issue #28952 updated successfully
Processing issue #28929: How to query array contains array with Azure CosmosDB with EFCore
  Successfully closed issue #28929 as duplicate and removed label using GraphQL
  ✓ Issue #28929 updated successfully
Processing issue #28921: EF.Default doesn't work for value types
  Successfully closed issue #28921 as duplicate and removed label using GraphQL
  ✓ Issue #28921 updated successfully
Processing issue #28897: New EF7 Optimization of Insert query fails on tables with Triggers
  Found marked_as_duplicate event at 8/26/2022 12:24:07 PM +00:00
  Found canonical issue #27531 from event details
  Found canonical issue via GraphQL event details
  Found duplicate reference, linking to canonical issue
  Successfully closed issue #28897 as duplicate and removed label using GraphQL
  ✓ Issue #28897 updated successfully
Processing issue #28893: Use Custom SqlCLR Aggregate Functions in EF7
  Found marked_as_duplicate event at 8/26/2022 12:58:51 PM +00:00
  Found canonical issue #27934 from event details
  Found canonical issue via GraphQL event details
  Found duplicate reference, linking to canonical issue
  Successfully closed issue #28893 as duplicate and removed label using GraphQL
  ✓ Issue #28893 updated successfully
Processing issue #28849: How to properly migrate column from nullable to non-nullable
  Found marked_as_duplicate event at 8/25/2022 9:13:13 PM +00:00
  Found canonical issue #21765 from event details
  Found canonical issue via GraphQL event details
  Found duplicate reference, linking to canonical issue
  Successfully closed issue #28849 as duplicate and removed label using GraphQL
  ✓ Issue #28849 updated successfully
Processing issue #28829: Very inefficient SQL generated for simple table-split query since 3.0.
  Successfully closed issue #28829 as duplicate and removed label using GraphQL
  ✓ Issue #28829 updated successfully
Processing issue #28815: Json: allow customizing (some) serialization options when creating json, so that it's more readable
  Successfully closed issue #28815 as duplicate and removed label using GraphQL
  ✓ Issue #28815 updated successfully
Processing issue #28788: Strings.PlatformNotSupported_DataSqlClient After Upgrade from Ubuntu 20.04 LTS to 22.04 LTS
  Found marked_as_duplicate event at 8/21/2022 8:24:09 PM +00:00
  Found canonical issue #1427 from event details
  Found canonical issue via GraphQL event details
  Found duplicate reference, linking to canonical issue
  Successfully closed issue #28788 as duplicate and removed label using GraphQL
  ✓ Issue #28788 updated successfully
Processing issue #28775: Improve `HasCheckConstraint`
  Successfully closed issue #28775 as duplicate and removed label using GraphQL
  ✓ Issue #28775 updated successfully
Processing issue #28762: Support for lists of primitives in EF with CosmosDb, support Guids
  Found marked_as_duplicate event at 8/17/2022 6:38:46 PM +00:00
  Found canonical issue #25343 from event details
  Found canonical issue via GraphQL event details
  Found duplicate reference, linking to canonical issue
  Successfully closed issue #28762 as duplicate and removed label using GraphQL
  ✓ Issue #28762 updated successfully
Processing issue #28730: bug or question for cosmos db provider about replacing an object that throw an error on a property id that doesnt exist
  Found marked_as_duplicate event at 8/16/2022 4:41:38 PM +00:00
  Found canonical issue #27918 from event details
  Found canonical issue via GraphQL event details
  Found duplicate reference, linking to canonical issue
  Successfully closed issue #28730 as duplicate and removed label using GraphQL
  ✓ Issue #28730 updated successfully
Processing issue #28697: Add global query filter dynamically to entity types that implement a specific interface
  Successfully closed issue #28697 as duplicate and removed label using GraphQL
  ✓ Issue #28697 updated successfully
Processing issue #28692: How is passed value from --connection argument from migrations bundle into "bundled" migration project?
  Successfully closed issue #28692 as duplicate and removed label using GraphQL
  ✓ Issue #28692 updated successfully
Processing issue #28676: Compiled model: The binary operator Equal is not defined for the types 'System.Int32' and 'System.Nullable`1[System.Int32]'
  Found marked_as_duplicate event at 8/11/2022 2:31:25 PM +00:00
  Found canonical issue #28108 from event details
  Found canonical issue via GraphQL event details
  Found duplicate reference, linking to canonical issue
  Successfully closed issue #28676 as duplicate and removed label using GraphQL
  ✓ Issue #28676 updated successfully
Processing issue #28674: Use fully qualified names in typeof() for compiled models
  Successfully closed issue #28674 as duplicate and removed label using GraphQL
  ✓ Issue #28674 updated successfully
Processing issue #28655: How can I override a MaxLength convention with an attribute?
  Found marked_as_duplicate event at 6/16/2025 9:04:29 AM +00:00
  Found canonical issue #29453 from event details
  Found canonical issue via GraphQL event details
  Found duplicate reference, linking to canonical issue
  Successfully closed issue #28655 as duplicate and removed label using GraphQL
  ✓ Issue #28655 updated successfully
Processing issue #28643: Allow ExecuteUpdate for entity splitting if all the properties being updated are in single table
  Found marked_as_duplicate event at 8/3/2023 10:29:51 AM +00:00
  Found canonical issue #31406 from event details
  Found canonical issue via GraphQL event details
  Found duplicate reference, linking to canonical issue
  Successfully closed issue #28643 as duplicate and removed label using GraphQL
  ✓ Issue #28643 updated successfully
Processing issue #28631: Installing Microsoft.EntityFrameworkCore.Design on WinUI project breaks the project
  Successfully closed issue #28631 as duplicate and removed label using GraphQL
  ✓ Issue #28631 updated successfully
Processing issue #28625: Entity splitting: allow specifying more facets on the fragments
  Found marked_as_duplicate event at 10/19/2022 5:59:12 PM +00:00
  Found canonical issue #28204 from event details
  Found canonical issue via GraphQL event details
  Found duplicate reference, linking to canonical issue
  Successfully closed issue #28625 as duplicate and removed label using GraphQL
  ✓ Issue #28625 updated successfully
Processing issue #28617: EF 6.0.6 Migrations identity column exception
  Successfully closed issue #28617 as duplicate and removed label using GraphQL
  ✓ Issue #28617 updated successfully
Processing issue #28615: EF core should probably clear meaningless parentheses in generated sql queries
  Found marked_as_duplicate event at 8/8/2022 9:48:49 AM +00:00
  Found canonical issue #26767 from event details
  Found canonical issue via GraphQL event details
  Found duplicate reference, linking to canonical issue
  Successfully closed issue #28615 as duplicate and removed label using GraphQL
  ✓ Issue #28615 updated successfully
Processing issue #28603: Consider source-generating all the event/logging stuff
  Successfully closed issue #28603 as duplicate and removed label using GraphQL
  ✓ Issue #28603 updated successfully
Processing issue #28579: Look into the performance of AsNoTrackingWithIdentity
  Successfully closed issue #28579 as duplicate and removed label using GraphQL
  ✓ Issue #28579 updated successfully
Processing issue #28550: Scaffold-DbContext generate directories based on schema
  Found marked_as_duplicate event at 8/16/2022 5:51:01 PM +00:00
  Found canonical issue #3988 from event details
  Found canonical issue via GraphQL event details
  Found duplicate reference, linking to canonical issue
  Successfully closed issue #28550 as duplicate and removed label using GraphQL
  ✓ Issue #28550 updated successfully
Successfully processed 100 issues
Processing issues in dotnet/efcore...
Found 100 issues with 'closed-duplicate' label
Processing issue #28528: Strict data type comparision when using concat results in Unable to translate set operation when matching columns on both sides have different store types
  Found marked_as_duplicate event at 7/27/2022 12:10:58 PM +00:00
  Found canonical issue #19129 from event details
  Found canonical issue via GraphQL event details
  Found duplicate reference, linking to canonical issue
  Successfully closed issue #28528 as duplicate and removed label using GraphQL
  ✓ Issue #28528 updated successfully
Processing issue #28526: many-to-many change tracking issue
  Successfully closed issue #28526 as duplicate and removed label using GraphQL
  ✓ Issue #28526 updated successfully
Processing issue #28512: Unexpected behavior when setting multiple navigations
  Successfully closed issue #28512 as duplicate and removed label using GraphQL
  ✓ Issue #28512 updated successfully
Processing issue #28495: [CosmosDB] - EFCore is failing to save when same object is assigned to entity properties twice
  Found marked_as_duplicate event at 7/23/2022 9:44:25 AM +00:00
  Found canonical issue #12345 from event details
  Found canonical issue via GraphQL event details
  Found duplicate reference, linking to canonical issue
  Successfully closed issue #28495 as duplicate and removed label using GraphQL
  ✓ Issue #28495 updated successfully
Processing issue #28485: Two references to the same owned type throws an invalidoperation exception when saving
  Found marked_as_duplicate event at 7/23/2022 9:34:10 AM +00:00
  Found canonical issue #12345 from event details
  Found canonical issue via GraphQL event details
  Found duplicate reference, linking to canonical issue
  Successfully closed issue #28485 as duplicate and removed label using GraphQL
  ✓ Issue #28485 updated successfully
Processing issue #28481: Can I define sorting for collections of owned entities?
  Successfully closed issue #28481 as duplicate and removed label using GraphQL
  ✓ Issue #28481 updated successfully
Processing issue #28475: EF7 preview: SaveChangesAsync with large number of changes leads to "DbUpdateException: The incoming request has too many parameters"
  Found marked_as_duplicate event at 7/19/2022 12:55:16 PM +00:00
  Found canonical issue #27840 from event details
  Found canonical issue via GraphQL event details
  Found duplicate reference, linking to canonical issue
  Successfully closed issue #28475 as duplicate and removed label using GraphQL
  ✓ Issue #28475 updated successfully
Processing issue #28461: EF-SQLite: Translation of method 'System.Math.Abs' failed.
  Successfully closed issue #28461 as duplicate and removed label using GraphQL
  ✓ Issue #28461 updated successfully
Processing issue #28450: `GroupBy(...).Select(x => x.First()).Select(...)` could not be translated
  Found marked_as_duplicate event at 7/23/2022 9:10:09 AM +00:00
  Found canonical issue #26748 from event details
  Found canonical issue via GraphQL event details
  Found duplicate reference, linking to canonical issue
  Successfully closed issue #28450 as duplicate and removed label using GraphQL
  ✓ Issue #28450 updated successfully
Processing issue #28440: Cannot UPDATE ... RETURNING or call stored procedure * in .FromSqlRaw() when entity has owned properties 
  Successfully closed issue #28440 as duplicate and removed label using GraphQL
  ✓ Issue #28440 updated successfully
Processing issue #28406: EF Core probably should have an option to not log `OperationCanceledException`s
  Successfully closed issue #28406 as duplicate and removed label using GraphQL
  ✓ Issue #28406 updated successfully
Processing issue #28393: How to map and use SQL Server user defined function with EF Core when using value objects?
  Found marked_as_duplicate event at 7/23/2022 8:57:03 AM +00:00
  Found canonical issue #4978 from event details
  Found canonical issue via GraphQL event details
  Found duplicate reference, linking to canonical issue
  Successfully closed issue #28393 as duplicate and removed label using GraphQL
  ✓ Issue #28393 updated successfully
Processing issue #28385: Add support StandardDeviation query
  Found marked_as_duplicate event at 7/7/2022 8:07:18 AM +00:00
  Found canonical issue #28104 from event details
  Found canonical issue via GraphQL event details
  Found duplicate reference, linking to canonical issue
  Successfully closed issue #28385 as duplicate and removed label using GraphQL
  ✓ Issue #28385 updated successfully
Processing issue #28384: Sqlite migrations: table rebuild with spatial column errors out
  Found marked_as_duplicate event at 7/9/2022 6:22:11 PM +00:00
  Found canonical issue #25116 from event details
  Found canonical issue via GraphQL event details
  Found duplicate reference, linking to canonical issue
  Successfully closed issue #28384 as duplicate and removed label using GraphQL
  ✓ Issue #28384 updated successfully
Processing issue #28379: Concurrency token not working when Tracking is activated
  Successfully closed issue #28379 as duplicate and removed label using GraphQL
  ✓ Issue #28379 updated successfully
Processing issue #28353: EF 6 .0   GroupBy  select Top N    Query  Count()  Throw Exception  
  Found marked_as_duplicate event at 7/1/2022 5:15:12 AM +00:00
  Found canonical issue #27796 from event details
  Found canonical issue via GraphQL event details
  Found duplicate reference, linking to canonical issue
  Successfully closed issue #28353 as duplicate and removed label using GraphQL
  ✓ Issue #28353 updated successfully
Processing issue #28335: Error "The specified deps.json ... does not exist"
  Successfully closed issue #28335 as duplicate and removed label using GraphQL
  ✓ Issue #28335 updated successfully
Processing issue #28329: renaming entities while scaffolding in EF Core 6
  Successfully closed issue #28329 as duplicate and removed label using GraphQL
  ✓ Issue #28329 updated successfully
Processing issue #28318: GroupJoin leads to exception
  Successfully closed issue #28318 as duplicate and removed label using GraphQL
  ✓ Issue #28318 updated successfully
Processing issue #28317: Simple insert fails when key col has an explicit collation
  Successfully closed issue #28317 as duplicate and removed label using GraphQL
  ✓ Issue #28317 updated successfully
Processing issue #28309: GroupBy with to-many relation leads to exception and overly complex SQL (regression since 6.0.2)
  Successfully closed issue #28309 as duplicate and removed label using GraphQL
  ✓ Issue #28309 updated successfully
Processing issue #28300: Group by property that has a converted value throws exception
  Found marked_as_duplicate event at 6/23/2022 4:04:16 PM +00:00
  Found canonical issue #19929 from event details
  Found canonical issue via GraphQL event details
  Found duplicate reference, linking to canonical issue
  Successfully closed issue #28300 as duplicate and removed label using GraphQL
  ✓ Issue #28300 updated successfully
Processing issue #28296: EFCore Many to many join tables are no longer mapped
  Successfully closed issue #28296 as duplicate and removed label using GraphQL
  ✓ Issue #28296 updated successfully
Processing issue #28292: Is it possible to evaluate in server if a the property of a row starts with any item of a list of strings?
  Found marked_as_duplicate event at 6/29/2022 10:00:26 AM +00:00
  Found canonical issue #19070 from event details
  Found canonical issue via GraphQL event details
  Found duplicate reference, linking to canonical issue
  Successfully closed issue #28292 as duplicate and removed label using GraphQL
  ✓ Issue #28292 updated successfully
Processing issue #28285: SET Operations with client side collection Failing - Value cannot be null. (Parameter 'body')
  Successfully closed issue #28285 as duplicate and removed label using GraphQL
  ✓ Issue #28285 updated successfully
Processing issue #28280: EF fails to add "Initial" migration
  Found marked_as_duplicate event at 6/24/2022 3:41:13 PM +00:00
  Found canonical issue #28105 from event details
  Found canonical issue via GraphQL event details
  Found duplicate reference, linking to canonical issue
  Successfully closed issue #28280 as duplicate and removed label using GraphQL
  ✓ Issue #28280 updated successfully
Processing issue #28273: Must I use nullable property to determine whether the type is null when left join a IQueryable<anonymous>(sub query, gourp by)?
  Found marked_as_duplicate event at 6/21/2022 5:17:18 PM +00:00
  Found canonical issue #22517 from event details
  Found canonical issue via GraphQL event details
  Found duplicate reference, linking to canonical issue
  Successfully closed issue #28273 as duplicate and removed label using GraphQL
  ✓ Issue #28273 updated successfully
Processing issue #28270: How to specify SerializerOptions when working with UseCosmos ?
  Issue #28270 is already closed as duplicate, removing label only
Processing issue #28263: Add unique index tracking and corresponding helper methods for entities.
  Successfully closed issue #28263 as duplicate and removed label using GraphQL
  ✓ Issue #28263 updated successfully
Processing issue #28239: Migration with comment
  Successfully closed issue #28239 as duplicate and removed label using GraphQL
  ✓ Issue #28239 updated successfully
Processing issue #28238: Sum followed by a group by: "Cannot perform an aggregate function on an expression containing an aggregate or a subquery. "
  Found marked_as_duplicate event at 7/20/2024 1:49:13 PM +00:00
  Found canonical issue #34256 from event details
  Found canonical issue via GraphQL event details
  Found duplicate reference, linking to canonical issue
  Successfully closed issue #28238 as duplicate and removed label using GraphQL
  ✓ Issue #28238 updated successfully
Processing issue #28231: Putting this on the backlog for now. We would be interesting in hearing from any others who hit this issue.
  Successfully closed issue #28231 as duplicate and removed label using GraphQL
  ✓ Issue #28231 updated successfully
Processing issue #28229: register DbContext with AddPooledDbContextFactory with TContextService & TContextImplementation
  Found marked_as_duplicate event at 6/16/2022 5:13:16 PM +00:00
  Found canonical issue #24174 from event details
  Found canonical issue via GraphQL event details
  Found duplicate reference, linking to canonical issue
  Successfully closed issue #28229 as duplicate and removed label using GraphQL
  ✓ Issue #28229 updated successfully
Processing issue #28202: dotnet ef migrations script does not group SQL statements
  Found marked_as_duplicate event at 6/10/2022 4:23:48 PM +00:00
  Found canonical issue #22616 from event details
  Found canonical issue via GraphQL event details
  Found duplicate reference, linking to canonical issue
  Successfully closed issue #28202 as duplicate and removed label using GraphQL
  ✓ Issue #28202 updated successfully
Processing issue #28200: Add additional error codes / handling in SqlServerTransientExceptionDetector
  Successfully closed issue #28200 as duplicate and removed label using GraphQL
  ✓ Issue #28200 updated successfully
Processing issue #28188: The specified deps.json [..] does not exist
  Successfully closed issue #28188 as duplicate and removed label using GraphQL
  ✓ Issue #28188 updated successfully
Processing issue #28180: Code generated by `dotnet ef dbcontext scaffold` should be marked as auto-generated
  Found marked_as_duplicate event at 6/8/2022 12:02:22 AM +00:00
  Found canonical issue #23514 from event details
  Found canonical issue via GraphQL event details
  Found duplicate reference, linking to canonical issue
  Successfully closed issue #28180 as duplicate and removed label using GraphQL
  ✓ Issue #28180 updated successfully
Processing issue #28163: Can not use EF core 3.1 in .net 6
  Successfully closed issue #28163 as duplicate and removed label using GraphQL
  ✓ Issue #28163 updated successfully
Processing issue #28155: Query: Provide a way to indicate that part of a query should translate to server or throw
  Successfully closed issue #28155 as duplicate and removed label using GraphQL
  ✓ Issue #28155 updated successfully
Processing issue #28144: Defining partial index discards foreign key index
  Successfully closed issue #28144 as duplicate and removed label using GraphQL
  ✓ Issue #28144 updated successfully
Processing issue #28138: groupby with a comparator
  Found marked_as_duplicate event at 9/27/2022 10:45:46 AM +00:00
  Found canonical issue #29199 from event details
  Found canonical issue via GraphQL event details
  Found duplicate reference, linking to canonical issue
  Successfully closed issue #28138 as duplicate and removed label using GraphQL
  ✓ Issue #28138 updated successfully
Processing issue #28119: DefaultIfEmpty() unsupported in subquery when main query has group by?
  Successfully closed issue #28119 as duplicate and removed label using GraphQL
  ✓ Issue #28119 updated successfully
Processing issue #28100: SQLite Query: Translate string.Join and Concat
  Found marked_as_duplicate event at 5/25/2022 9:41:31 PM +00:00
  Found canonical issue #2981 from event details
  Found canonical issue via GraphQL event details
  Found duplicate reference, linking to canonical issue
  Successfully closed issue #28100 as duplicate and removed label using GraphQL
  ✓ Issue #28100 updated successfully
Processing issue #28094: Not null sql column with -1 default value
  Successfully closed issue #28094 as duplicate and removed label using GraphQL
  ✓ Issue #28094 updated successfully
Processing issue #28075: EF Core 5.0 : Add or remove ValueGeneratedNever in IEntityTypeConfiguration does not change anything when update existing sql server database
  Successfully closed issue #28075 as duplicate and removed label using GraphQL
  ✓ Issue #28075 updated successfully
Processing issue #28050: Invalid column enum name on update database
  Successfully closed issue #28050 as duplicate and removed label using GraphQL
  ✓ Issue #28050 updated successfully
Processing issue #28016: Cosmosdb filtering against list of sub-object is not working
  Found marked_as_duplicate event at 5/12/2022 5:16:22 PM +00:00
  Found canonical issue #16926 from event details
  Found canonical issue via GraphQL event details
  Found duplicate reference, linking to canonical issue
  Successfully closed issue #28016 as duplicate and removed label using GraphQL
  ✓ Issue #28016 updated successfully
Processing issue #28014: Calling user defined function cosmos
  Found marked_as_duplicate event at 5/12/2022 5:17:20 PM +00:00
  Found canonical issue #15338 from event details
  Found canonical issue via GraphQL event details
  Found duplicate reference, linking to canonical issue
  Successfully closed issue #28014 as duplicate and removed label using GraphQL
  ✓ Issue #28014 updated successfully
Processing issue #28004: Add-migrations fails when order of constructors isn't correct
  Successfully closed issue #28004 as duplicate and removed label using GraphQL
  ✓ Issue #28004 updated successfully
Processing issue #27991: Any way to set default `JsonSerializerOptions`?
  Found marked_as_duplicate event at 5/17/2022 7:14:03 PM +00:00
  Found canonical issue #28043 from event details
  Found canonical issue via GraphQL event details
  Found duplicate reference, linking to canonical issue
  Successfully closed issue #27991 as duplicate and removed label using GraphQL
  ✓ Issue #27991 updated successfully
Processing issue #27983: Runtime error on string.StartsWith, string.EndsWith string.Contains  in lambda search filter with StringComparison
  Found marked_as_duplicate event at 5/9/2022 11:30:10 AM +00:00
  Found canonical issue #25250 from event details
  Found canonical issue via GraphQL event details
  Found duplicate reference, linking to canonical issue
  Successfully closed issue #27983 as duplicate and removed label using GraphQL
  ✓ Issue #27983 updated successfully
Processing issue #27981: dotnet ef dbcontext scaffold -d flag does not work but the full name flag --data-annotations does work
  Found marked_as_duplicate event at 5/10/2022 5:14:53 PM +00:00
  Found canonical issue #26687 from event details
  Found canonical issue via GraphQL event details
  Found duplicate reference, linking to canonical issue
  Successfully closed issue #27981 as duplicate and removed label using GraphQL
  ✓ Issue #27981 updated successfully
Processing issue #27977: Add MaxByAsync and MinByAsync
  Successfully closed issue #27977 as duplicate and removed label using GraphQL
  ✓ Issue #27977 updated successfully
Processing issue #27962: [Required] Used to get generated and be super helpful with MVC validation
  Successfully closed issue #27962 as duplicate and removed label using GraphQL
  ✓ Issue #27962 updated successfully
Processing issue #27930: Scaffolding: Disable skip navigations flag
  Found marked_as_duplicate event at 5/2/2022 5:12:14 PM +00:00
  Found canonical issue #26820 from event details
  Found canonical issue via GraphQL event details
  Found duplicate reference, linking to canonical issue
  Successfully closed issue #27930 as duplicate and removed label using GraphQL
  ✓ Issue #27930 updated successfully
Processing issue #27912: Add support for user defined aggregate window functions
  Successfully closed issue #27912 as duplicate and removed label using GraphQL
  ✓ Issue #27912 updated successfully
Processing issue #27911: EF Core 6.0 temporal tables - extra migrations generated when no change
  Successfully closed issue #27911 as duplicate and removed label using GraphQL
  ✓ Issue #27911 updated successfully
Processing issue #27909: Joining another entity with list navigation property of the queried entity
  Found marked_as_duplicate event at 4/28/2022 12:33:50 PM +00:00
  Found canonical issue #19930 from event details
  Found canonical issue via GraphQL event details
  Found duplicate reference, linking to canonical issue
  Successfully closed issue #27909 as duplicate and removed label using GraphQL
  ✓ Issue #27909 updated successfully
Processing issue #27905: could not be translated. Either rewrite the query in a form that can be translated
  Found marked_as_duplicate event at 4/28/2022 7:51:21 AM +00:00
  Found canonical issue #19930 from event details
  Found canonical issue via GraphQL event details
  Found duplicate reference, linking to canonical issue
  Successfully closed issue #27905 as duplicate and removed label using GraphQL
  ✓ Issue #27905 updated successfully
Processing issue #27899: ArgumentException on loading database values of object owned by owned object
  Successfully closed issue #27899 as duplicate and removed label using GraphQL
  ✓ Issue #27899 updated successfully
Processing issue #27887: Scaffolding option to specify a class suffix
  Found marked_as_duplicate event at 4/26/2022 8:08:33 AM +00:00
  Found canonical issue #4038 from event details
  Found canonical issue via GraphQL event details
  Found duplicate reference, linking to canonical issue
  Successfully closed issue #27887 as duplicate and removed label using GraphQL
  ✓ Issue #27887 updated successfully
Processing issue #27859: Migration inconsistently generates nullable columns for derived classes
  Found marked_as_duplicate event at 9/17/2023 9:34:04 PM +00:00
  Found canonical issue #30227 from event details
  Found canonical issue via GraphQL event details
  Found duplicate reference, linking to canonical issue
  Successfully closed issue #27859 as duplicate and removed label using GraphQL
  ✓ Issue #27859 updated successfully
Processing issue #27858: GroupJoin clause is not working - EFCore throws an exception
  Found marked_as_duplicate event at 4/21/2022 10:45:44 PM +00:00
  Found canonical issue #19930 from event details
  Found canonical issue via GraphQL event details
  Found duplicate reference, linking to canonical issue
  Successfully closed issue #27858 as duplicate and removed label using GraphQL
  ✓ Issue #27858 updated successfully
Processing issue #27841: I expected client evaluation exception using a expression property in my select
  Found marked_as_duplicate event at 4/20/2022 12:23:42 AM +00:00
  Found canonical issue #24509 from event details
  Found canonical issue via GraphQL event details
  Found duplicate reference, linking to canonical issue
  Successfully closed issue #27841 as duplicate and removed label using GraphQL
  ✓ Issue #27841 updated successfully
Processing issue #27814: is  HasComputedColumnSql bug or wrong way to use?
  Successfully closed issue #27814 as duplicate and removed label using GraphQL
  ✓ Issue #27814 updated successfully
Processing issue #27797: Can't zip database file in 6.0.0+ update as connection logic is being held after query completed
  Found marked_as_duplicate event at 4/11/2022 11:20:19 AM +00:00
  Found canonical issue #26580 from event details
  Found canonical issue via GraphQL event details
  Found duplicate reference, linking to canonical issue
  Successfully closed issue #27797 as duplicate and removed label using GraphQL
  ✓ Issue #27797 updated successfully
Processing issue #27790: Ability to hook into model finalization?
  Successfully closed issue #27790 as duplicate and removed label using GraphQL
  ✓ Issue #27790 updated successfully
Processing issue #27789: EFCore CosmosDB - Seed items with navigation properties
  Successfully closed issue #27789 as duplicate and removed label using GraphQL
  ✓ Issue #27789 updated successfully
Processing issue #27785: A foreign key is not being genrated for self referencing indirect many-to-many relationship
  Successfully closed issue #27785 as duplicate and removed label using GraphQL
  ✓ Issue #27785 updated successfully
Processing issue #27780: EFCore cli tool command "dotnet ef dbcontext scaffold" , Options: -d|--data-annotations ,'-d' is invalid
  Successfully closed issue #27780 as duplicate and removed label using GraphQL
  ✓ Issue #27780 updated successfully
Processing issue #27777: Scaffold entity configuration into separate files
  Successfully closed issue #27777 as duplicate and removed label using GraphQL
  ✓ Issue #27777 updated successfully
Processing issue #27773: Group By combined with Where Exists generates inefficient SQL
  Successfully closed issue #27773 as duplicate and removed label using GraphQL
  ✓ Issue #27773 updated successfully
Processing issue #27733: Collation conflict when using the legacy SaveChanges behavior (temporary table variable)
  Found marked_as_duplicate event at 3/31/2022 4:30:13 PM +00:00
  Found canonical issue #7172 from event details
  Found canonical issue via GraphQL event details
  Found duplicate reference, linking to canonical issue
  Successfully closed issue #27733 as duplicate and removed label using GraphQL
  ✓ Issue #27733 updated successfully
Processing issue #27714: Should you be able to avoid circular dependency error if all ID's are manually assigned?
  Successfully closed issue #27714 as duplicate and removed label using GraphQL
  ✓ Issue #27714 updated successfully
Processing issue #27708: Regression: GroupBy with operation on a nullable date fail when there is a where with a condition on a sub collection
  Found marked_as_duplicate event at 3/25/2022 9:45:02 PM +00:00
  Found canonical issue #27433 from event details
  Found canonical issue via GraphQL event details
  Found duplicate reference, linking to canonical issue
  Successfully closed issue #27708 as duplicate and removed label using GraphQL
  ✓ Issue #27708 updated successfully
Processing issue #27703: Enum with EnumToStringConverter always returns 0 in query if cast to another type
  Successfully closed issue #27703 as duplicate and removed label using GraphQL
  ✓ Issue #27703 updated successfully
Processing issue #27702: Enabling TPT with default table name.
  Successfully closed issue #27702 as duplicate and removed label using GraphQL
  ✓ Issue #27702 updated successfully
Processing issue #27693: Microsoft.Data.Sqlite low query performance
  Successfully closed issue #27693 as duplicate and removed label using GraphQL
  ✓ Issue #27693 updated successfully
Processing issue #27684: FirstOrDefault when using datetime type fails
  Successfully closed issue #27684 as duplicate and removed label using GraphQL
  ✓ Issue #27684 updated successfully
Processing issue #27679: How to get Point-Read with EF Core 6.0 & CosmosDB, Find & FindAsync methods
  Found marked_as_duplicate event at 2/8/2024 4:40:06 PM +00:00
  Found canonical issue #24202 from event details
  Found canonical issue via GraphQL event details
  Found duplicate reference, linking to canonical issue
  Successfully closed issue #27679 as duplicate and removed label using GraphQL
  ✓ Issue #27679 updated successfully
Processing issue #27672: `EF.Property` is not working in `.Include`. Is it a bug or intended?
  Successfully closed issue #27672 as duplicate and removed label using GraphQL
  ✓ Issue #27672 updated successfully
Processing issue #27662: Spatialite causes native crash in spatial tests on Ubuntu impish
  Successfully closed issue #27662 as duplicate and removed label using GraphQL
  ✓ Issue #27662 updated successfully
Processing issue #27659: Queryable projection faults when assigning default values
  Successfully closed issue #27659 as duplicate and removed label using GraphQL
  ✓ Issue #27659 updated successfully
Processing issue #27658: Many to Many, Hide One collection Navigation property
  Successfully closed issue #27658 as duplicate and removed label using GraphQL
  ✓ Issue #27658 updated successfully
Processing issue #27623: Provide API for returning Func<TEntity, bool> predicated based on keys
  Successfully closed issue #27623 as duplicate and removed label using GraphQL
  ✓ Issue #27623 updated successfully
Processing issue #27621: After upgrading from EF 6.0.1 to EF 6.0.2: broken query generation when using aggregate
  Successfully closed issue #27621 as duplicate and removed label using GraphQL
  ✓ Issue #27621 updated successfully
Processing issue #27590: Redundant order by when selecting subquery field
  Successfully closed issue #27590 as duplicate and removed label using GraphQL
  ✓ Issue #27590 updated successfully
Processing issue #27577: Allow scaffolder to accept in a manifest file.
  Successfully closed issue #27577 as duplicate and removed label using GraphQL
  ✓ Issue #27577 updated successfully
Processing issue #27572: Are delete actions ignored by the Cosmos provider?
  Successfully closed issue #27572 as duplicate and removed label using GraphQL
  ✓ Issue #27572 updated successfully
Processing issue #27570: Disable lazy loading proxies on demand
  Found marked_as_duplicate event at 10/20/2022 6:21:23 AM +00:00
  Found canonical issue #12895 from event details
  Found canonical issue via GraphQL event details
  Found duplicate reference, linking to canonical issue
  Successfully closed issue #27570 as duplicate and removed label using GraphQL
  ✓ Issue #27570 updated successfully
Processing issue #27561: Projection of entity with nullable struct fails on ternary operator (efcore 6 breaking change)
  Successfully closed issue #27561 as duplicate and removed label using GraphQL
  ✓ Issue #27561 updated successfully
Processing issue #27546: Throws System.InvalidOperationException where Any is used with FromSqlRaw
  Found marked_as_duplicate event at 3/2/2022 2:31:30 PM +00:00
  Found canonical issue #26167 from event details
  Found canonical issue via GraphQL event details
  Found duplicate reference, linking to canonical issue
  Successfully closed issue #27546 as duplicate and removed label using GraphQL
  ✓ Issue #27546 updated successfully
Processing issue #27544: ef migrations bundle error: warning MSB3026 - The process cannot access the file
  Found marked_as_duplicate event at 3/4/2022 4:41:45 PM +00:00
  Found canonical issue #25555 from event details
  Found canonical issue via GraphQL event details
  Found duplicate reference, linking to canonical issue
  Successfully closed issue #27544 as duplicate and removed label using GraphQL
  ✓ Issue #27544 updated successfully
Processing issue #27543: Replacing the Reflection with Source Generators?
  Found marked_as_duplicate event at 3/2/2022 11:44:18 AM +00:00
  Found canonical issue #25009 from event details
  Found canonical issue via GraphQL event details
  Found duplicate reference, linking to canonical issue
  Successfully closed issue #27543 as duplicate and removed label using GraphQL
  ✓ Issue #27543 updated successfully
Processing issue #27516: EF core 6 returns null value for owned entity
  Successfully closed issue #27516 as duplicate and removed label using GraphQL
  ✓ Issue #27516 updated successfully
Processing issue #27506: Must be reducible node thrown when projecting sub collection to a get only list.
  Found marked_as_duplicate event at 3/14/2022 11:19:43 AM +00:00
  Found canonical issue #16867 from event details
  Found canonical issue via GraphQL event details
  Found duplicate reference, linking to canonical issue
  Successfully closed issue #27506 as duplicate and removed label using GraphQL
  ✓ Issue #27506 updated successfully
Processing issue #27502: ArgumentOutOfRange exception with custom IMigrationsIdGenerator
  Successfully closed issue #27502 as duplicate and removed label using GraphQL
  ✓ Issue #27502 updated successfully
Processing issue #27499: Add EFCore support (or documentation) for enabling AlwaysEncrypted w/ SQL Server
  Found marked_as_duplicate event at 2/24/2022 8:40:13 AM +00:00
  Found canonical issue #23970 from event details
  Found canonical issue via GraphQL event details
  Found duplicate reference, linking to canonical issue
  Successfully closed issue #27499 as duplicate and removed label using GraphQL
  ✓ Issue #27499 updated successfully
Processing issue #27484: SqliteParameter.SqliteType throws InvalidOperationException for DateOnly/TimeOnly
  Found marked_as_duplicate event at 2/23/2022 8:39:24 AM +00:00
  Found canonical issue #27213 from event details
  Found canonical issue via GraphQL event details
  Found duplicate reference, linking to canonical issue
  Successfully closed issue #27484 as duplicate and removed label using GraphQL
  ✓ Issue #27484 updated successfully
Processing issue #27482: How to configure an entity property's generated sql to be a subquery or call to UDF?
  Successfully closed issue #27482 as duplicate and removed label using GraphQL
  ✓ Issue #27482 updated successfully
Successfully processed 100 issues
Processing issues in dotnet/efcore...
Found 100 issues with 'closed-duplicate' label
Processing issue #27481: Add tag in add, update and delete operations
  Found marked_as_duplicate event at 2/21/2022 11:51:53 AM +00:00
  Found canonical issue #14078 from event details
  Found canonical issue via GraphQL event details
  Found duplicate reference, linking to canonical issue
  Successfully closed issue #27481 as duplicate and removed label using GraphQL
  ✓ Issue #27481 updated successfully
Processing issue #27478: Batch delete and insert
  Found marked_as_duplicate event at 3/1/2022 7:51:43 PM +00:00
  Found canonical issue #20664 from event details
  Found canonical issue via GraphQL event details
  Found duplicate reference, linking to canonical issue
  Successfully closed issue #27478 as duplicate and removed label using GraphQL
  ✓ Issue #27478 updated successfully
Processing issue #27472: Shadow key property not known error after property set by value generator
  Successfully closed issue #27472 as duplicate and removed label using GraphQL
  ✓ Issue #27472 updated successfully
Processing issue #27471: 12k commits and no SQL Graph support ?
  Found marked_as_duplicate event at 2/18/2022 3:59:27 PM +00:00
  Found canonical issue #8527 from event details
  Found canonical issue via GraphQL event details
  Found duplicate reference, linking to canonical issue
  Successfully closed issue #27471 as duplicate and removed label using GraphQL
  ✓ Issue #27471 updated successfully
Processing issue #27467: Case Insensitive string comparison in Composite Foreign Keys
  Found marked_as_duplicate event at 2/23/2022 12:08:42 PM +00:00
  Found canonical issue #27495 from event details
  Found canonical issue via GraphQL event details
  Found duplicate reference, linking to canonical issue
  Successfully closed issue #27467 as duplicate and removed label using GraphQL
  ✓ Issue #27467 updated successfully
Processing issue #27466: ef core ignores parameterized constructor if parameterless constructor exists
  Found marked_as_duplicate event at 2/18/2022 10:48:18 AM +00:00
  Found canonical issue #2571 from event details
  Found canonical issue via GraphQL event details
  Found duplicate reference, linking to canonical issue
  Successfully closed issue #27466 as duplicate and removed label using GraphQL
  ✓ Issue #27466 updated successfully
Processing issue #27465: Errormessages already contain the exception with the stacktrace.
  Successfully closed issue #27465 as duplicate and removed label using GraphQL
  ✓ Issue #27465 updated successfully
Processing issue #27457: Create a migration failed with PowerShell command in PMC
  Successfully closed issue #27457 as duplicate and removed label using GraphQL
  ✓ Issue #27457 updated successfully
Processing issue #27450: ExecutionStrategy does not apply to Migrate() and various other functions
  Found marked_as_duplicate event at 10/19/2022 10:26:27 PM +00:00
  Found canonical issue #17578 from event details
  Found canonical issue via GraphQL event details
  Found duplicate reference, linking to canonical issue
  Successfully closed issue #27450 as duplicate and removed label using GraphQL
  ✓ Issue #27450 updated successfully
Processing issue #27435: InterceptSql - An easy way to change the entire EF Core generated query
  Successfully closed issue #27435 as duplicate and removed label using GraphQL
  ✓ Issue #27435 updated successfully
Processing issue #27431: How to troubleshoot 'Nullable object must have a value' error?
  Found marked_as_duplicate event at 2/12/2022 9:27:02 PM +00:00
  Found canonical issue #26748 from event details
  Found canonical issue via GraphQL event details
  Found duplicate reference, linking to canonical issue
  Successfully closed issue #27431 as duplicate and removed label using GraphQL
  ✓ Issue #27431 updated successfully
Processing issue #27426: Group By Failure - Translation of 'Select' which contains grouping parameter without composition is not supported.
  Found marked_as_duplicate event at 2/14/2022 7:18:20 PM +00:00
  Found canonical issue #26748 from event details
  Found canonical issue via GraphQL event details
  Found duplicate reference, linking to canonical issue
  Successfully closed issue #27426 as duplicate and removed label using GraphQL
  ✓ Issue #27426 updated successfully
Processing issue #27419: Incorrect SQL generation: Navis not translated after the query is pushed down to subquery
  Successfully closed issue #27419 as duplicate and removed label using GraphQL
  ✓ Issue #27419 updated successfully
Processing issue #27418: Exception creating migration to Drop a table
  Successfully closed issue #27418 as duplicate and removed label using GraphQL
  ✓ Issue #27418 updated successfully
Processing issue #27417: Enum values fail to convert because EF has mapped them to the wrong enum when using .HasConversion<string>
  Successfully closed issue #27417 as duplicate and removed label using GraphQL
  ✓ Issue #27417 updated successfully
Processing issue #27403: Nested .GroupBy Query - StackOverflowException
  Found marked_as_duplicate event at 2/8/2022 4:59:32 PM +00:00
  Found canonical issue #27094 from event details
  Found canonical issue via GraphQL event details
  Found duplicate reference, linking to canonical issue
  Successfully closed issue #27403 as duplicate and removed label using GraphQL
  ✓ Issue #27403 updated successfully
Processing issue #27400: How to map private/protected properties as well?
  Successfully closed issue #27400 as duplicate and removed label using GraphQL
  ✓ Issue #27400 updated successfully
Processing issue #27399: Pooled DbContext doesn't close underlying connection - regression from .NET 5
  Found marked_as_duplicate event at 2/8/2022 8:13:38 AM +00:00
  Found canonical issue #27308 from event details
  Found canonical issue via GraphQL event details
  Found duplicate reference, linking to canonical issue
  Successfully closed issue #27399 as duplicate and removed label using GraphQL
  ✓ Issue #27399 updated successfully
Processing issue #27393: Could not copy error with dotnet ef migrations bundle
  Found marked_as_duplicate event at 2/11/2022 9:46:44 PM +00:00
  Found canonical issue #25555 from event details
  Found canonical issue via GraphQL event details
  Found duplicate reference, linking to canonical issue
  Successfully closed issue #27393 as duplicate and removed label using GraphQL
  ✓ Issue #27393 updated successfully
Processing issue #27384: Idea for EF Core 7: Fetch aggregate entity instance and related tables in single database trip by combining AsSplitQuery and AsSQLBatch
  Found marked_as_duplicate event at 2/10/2022 9:15:29 PM +00:00
  Found canonical issue #10879 from event details
  Found canonical issue via GraphQL event details
  Found duplicate reference, linking to canonical issue
  Successfully closed issue #27384 as duplicate and removed label using GraphQL
  ✓ Issue #27384 updated successfully
Processing issue #27382: Globally disable the creation of foreign keys during migrations
  Successfully closed issue #27382 as duplicate and removed label using GraphQL
  ✓ Issue #27382 updated successfully
Processing issue #27370: IQueryable.Count() throws InvalidOperationException
  Successfully closed issue #27370 as duplicate and removed label using GraphQL
  ✓ Issue #27370 updated successfully
Processing issue #27364: Invalid translation of a Query with GroupBy
  Found marked_as_duplicate event at 2/3/2022 4:50:59 PM +00:00
  Found canonical issue #27163 from event details
  Found canonical issue via GraphQL event details
  Found duplicate reference, linking to canonical issue
  Successfully closed issue #27364 as duplicate and removed label using GraphQL
  ✓ Issue #27364 updated successfully
Processing issue #27362: Scaffold-DbContext runs successfully but does not create any query
  Successfully closed issue #27362 as duplicate and removed label using GraphQL
  ✓ Issue #27362 updated successfully
Processing issue #27358: Add-Migration ignores IDesignTimeDbContextFactory implementation and starts project instead after upgrading to EFCore 6
  Successfully closed issue #27358 as duplicate and removed label using GraphQL
  ✓ Issue #27358 updated successfully
Processing issue #27349: Redundant queries when using OUTER APPLY
  Successfully closed issue #27349 as duplicate and removed label using GraphQL
  ✓ Issue #27349 updated successfully
Processing issue #27341: Better handling of default value in inherited Base entity in DbContext
  Successfully closed issue #27341 as duplicate and removed label using GraphQL
  ✓ Issue #27341 updated successfully
Processing issue #27325: EF bundle seems to not be properly passing --connection parameter
  Successfully closed issue #27325 as duplicate and removed label using GraphQL
  ✓ Issue #27325 updated successfully
Processing issue #27312: EF Core 6, Invalid Generated SQL (JOIN Statement) (Big wrong result)
  Found marked_as_duplicate event at 1/31/2022 6:51:27 PM +00:00
  Found canonical issue #27083 from event details
  Found canonical issue via GraphQL event details
  Found duplicate reference, linking to canonical issue
  Successfully closed issue #27312 as duplicate and removed label using GraphQL
  ✓ Issue #27312 updated successfully
Processing issue #27304: facing problem while add-migration 
  Found marked_as_duplicate event at 1/28/2022 3:57:11 PM +00:00
  Found canonical issue #16386 from event details
  Found canonical issue via GraphQL event details
  Found duplicate reference, linking to canonical issue
  Successfully closed issue #27304 as duplicate and removed label using GraphQL
  ✓ Issue #27304 updated successfully
Processing issue #27297: Unnecessary join when GroupBy and Select
  Found marked_as_duplicate event at 4/27/2022 1:53:15 AM +00:00
  Found canonical issue #27077 from event details
  Found canonical issue via GraphQL event details
  Found duplicate reference, linking to canonical issue
  Successfully closed issue #27297 as duplicate and removed label using GraphQL
  ✓ Issue #27297 updated successfully
Processing issue #27295: Scaffolding tool is generating invalid C# code when generating many-to-many relationships
  Successfully closed issue #27295 as duplicate and removed label using GraphQL
  ✓ Issue #27295 updated successfully
Processing issue #27285: Avoid duplicated subquery when translating LINQ intermediate projections
  Found marked_as_duplicate event at 1/26/2022 4:32:36 PM +00:00
  Found canonical issue #7776 from event details
  Found canonical issue via GraphQL event details
  Found duplicate reference, linking to canonical issue
  Successfully closed issue #27285 as duplicate and removed label using GraphQL
  ✓ Issue #27285 updated successfully
Processing issue #27279: Scaffold-DbContext doesn't produce AspNetUserRoles Class and DbSet
  Found marked_as_duplicate event at 1/25/2022 9:42:41 PM +00:00
  Found canonical issue #4038 from event details
  Found canonical issue via GraphQL event details
  Found duplicate reference, linking to canonical issue
  Successfully closed issue #27279 as duplicate and removed label using GraphQL
  ✓ Issue #27279 updated successfully
Processing issue #27271: Migrations - InsertData silently truncates long strings that contain newlines due to improper `CONCAT` usage.
  Found marked_as_duplicate event at 1/24/2022 11:16:05 PM +00:00
  Found canonical issue #27206 from event details
  Found canonical issue via GraphQL event details
  Found duplicate reference, linking to canonical issue
  Successfully closed issue #27271 as duplicate and removed label using GraphQL
  ✓ Issue #27271 updated successfully
Processing issue #27267: Avoid automatic convert nested queries to joins
  Successfully closed issue #27267 as duplicate and removed label using GraphQL
  ✓ Issue #27267 updated successfully
Processing issue #27260: Nullable foreign key property deletes self entity from the database when set to null 
  Successfully closed issue #27260 as duplicate and removed label using GraphQL
  ✓ Issue #27260 updated successfully
Processing issue #27256: Make SQL connection string readonly at runtime
  Found marked_as_duplicate event at 1/23/2022 9:07:49 PM +00:00
  Found canonical issue #25024 from event details
  Found canonical issue via GraphQL event details
  Found duplicate reference, linking to canonical issue
  Successfully closed issue #27256 as duplicate and removed label using GraphQL
  ✓ Issue #27256 updated successfully
Processing issue #27253: Remove parentheses by allowing providers to specify SQL operator precedence and associativity
  Found marked_as_duplicate event at 12/6/2022 3:24:45 PM +00:00
  Found canonical issue #26767 from event details
  Found canonical issue via GraphQL event details
  Found duplicate reference, linking to canonical issue
  Successfully closed issue #27253 as duplicate and removed label using GraphQL
  ✓ Issue #27253 updated successfully
Processing issue #27251: Cannot use table 'AspNetRoles' for entity type 'AspNetRole' since it is being used for entity type 'IdentityRole' and potentially other entity types, but there is no linking relationship.
  Successfully closed issue #27251 as duplicate and removed label using GraphQL
  ✓ Issue #27251 updated successfully
Processing issue #27244: Support for Azure AD RBAC when using Cosmos DB
  Successfully closed issue #27244 as duplicate and removed label using GraphQL
  ✓ Issue #27244 updated successfully
Processing issue #27227: Allow non-nullable struct entity property to be DB optional, if conversion to/from nullable type defined.
  Found marked_as_duplicate event at 1/21/2022 2:22:55 PM +00:00
  Found canonical issue #24685 from event details
  Found canonical issue via GraphQL event details
  Found duplicate reference, linking to canonical issue
  Successfully closed issue #27227 as duplicate and removed label using GraphQL
  ✓ Issue #27227 updated successfully
Processing issue #27221: Deleting entities is having problems
  Successfully closed issue #27221 as duplicate and removed label using GraphQL
  ✓ Issue #27221 updated successfully
Processing issue #27214: 当使用ClearAllPools或一段时间后，报Collection was modified;异常
  Found marked_as_duplicate event at 1/19/2022 10:17:44 AM +00:00
  Found canonical issue #27168 from event details
  Found canonical issue via GraphQL event details
  Found duplicate reference, linking to canonical issue
  Successfully closed issue #27214 as duplicate and removed label using GraphQL
  ✓ Issue #27214 updated successfully
Processing issue #27205: Nested Any query to compare collection in database with input collection
  Found marked_as_duplicate event at 1/18/2022 8:27:48 PM +00:00
  Found canonical issue #19070 from event details
  Found canonical issue via GraphQL event details
  Found duplicate reference, linking to canonical issue
  Successfully closed issue #27205 as duplicate and removed label using GraphQL
  ✓ Issue #27205 updated successfully
Processing issue #27196: Fully qualified attributes
  Successfully closed issue #27196 as duplicate and removed label using GraphQL
  ✓ Issue #27196 updated successfully
Processing issue #27195: compare to database tables and dbcontext dbsets for Missing Table Creation
  Found marked_as_duplicate event at 1/16/2022 9:28:38 PM +00:00
  Found canonical issue #27160 from event details
  Found canonical issue via GraphQL event details
  Found duplicate reference, linking to canonical issue
  Successfully closed issue #27195 as duplicate and removed label using GraphQL
  ✓ Issue #27195 updated successfully
Processing issue #27162: SQLite Bool_not_equal_nullable_int_HasValue fails after merge from release/6.0
  Found marked_as_duplicate event at 1/11/2022 7:03:52 PM +00:00
  Found canonical issue #26767 from event details
  Found canonical issue via GraphQL event details
  Found duplicate reference, linking to canonical issue
  Successfully closed issue #27162 as duplicate and removed label using GraphQL
  ✓ Issue #27162 updated successfully
Processing issue #27161: EFCore - Triggers not getting scaffolded
  Found marked_as_duplicate event at 1/11/2022 8:33:16 AM +00:00
  Found canonical issue #10770 from event details
  Found canonical issue via GraphQL event details
  Found duplicate reference, linking to canonical issue
  Successfully closed issue #27161 as duplicate and removed label using GraphQL
  ✓ Issue #27161 updated successfully
Processing issue #27156: Eliminate reflection for ef core
  Found marked_as_duplicate event at 1/10/2022 3:28:42 PM +00:00
  Found canonical issue #24903 from event details
  Found canonical issue via GraphQL event details
  Found duplicate reference, linking to canonical issue
  Successfully closed issue #27156 as duplicate and removed label using GraphQL
  ✓ Issue #27156 updated successfully
Processing issue #27151: Join same table twice, INNER JOIN instead of LEFT JOIN
  Successfully closed issue #27151 as duplicate and removed label using GraphQL
  ✓ Issue #27151 updated successfully
Processing issue #27148: No noticeable benefit to Sqlite Pooled connections when using an encrypted database
  Successfully closed issue #27148 as duplicate and removed label using GraphQL
  ✓ Issue #27148 updated successfully
Processing issue #27139: SQLite Database seems to maintain lock on file
  Found marked_as_duplicate event at 1/7/2022 5:21:42 PM +00:00
  Found canonical issue #26580 from event details
  Found canonical issue via GraphQL event details
  Found duplicate reference, linking to canonical issue
  Successfully closed issue #27139 as duplicate and removed label using GraphQL
  ✓ Issue #27139 updated successfully
Processing issue #27126: Invalid SQL generation using OwnsOne properties with .ToTable()
  Found marked_as_duplicate event at 1/10/2022 11:59:39 PM +00:00
  Found canonical issue #26592 from event details
  Found canonical issue via GraphQL event details
  Found duplicate reference, linking to canonical issue
  Successfully closed issue #27126 as duplicate and removed label using GraphQL
  ✓ Issue #27126 updated successfully
Processing issue #27111: "The entity of type ... does not have any property with a non-default value to identify whether the entity exists"
  Successfully closed issue #27111 as duplicate and removed label using GraphQL
  ✓ Issue #27111 updated successfully
Processing issue #27106: EF Core 3.1- Parameter does not follow the model definition used for the entity property
  Successfully closed issue #27106 as duplicate and removed label using GraphQL
  ✓ Issue #27106 updated successfully
Processing issue #27103: Support `Sum()` for `TimeSpan.Ticks`
  Found marked_as_duplicate event at 1/4/2022 9:38:41 AM +00:00
  Found canonical issue #10434 from event details
  Found canonical issue via GraphQL event details
  Found duplicate reference, linking to canonical issue
  Successfully closed issue #27103 as duplicate and removed label using GraphQL
  ✓ Issue #27103 updated successfully
Processing issue #27082: Subquery is not translated
  Successfully closed issue #27082 as duplicate and removed label using GraphQL
  ✓ Issue #27082 updated successfully
Processing issue #27078: Exception thrown when grouping by  DATEPART
  Found marked_as_duplicate event at 1/3/2022 7:20:57 PM +00:00
  Found canonical issue #26077 from event details
  Found canonical issue via GraphQL event details
  Found duplicate reference, linking to canonical issue
  Successfully closed issue #27078 as duplicate and removed label using GraphQL
  ✓ Issue #27078 updated successfully
Processing issue #27076: How to configure my Cosmos Db with Spatial IndexingPolicy
  Successfully closed issue #27076 as duplicate and removed label using GraphQL
  ✓ Issue #27076 updated successfully
Processing issue #27070: Is it possible to disable optimistic concurrency checks temporarily?
  Successfully closed issue #27070 as duplicate and removed label using GraphQL
  ✓ Issue #27070 updated successfully
Processing issue #27069: building an app with PublishTrimmed trims too much
  Found marked_as_duplicate event at 12/28/2021 9:44:19 PM +00:00
  Found canonical issue #26288 from event details
  Found canonical issue via GraphQL event details
  Found duplicate reference, linking to canonical issue
  Successfully closed issue #27069 as duplicate and removed label using GraphQL
  ✓ Issue #27069 updated successfully
Processing issue #27068: EF Core 3.1 - Allow mapping of multiple entities using stored procedure
  Found marked_as_duplicate event at 1/3/2022 7:30:43 PM +00:00
  Found canonical issue #14525 from event details
  Found canonical issue via GraphQL event details
  Found duplicate reference, linking to canonical issue
  Successfully closed issue #27068 as duplicate and removed label using GraphQL
  ✓ Issue #27068 updated successfully
Processing issue #27053: How do I find which entity (or entities) are throwing a circular dependency when reinitialising a scaffold?
  Successfully closed issue #27053 as duplicate and removed label using GraphQL
  ✓ Issue #27053 updated successfully
Processing issue #27039: EF Core Select error with Guid.Empty
  Successfully closed issue #27039 as duplicate and removed label using GraphQL
  ✓ Issue #27039 updated successfully
Processing issue #27027: RowVersion property incorrectly fails required properties check when using In-Memory provider for unit testing
  Successfully closed issue #27027 as duplicate and removed label using GraphQL
  ✓ Issue #27027 updated successfully
Processing issue #27026: EF Core creates SQL query with ORDER BY at the end massively impacting performance for cases with many included collections
  Found marked_as_duplicate event at 12/16/2021 1:46:08 PM +00:00
  Found canonical issue #19571 from event details
  Found canonical issue via GraphQL event details
  Found duplicate reference, linking to canonical issue
  Successfully closed issue #27026 as duplicate and removed label using GraphQL
  ✓ Issue #27026 updated successfully
Processing issue #27007: compiler errors in compiled model
  Successfully closed issue #27007 as duplicate and removed label using GraphQL
  ✓ Issue #27007 updated successfully
Processing issue #26978: Issue with HasPartitionKey when specify nested property
  Successfully closed issue #26978 as duplicate and removed label using GraphQL
  ✓ Issue #26978 updated successfully
Processing issue #26977: ChangeTracker and the results of deserializing data of tree-like structures
  Successfully closed issue #26977 as duplicate and removed label using GraphQL
  ✓ Issue #26977 updated successfully
Processing issue #26976: Post-migration event
  Successfully closed issue #26976 as duplicate and removed label using GraphQL
  ✓ Issue #26976 updated successfully
Processing issue #26965: db.EnsureCreated() doesn't seem to create views
  Successfully closed issue #26965 as duplicate and removed label using GraphQL
  ✓ Issue #26965 updated successfully
Processing issue #26960: EF Core 6.0 temporal tables - Add-Migration - Period property 'Comment.PeriodStart' must be a shadow property
  Successfully closed issue #26960 as duplicate and removed label using GraphQL
  ✓ Issue #26960 updated successfully
Processing issue #26902: EF core 6.0 obtain parents from children filter
  Successfully closed issue #26902 as duplicate and removed label using GraphQL
  ✓ Issue #26902 updated successfully
Processing issue #26895: Why still no bulk commands?
  Successfully closed issue #26895 as duplicate and removed label using GraphQL
  ✓ Issue #26895 updated successfully
Processing issue #26894: Is there a good reason why support for cascading updates has not been added?
  Successfully closed issue #26894 as duplicate and removed label using GraphQL
  ✓ Issue #26894 updated successfully
Processing issue #26893: invalidcastexception in unit tests using in memory on count, firstordefault, of many to many related entities
  Successfully closed issue #26893 as duplicate and removed label using GraphQL
  ✓ Issue #26893 updated successfully
Processing issue #26884: Huge amount of TaskCanceledException being logged
  Found marked_as_duplicate event at 12/3/2021 1:56:58 PM +00:00
  Found canonical issue #19526 from event details
  Found canonical issue via GraphQL event details
  Found duplicate reference, linking to canonical issue
  Successfully closed issue #26884 as duplicate and removed label using GraphQL
  ✓ Issue #26884 updated successfully
Processing issue #26883: The LINQ expression could not be translated after upgrading to .NET 6 from .NET 5
  Successfully closed issue #26883 as duplicate and removed label using GraphQL
  ✓ Issue #26883 updated successfully
Processing issue #26882: Call to public SqliteConnection() in  Xamarin.Forms UWP app causes unhandled exception
  Successfully closed issue #26882 as duplicate and removed label using GraphQL
  ✓ Issue #26882 updated successfully
Processing issue #26881: Collection of type that has custom ValueConverter it's not supported (Cosmos)
  Found marked_as_duplicate event at 12/6/2021 9:43:53 PM +00:00
  Found canonical issue #25343 from event details
  Found canonical issue via GraphQL event details
  Found duplicate reference, linking to canonical issue
  Successfully closed issue #26881 as duplicate and removed label using GraphQL
  ✓ Issue #26881 updated successfully
Processing issue #26878: SqlServerMathTranslator exception
  Successfully closed issue #26878 as duplicate and removed label using GraphQL
  ✓ Issue #26878 updated successfully
Processing issue #26873: EF Core materializes projection property as object with default values
  Found marked_as_duplicate event at 1/14/2022 8:02:07 PM +00:00
  Found canonical issue #22517 from event details
  Found canonical issue via GraphQL event details
  Found duplicate reference, linking to canonical issue
  Successfully closed issue #26873 as duplicate and removed label using GraphQL
  ✓ Issue #26873 updated successfully
Processing issue #26870: How to make a database able to use migrations, in code, after it was created using EnsureCreate
  Successfully closed issue #26870 as duplicate and removed label using GraphQL
  ✓ Issue #26870 updated successfully
Processing issue #26868: Progress on #24889: EF read operation kills app consistently after 535 accesses....
  Successfully closed issue #26868 as duplicate and removed label using GraphQL
  ✓ Issue #26868 updated successfully
Processing issue #26866: ComplexTypes and Constructors to work with NullReferenceTypes
  Successfully closed issue #26866 as duplicate and removed label using GraphQL
  ✓ Issue #26866 updated successfully
Processing issue #26860: [.NET 6] Migrate API - Could not find method 'AddYears' on type 'System.DateOnly'
  Found marked_as_duplicate event at 12/1/2021 7:36:40 AM +00:00
  Found canonical issue #26288 from event details
  Found canonical issue via GraphQL event details
  Found duplicate reference, linking to canonical issue
  Successfully closed issue #26860 as duplicate and removed label using GraphQL
  ✓ Issue #26860 updated successfully
Processing issue #26854: Error in Open SqliteDatabase
  Successfully closed issue #26854 as duplicate and removed label using GraphQL
  ✓ Issue #26854 updated successfully
Processing issue #26851: How to configure own entity with abstract owned entity?
  Successfully closed issue #26851 as duplicate and removed label using GraphQL
  ✓ Issue #26851 updated successfully
Processing issue #26845: Db.db-shm and db.db-wal cannot be cleaned up automatically
  Successfully closed issue #26845 as duplicate and removed label using GraphQL
  ✓ Issue #26845 updated successfully
Processing issue #26838: GROUP BY and string CONCAT
  Found marked_as_duplicate event at 11/26/2021 2:47:38 PM +00:00
  Found canonical issue #22957 from event details
  Found canonical issue via GraphQL event details
  Found duplicate reference, linking to canonical issue
  Successfully closed issue #26838 as duplicate and removed label using GraphQL
  ✓ Issue #26838 updated successfully
Processing issue #26837: Support multiple params for `.ThenInclude(...)`
  Successfully closed issue #26837 as duplicate and removed label using GraphQL
  ✓ Issue #26837 updated successfully
Processing issue #26821: System.ArgumentOutOfRangeException in Entity Framework Core 6.0 when using Query Filters
  Successfully closed issue #26821 as duplicate and removed label using GraphQL
  ✓ Issue #26821 updated successfully
Processing issue #26816: Microsoft.Data.Sqlite.SqliteConnection throws a System.NullReferenceException
  Successfully closed issue #26816 as duplicate and removed label using GraphQL
  ✓ Issue #26816 updated successfully
Processing issue #26810: Can we Add a new extentsion line AddInclude on IQueryable<T> interface?
  Successfully closed issue #26810 as duplicate and removed label using GraphQL
  ✓ Issue #26810 updated successfully
Processing issue #26807: Altering a nullable column to be not nullable with a default value fails during migration
  Successfully closed issue #26807 as duplicate and removed label using GraphQL
  ✓ Issue #26807 updated successfully
Processing issue #26789: [Q] SqlServerConventionSetBuilder and valueGenerationConvention [SqlServerValueGenerationConvention]
  Successfully closed issue #26789 as duplicate and removed label using GraphQL
  ✓ Issue #26789 updated successfully
Processing issue #26764: boolean criteria are not being translated directly
  Found marked_as_duplicate event at 11/19/2021 5:29:27 PM +00:00
  Found canonical issue #23472 from event details
  Found canonical issue via GraphQL event details
  Found duplicate reference, linking to canonical issue
  Successfully closed issue #26764 as duplicate and removed label using GraphQL
  ✓ Issue #26764 updated successfully
Processing issue #26762: Can't concat/union two IQueryable<> of types inherited from one parent 
  Successfully closed issue #26762 as duplicate and removed label using GraphQL
  ✓ Issue #26762 updated successfully
Processing issue #26754: EF Core 6 reports variable name '@XXX' has already been declared
  Successfully closed issue #26754 as duplicate and removed label using GraphQL
  ✓ Issue #26754 updated successfully
Successfully processed 100 issues
Processing issues in dotnet/efcore...
Found 100 issues with 'closed-duplicate' label
Processing issue #26745: Bug in Navigation Fixer when replacing records that contain a HashSet
  Successfully closed issue #26745 as duplicate and removed label using GraphQL
  ✓ Issue #26745 updated successfully
Processing issue #26741: Code inheritance without database inheritance
  Successfully closed issue #26741 as duplicate and removed label using GraphQL
  ✓ Issue #26741 updated successfully
Processing issue #26729: Calling SqliteConnection from Microsoft.Data.Sqlite v6.0.0 throws TypeInitializationException
  Successfully closed issue #26729 as duplicate and removed label using GraphQL
  ✓ Issue #26729 updated successfully
Processing issue #26721: EF Core 6 Unable to set up a many-to-many relationship between '' and '' because one or both of the navigations don't have a corresponding CLR property
  Successfully closed issue #26721 as duplicate and removed label using GraphQL
  ✓ Issue #26721 updated successfully
Processing issue #26714: Bug in EFCore under .NET 6 when using records with inheritance and lazy loading
  Found marked_as_duplicate event at 11/16/2021 4:21:25 PM +00:00
  Found canonical issue #26602 from event details
  Found canonical issue via GraphQL event details
  Found duplicate reference, linking to canonical issue
  Successfully closed issue #26714 as duplicate and removed label using GraphQL
  ✓ Issue #26714 updated successfully
Processing issue #26685: ToSqlQuery method not working in 6.0.0
  Successfully closed issue #26685 as duplicate and removed label using GraphQL
  ✓ Issue #26685 updated successfully
Processing issue #26669: File Lock Held on SQLiteConnection After Leaving Using
  Found marked_as_duplicate event at 11/13/2021 6:56:07 PM +00:00
  Found canonical issue #26580 from event details
  Found canonical issue via GraphQL event details
  Found duplicate reference, linking to canonical issue
  Successfully closed issue #26669 as duplicate and removed label using GraphQL
  ✓ Issue #26669 updated successfully
Processing issue #26665: EF Core tools does not work in combination with Azure KeyVault
  Successfully closed issue #26665 as duplicate and removed label using GraphQL
  ✓ Issue #26665 updated successfully
Processing issue #26631: dotnet-ef scaffolding issue starting .NET 6
  Found marked_as_duplicate event at 11/11/2021 3:49:40 PM +00:00
  Found canonical issue #26496 from event details
  Found canonical issue via GraphQL event details
  Found duplicate reference, linking to canonical issue
  Successfully closed issue #26631 as duplicate and removed label using GraphQL
  ✓ Issue #26631 updated successfully
Processing issue #26635: .NET6 exception on Linq queries with EntityFramework 5
  Found marked_as_duplicate event at 11/11/2021 6:30:46 PM +00:00
  Found canonical issue #24002 from event details
  Found canonical issue via GraphQL event details
  Found duplicate reference, linking to canonical issue
  Successfully closed issue #26635 as duplicate and removed label using GraphQL
  ✓ Issue #26635 updated successfully
Processing issue #26607: DbScaffold should honor table names in n:m-relations
  Successfully closed issue #26607 as duplicate and removed label using GraphQL
  ✓ Issue #26607 updated successfully
Processing issue #26605: Regression in .NET 6 and/or EF Core 6.0: file based Sqlite database file is blocked after use.
  Successfully closed issue #26605 as duplicate and removed label using GraphQL
  ✓ Issue #26605 updated successfully
Processing issue #26950: .NET 6 breaks EF Core 2.2 
  Successfully closed issue #26950 as duplicate and removed label using GraphQL
  ✓ Issue #26950 updated successfully
Processing issue #26585: filtered include generates invalid SQL with First() but not with ToList()
  Successfully closed issue #26585 as duplicate and removed label using GraphQL
  ✓ Issue #26585 updated successfully
Processing issue #26573: Using Cosmos Db with EfCore and Managed Identity
  Successfully closed issue #26573 as duplicate and removed label using GraphQL
  ✓ Issue #26573 updated successfully
Processing issue #26549: Generated EF Core migrations should also compile warning-free when part of an assembly having an XML Documentation file
  Found marked_as_duplicate event at 11/5/2021 10:05:08 AM +00:00
  Found canonical issue #10695 from event details
  Found canonical issue via GraphQL event details
  Found duplicate reference, linking to canonical issue
  Successfully closed issue #26549 as duplicate and removed label using GraphQL
  ✓ Issue #26549 updated successfully
Processing issue #26536: about dotnet ef tool some idea/关于ef 升级数据库时的一些想法
  Found marked_as_duplicate event at 11/4/2021 10:52:09 AM +00:00
  Found canonical issue #22616 from event details
  Found canonical issue via GraphQL event details
  Found duplicate reference, linking to canonical issue
  Successfully closed issue #26536 as duplicate and removed label using GraphQL
  ✓ Issue #26536 updated successfully
Processing issue #26485: Visual Studio assumes return value from FirstOrDefaultAsync() cannot be null
  Found marked_as_duplicate event at 10/28/2021 10:34:30 PM +00:00
  Found canonical issue #19007 from event details
  Found canonical issue via GraphQL event details
  Found duplicate reference, linking to canonical issue
  Successfully closed issue #26485 as duplicate and removed label using GraphQL
  ✓ Issue #26485 updated successfully
Processing issue #26477: The specified deps.json [...] does not exist
  Found marked_as_duplicate event at 10/28/2021 8:03:14 AM +00:00
  Found canonical issue #16386 from event details
  Found canonical issue via GraphQL event details
  Found duplicate reference, linking to canonical issue
  Successfully closed issue #26477 as duplicate and removed label using GraphQL
  ✓ Issue #26477 updated successfully
Processing issue #26468: ForeignKey on Entity without primary key
  Successfully closed issue #26468 as duplicate and removed label using GraphQL
  ✓ Issue #26468 updated successfully
Processing issue #26466: dotnet-ef CLI does not build dotnet user-secrets
  Successfully closed issue #26466 as duplicate and removed label using GraphQL
  ✓ Issue #26466 updated successfully
Processing issue #26464: System.ArgumentOutOfRangeException: Index was out of range when using AsSplitQuery()
  Successfully closed issue #26464 as duplicate and removed label using GraphQL
  ✓ Issue #26464 updated successfully
Processing issue #26456: Self-referencing relationship breaks in `6.0.0-rc.2.21480.5`
  Successfully closed issue #26456 as duplicate and removed label using GraphQL
  ✓ Issue #26456 updated successfully
Processing issue #26449: Make sure all fwlinks in the <remarks> are in <see href>
  Successfully closed issue #26449 as duplicate and removed label using GraphQL
  ✓ Issue #26449 updated successfully
Processing issue #26426: EF Core DBContext scaffolding with custom model naming convention
  Successfully closed issue #26426 as duplicate and removed label using GraphQL
  ✓ Issue #26426 updated successfully
Processing issue #26409: Many to Many Migration with [Table] Annotation produces RenameTable
  Successfully closed issue #26409 as duplicate and removed label using GraphQL
  ✓ Issue #26409 updated successfully
Processing issue #26388: How can I measure a performance of queries executed with SplitQuery()
  Successfully closed issue #26388 as duplicate and removed label using GraphQL
  ✓ Issue #26388 updated successfully
Processing issue #26383: Could not find method 'AddYears' on type 'System.DateOnly'
  Found marked_as_duplicate event at 10/20/2021 9:45:33 PM +00:00
  Found canonical issue #21894 from event details
  Found canonical issue via GraphQL event details
  Found duplicate reference, linking to canonical issue
  Successfully closed issue #26383 as duplicate and removed label using GraphQL
  ✓ Issue #26383 updated successfully
Processing issue #26354: Regression: GroupJoin (left join) fails when using InMemory provider and entity has an Owned type
  Found marked_as_duplicate event at 10/14/2021 8:15:24 PM +00:00
  Found canonical issue #26157 from event details
  Found canonical issue via GraphQL event details
  Found duplicate reference, linking to canonical issue
  Successfully closed issue #26354 as duplicate and removed label using GraphQL
  ✓ Issue #26354 updated successfully
Processing issue #26333: Multiple entities owning the same object hierarchy breaks migrations
  Successfully closed issue #26333 as duplicate and removed label using GraphQL
  ✓ Issue #26333 updated successfully
Processing issue #26315: Performance issue when using SplitQuery and QueryFilters
  Successfully closed issue #26315 as duplicate and removed label using GraphQL
  ✓ Issue #26315 updated successfully
Processing issue #26299: Value Converter not working in Update when the field is not changed (Cosmos DB)
  Successfully closed issue #26299 as duplicate and removed label using GraphQL
  ✓ Issue #26299 updated successfully
Processing issue #26277: Add support to exclude tables during scaffolding
  Successfully closed issue #26277 as duplicate and removed label using GraphQL
  ✓ Issue #26277 updated successfully
Processing issue #26272: FirstOrDefaultAsync() indicates return value is not ever null
  Successfully closed issue #26272 as duplicate and removed label using GraphQL
  ✓ Issue #26272 updated successfully
Processing issue #26260: [BLOCKING] All Pomelo tests fail with the same service resolution exception after upgrading from 6.0 Preview 7 to 6.0 RC1
  Successfully closed issue #26260 as duplicate and removed label using GraphQL
  ✓ Issue #26260 updated successfully
Processing issue #26252: Migrations / Temporal Tables: Temporal SYSTEM_TIME period is already defined on table when executing idempotent script
  Successfully closed issue #26252 as duplicate and removed label using GraphQL
  ✓ Issue #26252 updated successfully
Processing issue #26235: Error when modifying a primary key as a foreign key
  Successfully closed issue #26235 as duplicate and removed label using GraphQL
  ✓ Issue #26235 updated successfully
Processing issue #26219: OOM Exception occur when foreign key constraint violet
  Successfully closed issue #26219 as duplicate and removed label using GraphQL
  ✓ Issue #26219 updated successfully
Processing issue #26197: System.ArgumentNullException: Value cannot be null. (Parameter 'name')
  Found marked_as_duplicate event at 9/28/2021 2:51:52 PM +00:00
  Found canonical issue #25773 from event details
  Found canonical issue via GraphQL event details
  Found duplicate reference, linking to canonical issue
  Successfully closed issue #26197 as duplicate and removed label using GraphQL
  ✓ Issue #26197 updated successfully
Processing issue #26195: Can't generate a compiled model with keyless entity
  Found marked_as_duplicate event at 9/28/2021 2:50:32 PM +00:00
  Found canonical issue #26073 from event details
  Found canonical issue via GraphQL event details
  Found duplicate reference, linking to canonical issue
  Successfully closed issue #26195 as duplicate and removed label using GraphQL
  ✓ Issue #26195 updated successfully
Processing issue #26194: Allow generate inner join on Include
  Found marked_as_duplicate event at 9/29/2021 6:05:02 PM +00:00
  Found canonical issue #24955 from event details
  Found canonical issue via GraphQL event details
  Found duplicate reference, linking to canonical issue
  Successfully closed issue #26194 as duplicate and removed label using GraphQL
  ✓ Issue #26194 updated successfully
Processing issue #26179: Using HasKey(...).IsClustered() generates invalid code inside database snapshot
  Successfully closed issue #26179 as duplicate and removed label using GraphQL
  ✓ Issue #26179 updated successfully
Processing issue #26154: Command line option to add HasColumnName to every property on scaffolding
  Successfully closed issue #26154 as duplicate and removed label using GraphQL
  ✓ Issue #26154 updated successfully
Processing issue #26146: QueryFilterBuilder extension suggestion
  Successfully closed issue #26146 as duplicate and removed label using GraphQL
  ✓ Issue #26146 updated successfully
Processing issue #26060: Scaffold-DbContext in EF Core results are different from models from edmx ( using Database first approach)
  Found marked_as_duplicate event at 9/16/2021 7:40:44 AM +00:00
  Found canonical issue #22475 from event details
  Found canonical issue via GraphQL event details
  Found duplicate reference, linking to canonical issue
  Successfully closed issue #26060 as duplicate and removed label using GraphQL
  ✓ Issue #26060 updated successfully
Processing issue #26028: Join with group by throwing exception
  Successfully closed issue #26028 as duplicate and removed label using GraphQL
  ✓ Issue #26028 updated successfully
Processing issue #26017: Test that provider convention sets replace all instances of a given convention
  Successfully closed issue #26017 as duplicate and removed label using GraphQL
  ✓ Issue #26017 updated successfully
Processing issue #25929: Store all enums as string global configuration
  Successfully closed issue #25929 as duplicate and removed label using GraphQL
  ✓ Issue #25929 updated successfully
Processing issue #25920: Comparison with TimeSpanToStringConverter doesn't work correctly for 1 day+ TimeSpans
  Successfully closed issue #25920 as duplicate and removed label using GraphQL
  ✓ Issue #25920 updated successfully
Processing issue #25891: Attribute.IsDefined is a perf hotsport during model building
  Successfully closed issue #25891 as duplicate and removed label using GraphQL
  ✓ Issue #25891 updated successfully
Processing issue #25882: Reopen: EF Core 5 AsSplitQuery() can not work with OData WebApi
  Found marked_as_duplicate event at 9/6/2021 11:15:56 AM +00:00
  Found canonical issue #21234 from event details
  Found canonical issue via GraphQL event details
  Found duplicate reference, linking to canonical issue
  Successfully closed issue #25882 as duplicate and removed label using GraphQL
  ✓ Issue #25882 updated successfully
Processing issue #25871: The query processor ran out of internal resources
  Successfully closed issue #25871 as duplicate and removed label using GraphQL
  ✓ Issue #25871 updated successfully
Processing issue #25865: EFCore 5.0.7 HasQueryFilter not translating to the same query as EF Core 3.1.8
  Successfully closed issue #25865 as duplicate and removed label using GraphQL
  ✓ Issue #25865 updated successfully
Processing issue #25854: Query: Make sure arguments & argumentpropagesnullability has same size
  Found marked_as_duplicate event at 6/23/2024 10:22:07 PM +00:00
  Found canonical issue #33852 from event details
  Found canonical issue via GraphQL event details
  Found duplicate reference, linking to canonical issue
  Successfully closed issue #25854 as duplicate and removed label using GraphQL
  ✓ Issue #25854 updated successfully
Processing issue #25820: Add CodeGeneratedAttribute to migrations/snapshots
  Found marked_as_duplicate event at 9/1/2021 1:21:47 PM +00:00
  Found canonical issue #19596 from event details
  Found canonical issue via GraphQL event details
  Found duplicate reference, linking to canonical issue
  Successfully closed issue #25820 as duplicate and removed label using GraphQL
  ✓ Issue #25820 updated successfully
Processing issue #25787: Bump SQLitePCLRaw.bundle_e_sqlite3 from 2.0.5-pre20210521085756 to 2.0.5
  Found marked_as_duplicate event at 9/2/2021 4:53:38 PM +00:00
  Event does not contain canonical issue reference
  ✗ Failed to process issue #25787: GraphQL errors: Could not resolve to Issue node with the global id of 'MDExOlB1bGxSZXF1ZXN0NzIyNjU4NjQx'.
Processing issue #25764: Cosmos: Narrow gap between EF and SDK LINQ provider
  Successfully closed issue #25764 as duplicate and removed label using GraphQL
  ✓ Issue #25764 updated successfully
Processing issue #25704: Migrations: Problem with 3 nested levels of owned type properties
  Found marked_as_duplicate event at 8/27/2021 1:39:00 AM +00:00
  Found canonical issue #25005 from event details
  Found canonical issue via GraphQL event details
  Found duplicate reference, linking to canonical issue
  Successfully closed issue #25704 as duplicate and removed label using GraphQL
  ✓ Issue #25704 updated successfully
Processing issue #25649: Recursive Hierarchy in self referenced table - ef core 5
  Found marked_as_duplicate event at 8/24/2021 11:18:02 AM +00:00
  Found canonical issue #14144 from event details
  Found canonical issue via GraphQL event details
  Found duplicate reference, linking to canonical issue
  Successfully closed issue #25649 as duplicate and removed label using GraphQL
  ✓ Issue #25649 updated successfully
Processing issue #25613: Microsoft.EntityFrameworkCore.SqlServer 3.1.[4-18] stop azure functions for logging dependency
  Successfully closed issue #25613 as duplicate and removed label using GraphQL
  ✓ Issue #25613 updated successfully
Processing issue #25588: Migration: `HasData` generates migration with `object[,]` instead of `object?[,]`
  Found marked_as_duplicate event at 8/19/2021 2:06:01 PM +00:00
  Found canonical issue #18950 from event details
  Found canonical issue via GraphQL event details
  Found duplicate reference, linking to canonical issue
  Successfully closed issue #25588 as duplicate and removed label using GraphQL
  ✓ Issue #25588 updated successfully
Processing issue #25586: OwnedType use HasData() throw a InvalidOperationException
  Successfully closed issue #25586 as duplicate and removed label using GraphQL
  ✓ Issue #25586 updated successfully
Processing issue #25569: Support the new SingleOrDefault/FirstOrDefault/LastOrDefault overloads that allow specifying a default
  Found marked_as_duplicate event at 1/18/2024 7:16:43 AM +00:00
  Found canonical issue #17783 from event details
  Found canonical issue via GraphQL event details
  Found duplicate reference, linking to canonical issue
  Successfully closed issue #25569 as duplicate and removed label using GraphQL
  ✓ Issue #25569 updated successfully
Processing issue #25553: dotnet ef dbcontext optimize as a PreBuild task
  Found marked_as_duplicate event at 8/18/2021 12:44:13 AM +00:00
  Found canonical issue #24894 from event details
  Found canonical issue via GraphQL event details
  Found duplicate reference, linking to canonical issue
  Successfully closed issue #25553 as duplicate and removed label using GraphQL
  ✓ Issue #25553 updated successfully
Processing issue #25532: A problem with  owned Type and SetValueConverter at runtime.
  Found marked_as_duplicate event at 8/17/2021 12:38:18 AM +00:00
  Found canonical issue #13947 from event details
  Found canonical issue via GraphQL event details
  Found duplicate reference, linking to canonical issue
  Successfully closed issue #25532 as duplicate and removed label using GraphQL
  ✓ Issue #25532 updated successfully
Processing issue #25531: The specified deps.json does not exist
  Found marked_as_duplicate event at 8/16/2021 8:46:49 AM +00:00
  Found canonical issue #16386 from event details
  Found canonical issue via GraphQL event details
  Found duplicate reference, linking to canonical issue
  Successfully closed issue #25531 as duplicate and removed label using GraphQL
  ✓ Issue #25531 updated successfully
Processing issue #25524: EfCore Tools Compiles Unnecessary Projects
  Successfully closed issue #25524 as duplicate and removed label using GraphQL
  ✓ Issue #25524 updated successfully
Processing issue #25477: The specified deps.json [..] does not exist  
  Found marked_as_duplicate event at 8/10/2021 6:50:08 PM +00:00
  Found canonical issue #16386 from event details
  Found canonical issue via GraphQL event details
  Found duplicate reference, linking to canonical issue
  Successfully closed issue #25477 as duplicate and removed label using GraphQL
  ✓ Issue #25477 updated successfully
Processing issue #25475: Converting bool to DateTime throws InvalidCastException
  Found marked_as_duplicate event at 9/10/2021 7:56:23 PM +00:00
  Found canonical issue #24075 from event details
  Found canonical issue via GraphQL event details
  Found duplicate reference, linking to canonical issue
  Successfully closed issue #25475 as duplicate and removed label using GraphQL
  ✓ Issue #25475 updated successfully
Processing issue #25472: Polymorphic collection in efcore 5
  Successfully closed issue #25472 as duplicate and removed label using GraphQL
  ✓ Issue #25472 updated successfully
Processing issue #25461: EF Core 5 Grouping subquery under join throws exception 
  Successfully closed issue #25461 as duplicate and removed label using GraphQL
  ✓ Issue #25461 updated successfully
Processing issue #25460: Group by with linked objects
  Found marked_as_duplicate event at 8/9/2021 4:43:54 PM +00:00
  Found canonical issue #22609 from event details
  Found canonical issue via GraphQL event details
  Found duplicate reference, linking to canonical issue
  Successfully closed issue #25460 as duplicate and removed label using GraphQL
  ✓ Issue #25460 updated successfully
Processing issue #25458: EF Core SQLite AOT problem on IOS (Unity)
  Successfully closed issue #25458 as duplicate and removed label using GraphQL
  ✓ Issue #25458 updated successfully
Processing issue #25452: Cryptic NullpointerException instead of TimeoutException when using "await using", ToList() and SplitQueryBehaviour
  Found marked_as_duplicate event at 8/10/2021 4:59:08 PM +00:00
  Found canonical issue #23157 from event details
  Found canonical issue via GraphQL event details
  Found duplicate reference, linking to canonical issue
  Successfully closed issue #25452 as duplicate and removed label using GraphQL
  ✓ Issue #25452 updated successfully
Processing issue #25405: Navigation property doesn't work with non-Nullable types.
  Successfully closed issue #25405 as duplicate and removed label using GraphQL
  ✓ Issue #25405 updated successfully
Processing issue #25404: Scaffolded DbContext contains unnecessary relationship configuration
  Successfully closed issue #25404 as duplicate and removed label using GraphQL
  ✓ Issue #25404 updated successfully
Processing issue #25383: System.NullReferenceException thrown for many-to-many without navigation properties on one or both sides of the relationship
  Found marked_as_duplicate event at 8/31/2021 4:59:14 PM +00:00
  Found canonical issue #23362 from event details
  Found canonical issue via GraphQL event details
  Found duplicate reference, linking to canonical issue
  Successfully closed issue #25383 as duplicate and removed label using GraphQL
  ✓ Issue #25383 updated successfully
Processing issue #25369: ALTER COLUMN migration with column type change requires USING [PostgreSQL]
  Found marked_as_duplicate event at 7/30/2021 11:57:05 AM +00:00
  Found canonical issue #144 from event details
  Found canonical issue via GraphQL event details
  Found duplicate reference, linking to canonical issue
  Successfully closed issue #25369 as duplicate and removed label using GraphQL
  ✓ Issue #25369 updated successfully
Processing issue #25349: memory 
  Successfully closed issue #25349 as duplicate and removed label using GraphQL
  ✓ Issue #25349 updated successfully
Processing issue #25329: Use value object with multiple property as primary key
  Found marked_as_duplicate event at 7/27/2021 9:51:56 PM +00:00
  Found canonical issue #13947 from event details
  Found canonical issue via GraphQL event details
  Found duplicate reference, linking to canonical issue
  Successfully closed issue #25329 as duplicate and removed label using GraphQL
  ✓ Issue #25329 updated successfully
Processing issue #25322: When using Union/Concat and with a projected class not all columns get selected in union
  Successfully closed issue #25322 as duplicate and removed label using GraphQL
  ✓ Issue #25322 updated successfully
Processing issue #25320: Critical bug for production with EF 5.0.*: NullReferenceException hides actual exception
  Successfully closed issue #25320 as duplicate and removed label using GraphQL
  ✓ Issue #25320 updated successfully
Processing issue #25307: "Unable to load shared library 'e_sqlite3' or one of its dependencies" on M1 macOS
  Found marked_as_duplicate event at 7/23/2021 5:20:40 PM +00:00
  Found canonical issue #24198 from event details
  Found canonical issue via GraphQL event details
  Found duplicate reference, linking to canonical issue
  Successfully closed issue #25307 as duplicate and removed label using GraphQL
  ✓ Issue #25307 updated successfully
Processing issue #25302: Cannot change the base class of ApplicationDbContext
  Successfully closed issue #25302 as duplicate and removed label using GraphQL
  ✓ Issue #25302 updated successfully
Processing issue #25296: Sql Server built in TVF being escaped in 5.x
  Successfully closed issue #25296 as duplicate and removed label using GraphQL
  ✓ Issue #25296 updated successfully
Processing issue #25274: [BUNDLES] Suggestion to show the full path of the bundle .exe file
  Successfully closed issue #25274 as duplicate and removed label using GraphQL
  ✓ Issue #25274 updated successfully
Processing issue #25271: [BUNDLES] -Force option is missing
  Successfully closed issue #25271 as duplicate and removed label using GraphQL
  ✓ Issue #25271 updated successfully
Processing issue #25267: Regression in 5.0.8 for Microsoft.EntityFrameworkCore.Design and Microsoft.EntityFrameworkCore.Tools
  Found marked_as_duplicate event at 7/15/2021 3:26:55 PM +00:00
  Found canonical issue #11506 from event details
  Found canonical issue via GraphQL event details
  Found duplicate reference, linking to canonical issue
  Successfully closed issue #25267 as duplicate and removed label using GraphQL
  ✓ Issue #25267 updated successfully
Processing issue #25266: The command dbcontext scaffold throws timeout exception
  Found marked_as_duplicate event at 7/15/2021 11:36:41 AM +00:00
  Found canonical issue #22301 from event details
  Found canonical issue via GraphQL event details
  Found duplicate reference, linking to canonical issue
  Successfully closed issue #25266 as duplicate and removed label using GraphQL
  ✓ Issue #25266 updated successfully
Processing issue #25252: Improve documentation of 'dotnet ef migrations remove' for offline scenarios
  Successfully closed issue #25252 as duplicate and removed label using GraphQL
  ✓ Issue #25252 updated successfully
Processing issue #25242: System.Linq.Queryable.TakeLast() could not be translated.
  Found marked_as_duplicate event at 7/12/2021 2:34:28 PM +00:00
  Found canonical issue #17065 from event details
  Found canonical issue via GraphQL event details
  Found duplicate reference, linking to canonical issue
  Successfully closed issue #25242 as duplicate and removed label using GraphQL
  ✓ Issue #25242 updated successfully
Processing issue #25231: EF generates two nonsensical JOINs when mapping a HasOne().WithOne() relationship with table splitting
  Found marked_as_duplicate event at 7/9/2021 11:40:17 PM +00:00
  Found canonical issue #18869 from event details
  Found canonical issue via GraphQL event details
  Found duplicate reference, linking to canonical issue
  Successfully closed issue #25231 as duplicate and removed label using GraphQL
  ✓ Issue #25231 updated successfully
Processing issue #25223: Support file-scoped namespace declarations in generated .cs files
  Found marked_as_duplicate event at 4/26/2022 6:42:39 PM +00:00
  Found canonical issue #14545 from event details
  Found canonical issue via GraphQL event details
  Found duplicate reference, linking to canonical issue
  Successfully closed issue #25223 as duplicate and removed label using GraphQL
  ✓ Issue #25223 updated successfully
Processing issue #25218: Including related entities causes performance degradation
  Found marked_as_duplicate event at 7/9/2021 5:20:55 PM +00:00
  Found canonical issue #17936 from event details
  Found canonical issue via GraphQL event details
  Found duplicate reference, linking to canonical issue
  Successfully closed issue #25218 as duplicate and removed label using GraphQL
  ✓ Issue #25218 updated successfully
Processing issue #25183: Migrations: keyless type without table/view created in ModelSnapshot
  Successfully closed issue #25183 as duplicate and removed label using GraphQL
  ✓ Issue #25183 updated successfully
Processing issue #25182: System.TypeInitializationException: The type initializer for 'Microsoft.EntityFrameworkCore.Query.QueryableMethods' threw an exception.
  Successfully closed issue #25182 as duplicate and removed label using GraphQL
  ✓ Issue #25182 updated successfully
Processing issue #25171: EF Core sets the Foreign Key constraint as 'ON DELETE RESTRICT' even though the FK is nullable
  Successfully closed issue #25171 as duplicate and removed label using GraphQL
  ✓ Issue #25171 updated successfully
Processing issue #25152: Inheritance - Changing default shared column naming behaviour?
  Successfully closed issue #25152 as duplicate and removed label using GraphQL
  ✓ Issue #25152 updated successfully
Processing issue #25151: TPH Navigation Properties For Inherited Types
  Successfully closed issue #25151 as duplicate and removed label using GraphQL
  ✓ Issue #25151 updated successfully
Processing issue #25141: Constants in composite foreign keys
  Successfully closed issue #25141 as duplicate and removed label using GraphQL
  ✓ Issue #25141 updated successfully
Successfully processed 99 issues
Processing issues in dotnet/efcore...
Found 100 issues with 'closed-duplicate' label
Processing issue #25139: How do I make a many-to-many relation with no backwards navigation property?
  Found marked_as_duplicate event at 6/25/2021 7:54:12 PM +00:00
  Found canonical issue #3864 from event details
  Found canonical issue via GraphQL event details
  Found duplicate reference, linking to canonical issue
  Successfully closed issue #25139 as duplicate and removed label using GraphQL
  ✓ Issue #25139 updated successfully
Processing issue #25134: Sqlite.NetTopologySuite caused the program to crash. Failure module:libwinpthread-1.dll
  Found marked_as_duplicate event at 6/23/2021 8:06:59 PM +00:00
  Found canonical issue #14561 from event details
  Found canonical issue via GraphQL event details
  Found duplicate reference, linking to canonical issue
  Successfully closed issue #25134 as duplicate and removed label using GraphQL
  ✓ Issue #25134 updated successfully
Processing issue #25107: EF Core 3.1 Unable to mark alternate key optional
  Successfully closed issue #25107 as duplicate and removed label using GraphQL
  ✓ Issue #25107 updated successfully
Processing issue #25088: Mapping does not work properly when use include and OrderBy(a => Guid.NewGuid())
  Successfully closed issue #25088 as duplicate and removed label using GraphQL
  ✓ Issue #25088 updated successfully
Processing issue #25076: Owned property null despite having a SubOwned property with non-null data
  Successfully closed issue #25076 as duplicate and removed label using GraphQL
  ✓ Issue #25076 updated successfully
Processing issue #25075: Using non anonymous type inside outer/inner key selector of Join causes an error
  Successfully closed issue #25075 as duplicate and removed label using GraphQL
  ✓ Issue #25075 updated successfully
Processing issue #25072: Naming a migration "DateTimeOffset" doesn't work
  Found marked_as_duplicate event at 10/19/2022 10:22:33 PM +00:00
  Found canonical issue #26954 from event details
  Found canonical issue via GraphQL event details
  Found duplicate reference, linking to canonical issue
  Successfully closed issue #25072 as duplicate and removed label using GraphQL
  ✓ Issue #25072 updated successfully
Processing issue #25071: Incremental scaffold existing database
  Found marked_as_duplicate event at 6/10/2021 9:52:28 AM +00:00
  Found canonical issue #831 from event details
  Found canonical issue via GraphQL event details
  Found duplicate reference, linking to canonical issue
  Successfully closed issue #25071 as duplicate and removed label using GraphQL
  ✓ Issue #25071 updated successfully
Processing issue #25043: Issue with uppercase/lowercase GUID
  Successfully closed issue #25043 as duplicate and removed label using GraphQL
  ✓ Issue #25043 updated successfully
Processing issue #25040: Is a migration that renames a primary key on a parent table supposed to account for child table foreign keys?
  Found marked_as_duplicate event at 6/8/2021 10:00:47 PM +00:00
  Found canonical issue #5662 from event details
  Found canonical issue via GraphQL event details
  Found duplicate reference, linking to canonical issue
  Successfully closed issue #25040 as duplicate and removed label using GraphQL
  ✓ Issue #25040 updated successfully
Processing issue #25037: Make it easier to use semantic datatypes with EF core.
  Found marked_as_duplicate event at 6/10/2021 1:47:26 PM +00:00
  Found canonical issue #9906 from event details
  Found canonical issue via GraphQL event details
  Found duplicate reference, linking to canonical issue
  Successfully closed issue #25037 as duplicate and removed label using GraphQL
  ✓ Issue #25037 updated successfully
Processing issue #25035: What code is generated to process records from SqlClient?
  Found marked_as_duplicate event at 6/4/2021 7:49:46 PM +00:00
  Found canonical issue #24799 from event details
  Found canonical issue via GraphQL event details
  Found duplicate reference, linking to canonical issue
  Successfully closed issue #25035 as duplicate and removed label using GraphQL
  ✓ Issue #25035 updated successfully
Processing issue #25032: [BUG] CurrentValues.SetValues does not update owned types, but any other primitive properties are updated
  Successfully closed issue #25032 as duplicate and removed label using GraphQL
  ✓ Issue #25032 updated successfully
Processing issue #25026: Compiled model namespace issues
  Successfully closed issue #25026 as duplicate and removed label using GraphQL
  ✓ Issue #25026 updated successfully
Processing issue #25019: I cannot access to a SQLite database created with system.Data.SQLite with password
  Found marked_as_duplicate event at 6/4/2021 7:57:02 PM +00:00
  Found canonical issue #23999 from event details
  Found canonical issue via GraphQL event details
  Found duplicate reference, linking to canonical issue
  Successfully closed issue #25019 as duplicate and removed label using GraphQL
  ✓ Issue #25019 updated successfully
Processing issue #25007: composite keys support the use of data annotation configure
  Found marked_as_duplicate event at 6/1/2021 9:13:33 AM +00:00
  Found canonical issue #11003 from event details
  Found canonical issue via GraphQL event details
  Found duplicate reference, linking to canonical issue
  Successfully closed issue #25007 as duplicate and removed label using GraphQL
  ✓ Issue #25007 updated successfully
Processing issue #24998: Using 'Include' for loading related data for types that in hierarchy produces LEFT JOIN with an expensive execution plan
  Successfully closed issue #24998 as duplicate and removed label using GraphQL
  ✓ Issue #24998 updated successfully
Processing issue #24997: Overlapping Inheritance and multiple Discriminator 
  Found marked_as_duplicate event at 5/28/2021 8:33:08 PM +00:00
  Found canonical issue #10140 from event details
  Found canonical issue via GraphQL event details
  Found duplicate reference, linking to canonical issue
  Successfully closed issue #24997 as duplicate and removed label using GraphQL
  ✓ Issue #24997 updated successfully
Processing issue #24995: Problem with OData integration
  Successfully closed issue #24995 as duplicate and removed label using GraphQL
  ✓ Issue #24995 updated successfully
Processing issue #24988: Look into using the new Microsoft.Extensions.Logging compile-time source generator
  Found marked_as_duplicate event at 1/21/2022 7:56:55 PM +00:00
  Found canonical issue #27060 from event details
  Found canonical issue via GraphQL event details
  Found duplicate reference, linking to canonical issue
  Successfully closed issue #24988 as duplicate and removed label using GraphQL
  ✓ Issue #24988 updated successfully
Processing issue #24979: Add support for DateOnly and TimeOnly types
  Found marked_as_duplicate event at 5/26/2021 3:33:27 PM +00:00
  Found canonical issue #24506 from event details
  Found canonical issue via GraphQL event details
  Found duplicate reference, linking to canonical issue
  Successfully closed issue #24979 as duplicate and removed label using GraphQL
  ✓ Issue #24979 updated successfully
Processing issue #24971: Failed to load 6.0.0-preview.3.21201.4/libhostfxr.dylib, no suitable image found. Mac M1
  Successfully closed issue #24971 as duplicate and removed label using GraphQL
  ✓ Issue #24971 updated successfully
Processing issue #24957: Is there any way to configure a custom generic type to define a nullable navigation property ?
  Successfully closed issue #24957 as duplicate and removed label using GraphQL
  ✓ Issue #24957 updated successfully
Processing issue #24948: migrationBuilder.InsertData is not nullable compliant
  Found marked_as_duplicate event at 5/20/2021 10:37:28 PM +00:00
  Found canonical issue #18950 from event details
  Found canonical issue via GraphQL event details
  Found duplicate reference, linking to canonical issue
  Successfully closed issue #24948 as duplicate and removed label using GraphQL
  ✓ Issue #24948 updated successfully
Processing issue #24942: Filtering on boolean properties which are equal to false, causes the created SQL to use a non-equality check e.g "[p].[deleted_flag] <> CAST(1 AS bit)" instead of "[p].[deleted_flag] = CAST(0 AS bit)"
  Successfully closed issue #24942 as duplicate and removed label using GraphQL
  ✓ Issue #24942 updated successfully
Processing issue #24923: How to use only one instance of a tracked immutable entity
  Successfully closed issue #24923 as duplicate and removed label using GraphQL
  ✓ Issue #24923 updated successfully
Processing issue #24889: EF read operation kills app consistently after 535 accesses.
  Successfully closed issue #24889 as duplicate and removed label using GraphQL
  ✓ Issue #24889 updated successfully
Processing issue #24886: How to avoid exeption "Unable to translate collection subquery..." when writing query with group by
  Successfully closed issue #24886 as duplicate and removed label using GraphQL
  ✓ Issue #24886 updated successfully
Processing issue #24884: The specified deps.json [(projectpath).deps.json] does not exist
  Successfully closed issue #24884 as duplicate and removed label using GraphQL
  ✓ Issue #24884 updated successfully
Processing issue #24871: Use of .Include can give unexpected results. Can someone tell me if my understandings are correct?
  Successfully closed issue #24871 as duplicate and removed label using GraphQL
  ✓ Issue #24871 updated successfully
Processing issue #24869: Sum or Count of inner navigation property on GroupBy not being translated
  Found marked_as_duplicate event at 5/10/2021 4:46:03 PM +00:00
  Found canonical issue #22609 from event details
  Found canonical issue via GraphQL event details
  Found duplicate reference, linking to canonical issue
  Successfully closed issue #24869 as duplicate and removed label using GraphQL
  ✓ Issue #24869 updated successfully
Processing issue #24853: `Enable-Migrations -EnableAutomaticMigrations` Command
  Found marked_as_duplicate event at 5/7/2021 9:02:25 AM +00:00
  Found canonical issue #6214 from event details
  Found canonical issue via GraphQL event details
  Found duplicate reference, linking to canonical issue
  Successfully closed issue #24853 as duplicate and removed label using GraphQL
  ✓ Issue #24853 updated successfully
Processing issue #24821: [Bug] - [Required] attribute ignored when creating column named Id
  Successfully closed issue #24821 as duplicate and removed label using GraphQL
  ✓ Issue #24821 updated successfully
Processing issue #24813: BuiltInDataTypesSqlServerTest.Object_to_string_conversion test fails when run in non en-us localization settings
  Found marked_as_duplicate event at 4/30/2021 5:23:44 PM +00:00
  Found canonical issue #14912 from event details
  Found canonical issue via GraphQL event details
  Found duplicate reference, linking to canonical issue
  Successfully closed issue #24813 as duplicate and removed label using GraphQL
  ✓ Issue #24813 updated successfully
Processing issue #24804: ValueConverter for collection of objects to collection of enum
  Successfully closed issue #24804 as duplicate and removed label using GraphQL
  ✓ Issue #24804 updated successfully
Processing issue #24794: How to map a custom select or view to hierarchical structure?
  Found marked_as_duplicate event at 4/28/2021 4:21:09 PM +00:00
  Found canonical issue #14525 from event details
  Found canonical issue via GraphQL event details
  Found duplicate reference, linking to canonical issue
  Successfully closed issue #24794 as duplicate and removed label using GraphQL
  ✓ Issue #24794 updated successfully
Processing issue #24788: Xamarin IOS ArgumentNullException in full linking mode. (EntityFrameworkCore.Sqlite)
  Successfully closed issue #24788 as duplicate and removed label using GraphQL
  ✓ Issue #24788 updated successfully
Processing issue #24774: Having a prefix for generated Types in reverse engineering scaffold command
  Successfully closed issue #24774 as duplicate and removed label using GraphQL
  ✓ Issue #24774 updated successfully
Processing issue #24767: Support insertion of keyless entities
  Successfully closed issue #24767 as duplicate and removed label using GraphQL
  ✓ Issue #24767 updated successfully
Processing issue #24711: Is there a method to intercept query expression tree in EF Core?
  Found marked_as_duplicate event at 4/22/2021 8:58:23 AM +00:00
  Found canonical issue #24721 from event details
  Found canonical issue via GraphQL event details
  Found duplicate reference, linking to canonical issue
  Successfully closed issue #24711 as duplicate and removed label using GraphQL
  ✓ Issue #24711 updated successfully
Processing issue #24707: Unable to translate set operation when matching columns on both sides have different store types
  Found marked_as_duplicate event at 4/21/2021 7:59:37 AM +00:00
  Found canonical issue #19129 from event details
  Found canonical issue via GraphQL event details
  Found duplicate reference, linking to canonical issue
  Successfully closed issue #24707 as duplicate and removed label using GraphQL
  ✓ Issue #24707 updated successfully
Processing issue #24697: How to cache entities in memory and attach them correctly - avoid identity resolution issue
  Successfully closed issue #24697 as duplicate and removed label using GraphQL
  ✓ Issue #24697 updated successfully
Processing issue #24695: Processing of the LINQ expression 'GroupByShaperExpression ... by 'RelationalProjectionBindingExpressionVisitor' failed. This may indicate either a bug or a limitation in EF Core
  Found marked_as_duplicate event at 4/23/2021 5:29:08 PM +00:00
  Found canonical issue #13805 from event details
  Found canonical issue via GraphQL event details
  Found duplicate reference, linking to canonical issue
  Successfully closed issue #24695 as duplicate and removed label using GraphQL
  ✓ Issue #24695 updated successfully
Processing issue #24692: Entity mapped to Table and View with computed columns
  Successfully closed issue #24692 as duplicate and removed label using GraphQL
  ✓ Issue #24692 updated successfully
Processing issue #24679:  Ef Core 5 Owned on Entity with HiLo  Error
  Successfully closed issue #24679 as duplicate and removed label using GraphQL
  ✓ Issue #24679 updated successfully
Processing issue #24663: Memory Leak on DbContext.SaveChanges() with Invalid Data
  Successfully closed issue #24663 as duplicate and removed label using GraphQL
  ✓ Issue #24663 updated successfully
Processing issue #24661: Wrong exception message - SavepointsDisabledBecauseOfMARS
  Found marked_as_duplicate event at 4/14/2021 3:52:47 PM +00:00
  Found canonical issue #24019 from event details
  Found canonical issue via GraphQL event details
  Found duplicate reference, linking to canonical issue
  Successfully closed issue #24661 as duplicate and removed label using GraphQL
  ✓ Issue #24661 updated successfully
Processing issue #24654: Cannot compile join to SQL when using interface
  Successfully closed issue #24654 as duplicate and removed label using GraphQL
  ✓ Issue #24654 updated successfully
Processing issue #24634: EF does'nt produce nested query when filter and top 1 in use
  Found marked_as_duplicate event at 4/12/2021 3:18:28 PM +00:00
  Found canonical issue #7776 from event details
  Found canonical issue via GraphQL event details
  Found duplicate reference, linking to canonical issue
  Successfully closed issue #24634 as duplicate and removed label using GraphQL
  ✓ Issue #24634 updated successfully
Processing issue #24633: Correlation beetween IsKeySet and EntityState.Added
  Successfully closed issue #24633 as duplicate and removed label using GraphQL
  ✓ Issue #24633 updated successfully
Processing issue #24618: SavingChanges event not raised when using AddDbContextPool instead of AddDbContext.
  Found marked_as_duplicate event at 4/13/2021 5:51:47 PM +00:00
  Found canonical issue #19193 from event details
  Found canonical issue via GraphQL event details
  Found duplicate reference, linking to canonical issue
  Successfully closed issue #24618 as duplicate and removed label using GraphQL
  ✓ Issue #24618 updated successfully
Processing issue #24597: How bulk insert with CDC enabled on SQL Server?
  Successfully closed issue #24597 as duplicate and removed label using GraphQL
  ✓ Issue #24597 updated successfully
Processing issue #24591: Feature: GroupBy aggregate value from owned entities
  Found marked_as_duplicate event at 4/5/2021 10:08:04 PM +00:00
  Found canonical issue #22609 from event details
  Found canonical issue via GraphQL event details
  Found duplicate reference, linking to canonical issue
  Successfully closed issue #24591 as duplicate and removed label using GraphQL
  ✓ Issue #24591 updated successfully
Processing issue #24571: Cosmos: Allow terminating operators after Skip and Take 
  Found marked_as_duplicate event at 6/15/2024 6:14:21 PM +00:00
  Found canonical issue #33968 from event details
  Found canonical issue via GraphQL event details
  Found duplicate reference, linking to canonical issue
  Successfully closed issue #24571 as duplicate and removed label using GraphQL
  ✓ Issue #24571 updated successfully
Processing issue #24550: AsSplitQuery() extension should use multiple result sets to reduce database roundtrips to 1
  Found marked_as_duplicate event at 3/31/2021 7:01:27 AM +00:00
  Found canonical issue #10878 from event details
  Found canonical issue via GraphQL event details
  Found duplicate reference, linking to canonical issue
  Successfully closed issue #24550 as duplicate and removed label using GraphQL
  ✓ Issue #24550 updated successfully
Processing issue #24549: EF Core RemoveRange System.InvalidCastException : Unable to cast object of type 'System.Int32' to type 'System.Int64'
  Successfully closed issue #24549 as duplicate and removed label using GraphQL
  ✓ Issue #24549 updated successfully
Processing issue #24546: EnsureCreated doesn't seem to create views
  Successfully closed issue #24546 as duplicate and removed label using GraphQL
  ✓ Issue #24546 updated successfully
Processing issue #24539: Don't log inlined values in SQL unless sensitive data logging is enabled
  Issue #24539 is already closed as duplicate, removing label only
Processing issue #24534: PropertyBuilder.HasConversion changes the DeleteBehavior property to Cascade
  Successfully closed issue #24534 as duplicate and removed label using GraphQL
  ✓ Issue #24534 updated successfully
Processing issue #24522: Issue with Include of types using nullable fields on Table Splitting
  Successfully closed issue #24522 as duplicate and removed label using GraphQL
  ✓ Issue #24522 updated successfully
Processing issue #24520: ArgumentNullException thrown during migration script using .NET 5.0.3
  Found marked_as_duplicate event at 3/26/2021 5:42:17 PM +00:00
  Found canonical issue #24328 from event details
  Found canonical issue via GraphQL event details
  Found duplicate reference, linking to canonical issue
  Successfully closed issue #24520 as duplicate and removed label using GraphQL
  ✓ Issue #24520 updated successfully
Processing issue #24508: Disable attributes for model
  Successfully closed issue #24508 as duplicate and removed label using GraphQL
  ✓ Issue #24508 updated successfully
Processing issue #24453: Strange exception when aiming for Lazy loading without proxies
  Successfully closed issue #24453 as duplicate and removed label using GraphQL
  ✓ Issue #24453 updated successfully
Processing issue #24435: Cannot use a SQL Server filtered index on a bit column with value of 0
  Successfully closed issue #24435 as duplicate and removed label using GraphQL
  ✓ Issue #24435 updated successfully
Processing issue #24412: Crash with OR predicate when running in docker
  Successfully closed issue #24412 as duplicate and removed label using GraphQL
  ✓ Issue #24412 updated successfully
Processing issue #24399: EF Core returns NULL for an object with NULL scalar properties but with NOT NULL complex types properties
  Found marked_as_duplicate event at 3/15/2021 4:18:10 PM +00:00
  Found canonical issue #23564 from event details
  Found canonical issue via GraphQL event details
  Found duplicate reference, linking to canonical issue
  Successfully closed issue #24399 as duplicate and removed label using GraphQL
  ✓ Issue #24399 updated successfully
Processing issue #24381: Orphan data support.
  Successfully closed issue #24381 as duplicate and removed label using GraphQL
  ✓ Issue #24381 updated successfully
Processing issue #24369: Scaffold single alternate key as a primary key in the EF model
  Found marked_as_duplicate event at 1/14/2022 6:13:37 PM +00:00
  Found canonical issue #19918 from event details
  Found canonical issue via GraphQL event details
  Found duplicate reference, linking to canonical issue
  Successfully closed issue #24369 as duplicate and removed label using GraphQL
  ✓ Issue #24369 updated successfully
Processing issue #24355: The call is ambiguous between the following methods or properties [ Entity framework core ] [ OnModelCreating ]
  Found marked_as_duplicate event at 3/9/2021 8:33:38 PM +00:00
  Found canonical issue #16686 from event details
  Found canonical issue via GraphQL event details
  Found duplicate reference, linking to canonical issue
  Successfully closed issue #24355 as duplicate and removed label using GraphQL
  ✓ Issue #24355 updated successfully
Processing issue #24335: instruct ef core to inject some runtime value when constructing entity
  Found marked_as_duplicate event at 3/8/2021 8:46:56 PM +00:00
  Found canonical issue #10789 from event details
  Found canonical issue via GraphQL event details
  Found duplicate reference, linking to canonical issue
  Successfully closed issue #24335 as duplicate and removed label using GraphQL
  ✓ Issue #24335 updated successfully
Processing issue #24321: Redundant left joins when using Include with type check
  Found marked_as_duplicate event at 3/5/2021 6:41:33 PM +00:00
  Found canonical issue #24196 from event details
  Found canonical issue via GraphQL event details
  Found duplicate reference, linking to canonical issue
  Successfully closed issue #24321 as duplicate and removed label using GraphQL
  ✓ Issue #24321 updated successfully
Processing issue #24316: Support for Temporary Tables in EF Core and Bulk operations
  Found marked_as_duplicate event at 3/8/2021 5:54:13 PM +00:00
  Found canonical issue #15059 from event details
  Found canonical issue via GraphQL event details
  Found duplicate reference, linking to canonical issue
  Successfully closed issue #24316 as duplicate and removed label using GraphQL
  ✓ Issue #24316 updated successfully
Processing issue #24295: Utility of DataReaderDisposing logging/interception
  Successfully closed issue #24295 as duplicate and removed label using GraphQL
  ✓ Issue #24295 updated successfully
Processing issue #24290: Can't use CommandBehavior.SequentialAccess because of Primary Keys
  Successfully closed issue #24290 as duplicate and removed label using GraphQL
  ✓ Issue #24290 updated successfully
Processing issue #24287: CS8619 nullable warning when call 'FirstOrDefaultAsync(...)' method.
  Found marked_as_duplicate event at 2/26/2021 8:11:12 AM +00:00
  Found canonical issue #19007 from event details
  Found canonical issue via GraphQL event details
  Found duplicate reference, linking to canonical issue
  Successfully closed issue #24287 as duplicate and removed label using GraphQL
  ✓ Issue #24287 updated successfully
Processing issue #24273: Alternative to Telerik FetchStrategy for eager loading?
  Successfully closed issue #24273 as duplicate and removed label using GraphQL
  ✓ Issue #24273 updated successfully
Processing issue #24268: Attempting to insert invalid foreign key results in entity framework querying every table in the database
  Found marked_as_duplicate event at 2/25/2021 7:25:28 AM +00:00
  Found canonical issue #15214 from event details
  Found canonical issue via GraphQL event details
  Found duplicate reference, linking to canonical issue
  Successfully closed issue #24268 as duplicate and removed label using GraphQL
  ✓ Issue #24268 updated successfully
Processing issue #24258: The specified deps.json does not exist
  Found marked_as_duplicate event at 2/24/2021 4:31:11 PM +00:00
  Found canonical issue #16386 from event details
  Found canonical issue via GraphQL event details
  Found duplicate reference, linking to canonical issue
  Successfully closed issue #24258 as duplicate and removed label using GraphQL
  ✓ Issue #24258 updated successfully
Processing issue #24239: Query with nested projections result in a expensive ORDER BY
  Found marked_as_duplicate event at 2/23/2021 10:24:46 PM +00:00
  Found canonical issue #19571 from event details
  Found canonical issue via GraphQL event details
  Found duplicate reference, linking to canonical issue
  Successfully closed issue #24239 as duplicate and removed label using GraphQL
  ✓ Issue #24239 updated successfully
Processing issue #24238: Could someone explain why one fails but the other does not
  Successfully closed issue #24238 as duplicate and removed label using GraphQL
  ✓ Issue #24238 updated successfully
Processing issue #24235: InMemory provider updates when reporting failed save
  Successfully closed issue #24235 as duplicate and removed label using GraphQL
  ✓ Issue #24235 updated successfully
Processing issue #24232: When using ValueObjects avoid column cast in query
  Found marked_as_duplicate event at 2/23/2021 6:06:05 PM +00:00
  Found canonical issue #10434 from event details
  Found canonical issue via GraphQL event details
  Found duplicate reference, linking to canonical issue
  Successfully closed issue #24232 as duplicate and removed label using GraphQL
  ✓ Issue #24232 updated successfully
Processing issue #24222: .UseIdentityColumn<T>(int seed , ....
  Found marked_as_duplicate event at 9/28/2021 11:28:49 AM +00:00
  Found canonical issue #24840 from event details
  Found canonical issue via GraphQL event details
  Found duplicate reference, linking to canonical issue
  Successfully closed issue #24222 as duplicate and removed label using GraphQL
  ✓ Issue #24222 updated successfully
Processing issue #24193: Add source of command execution to CommandEventData
  Successfully closed issue #24193 as duplicate and removed label using GraphQL
  ✓ Issue #24193 updated successfully
Processing issue #24184: Find on Cosmos throws CosmosException when entity isn't found
  Found marked_as_duplicate event at 8/19/2021 1:10:33 AM +00:00
  Found canonical issue #25115 from event details
  Found canonical issue via GraphQL event details
  Found duplicate reference, linking to canonical issue
  Successfully closed issue #24184 as duplicate and removed label using GraphQL
  ✓ Issue #24184 updated successfully
Processing issue #24181: NRE in SplitQueryingEnumerable.Enumerator.Dispose() hides actual DbCommand failures
  Successfully closed issue #24181 as duplicate and removed label using GraphQL
  ✓ Issue #24181 updated successfully
Processing issue #24177: Recursive Common Table Expression like in SQL
  Found marked_as_duplicate event at 2/17/2021 9:15:30 PM +00:00
  Found canonical issue #2865 from event details
  Found canonical issue via GraphQL event details
  Found duplicate reference, linking to canonical issue
  Successfully closed issue #24177 as duplicate and removed label using GraphQL
  ✓ Issue #24177 updated successfully
Processing issue #24173: Intercept model initialization
  Successfully closed issue #24173 as duplicate and removed label using GraphQL
  ✓ Issue #24173 updated successfully
Processing issue #24168: Loading entity from DB does not properly load owned entity if one of it's properties is null
  Successfully closed issue #24168 as duplicate and removed label using GraphQL
  ✓ Issue #24168 updated successfully
Processing issue #24166: ArgumentNullException when comparing niladic functions
  Successfully closed issue #24166 as duplicate and removed label using GraphQL
  ✓ Issue #24166 updated successfully
Processing issue #24165: Loading entity from DB does not properly load owned entities (In SQL Server Provider) 
  Found marked_as_duplicate event at 2/16/2021 6:46:11 PM +00:00
  Found canonical issue #23564 from event details
  Found canonical issue via GraphQL event details
  Found duplicate reference, linking to canonical issue
  Successfully closed issue #24165 as duplicate and removed label using GraphQL
  ✓ Issue #24165 updated successfully
Processing issue #24162: Relation virtual properties are getting saved as NULL in Ef Core v 3.1.2, It used to work in 2.2.6
  Found marked_as_duplicate event at 4/1/2025 9:23:06 AM +00:00
  Found canonical issue #1702 from event details
  Found canonical issue via GraphQL event details
  Found duplicate reference, linking to canonical issue
  Successfully closed issue #24162 as duplicate and removed label using GraphQL
  ✓ Issue #24162 updated successfully
Processing issue #24153: Implement relational expressions
  Successfully closed issue #24153 as duplicate and removed label using GraphQL
  ✓ Issue #24153 updated successfully
Processing issue #24149: C# 9 Top-Level Statements prevents Update-Database from working
  Successfully closed issue #24149 as duplicate and removed label using GraphQL
  ✓ Issue #24149 updated successfully
Processing issue #24134: Unnecessary join when not using foreign key property in LINQ query
  Found marked_as_duplicate event at 2/12/2021 5:29:00 PM +00:00
  Found canonical issue #15826 from event details
  Found canonical issue via GraphQL event details
  Found duplicate reference, linking to canonical issue
  Successfully closed issue #24134 as duplicate and removed label using GraphQL
  ✓ Issue #24134 updated successfully
Processing issue #24130: AddAsync method does not work as expected with inheritance when discriminator is part of primary key
  Found marked_as_duplicate event at 2/12/2021 5:26:09 PM +00:00
  Found canonical issue #18126 from event details
  Found canonical issue via GraphQL event details
  Found duplicate reference, linking to canonical issue
  Successfully closed issue #24130 as duplicate and removed label using GraphQL
  ✓ Issue #24130 updated successfully
Processing issue #24119: "Argument types do not match" when using ternary operator on int in Select statement
  Successfully closed issue #24119 as duplicate and removed label using GraphQL
  ✓ Issue #24119 updated successfully
Processing issue #24118: Weird behaviour in Select using LINQ
  Found marked_as_duplicate event at 2/10/2021 10:14:04 PM +00:00
  Found canonical issue #7983 from event details
  Found canonical issue via GraphQL event details
  Found duplicate reference, linking to canonical issue
  Successfully closed issue #24118 as duplicate and removed label using GraphQL
  ✓ Issue #24118 updated successfully
Processing issue #24113: I cannot do a migration from package manager
  Found marked_as_duplicate event at 2/10/2021 7:39:47 PM +00:00
  Found canonical issue #16386 from event details
  Found canonical issue via GraphQL event details
  Found duplicate reference, linking to canonical issue
  Successfully closed issue #24113 as duplicate and removed label using GraphQL
  ✓ Issue #24113 updated successfully
Processing issue #24080: Can I add a typeconvertor attribute to the property of the model, instead of add HasConversion in OnModelCreating
  Successfully closed issue #24080 as duplicate and removed label using GraphQL
  ✓ Issue #24080 updated successfully
Successfully processed 100 issues
Processing issues in dotnet/efcore...
Found 100 issues with 'closed-duplicate' label
Processing issue #24079: InvalidOperationException when projection is used with distinct and where condition using related table
  Successfully closed issue #24079 as duplicate and removed label using GraphQL
  ✓ Issue #24079 updated successfully
Processing issue #24077: Using OwnsOne in a TPH configuration produces invalid SQL
  Found marked_as_duplicate event at 2/8/2021 6:54:07 PM +00:00
  Found canonical issue #21601 from event details
  Found canonical issue via GraphQL event details
  Found duplicate reference, linking to canonical issue
  Successfully closed issue #24077 as duplicate and removed label using GraphQL
  ✓ Issue #24077 updated successfully
Processing issue #24070: Comment attributes on generated code from scaffolding
  Found marked_as_duplicate event at 2/5/2021 11:20:23 AM +00:00
  Found canonical issue #19113 from event details
  Found canonical issue via GraphQL event details
  Found duplicate reference, linking to canonical issue
  Successfully closed issue #24070 as duplicate and removed label using GraphQL
  ✓ Issue #24070 updated successfully
Processing issue #24062: What is wrong with `There is no entity type mapped to the table...`
  Successfully closed issue #24062 as duplicate and removed label using GraphQL
  ✓ Issue #24062 updated successfully
Processing issue #24061: Cross apply-like query produces invalid SQL
  Found marked_as_duplicate event at 2/11/2021 7:07:48 PM +00:00
  Found canonical issue #22892 from event details
  Found canonical issue via GraphQL event details
  Found duplicate reference, linking to canonical issue
  Successfully closed issue #24061 as duplicate and removed label using GraphQL
  ✓ Issue #24061 updated successfully
Processing issue #24057: Invalid sql generated when combine paging and further subquery in a subquery
  Successfully closed issue #24057 as duplicate and removed label using GraphQL
  ✓ Issue #24057 updated successfully
Processing issue #24051: dotnet ef migrations add throw Win32Exception
  Found marked_as_duplicate event at 2/5/2021 6:26:18 PM +00:00
  Found canonical issue #24053 from event details
  Found canonical issue via GraphQL event details
  Found duplicate reference, linking to canonical issue
  Successfully closed issue #24051 as duplicate and removed label using GraphQL
  ✓ Issue #24051 updated successfully
Processing issue #24049: Instead of just throwing, this common error hangs and causes a memory / CPU spike.
  Found marked_as_duplicate event at 2/19/2021 8:56:53 PM +00:00
  Found canonical issue #15214 from event details
  Found canonical issue via GraphQL event details
  Found duplicate reference, linking to canonical issue
  Successfully closed issue #24049 as duplicate and removed label using GraphQL
  ✓ Issue #24049 updated successfully
Processing issue #24045: EF Migration evaluating the script
  Successfully closed issue #24045 as duplicate and removed label using GraphQL
  ✓ Issue #24045 updated successfully
Processing issue #24029: Defining columns index sort
  Found marked_as_duplicate event at 2/3/2021 11:19:04 AM +00:00
  Found canonical issue #4150 from event details
  Found canonical issue via GraphQL event details
  Found duplicate reference, linking to canonical issue
  Successfully closed issue #24029 as duplicate and removed label using GraphQL
  ✓ Issue #24029 updated successfully
Processing issue #24007: Allow widening the foreign key compatibility criteria
  Found marked_as_duplicate event at 2/1/2021 10:24:14 AM +00:00
  Found canonical issue #19793 from event details
  Found canonical issue via GraphQL event details
  Found duplicate reference, linking to canonical issue
  Successfully closed issue #24007 as duplicate and removed label using GraphQL
  ✓ Issue #24007 updated successfully
Processing issue #24001: Entity update fails when using update record
  Found marked_as_duplicate event at 1/27/2021 7:37:50 PM +00:00
  Found canonical issue #11457 from event details
  Found canonical issue via GraphQL event details
  Found duplicate reference, linking to canonical issue
  Successfully closed issue #24001 as duplicate and removed label using GraphQL
  ✓ Issue #24001 updated successfully
Processing issue #23982: Strange DB-First Scaffold Naming
  Successfully closed issue #23982 as duplicate and removed label using GraphQL
  ✓ Issue #23982 updated successfully
Processing issue #23980: Cannot apply transformations to scaffolded annotations
  Found marked_as_duplicate event at 1/27/2021 1:36:54 PM +00:00
  Found canonical issue #22150 from event details
  Found canonical issue via GraphQL event details
  Found duplicate reference, linking to canonical issue
  Successfully closed issue #23980 as duplicate and removed label using GraphQL
  ✓ Issue #23980 updated successfully
Processing issue #23962: when adding modelBuilder.UseCollation("foobar") EF generates code which don't compile
  Found marked_as_duplicate event at 1/25/2021 1:03:30 PM +00:00
  Found canonical issue #23794 from event details
  Found canonical issue via GraphQL event details
  Found duplicate reference, linking to canonical issue
  Successfully closed issue #23962 as duplicate and removed label using GraphQL
  ✓ Issue #23962 updated successfully
Processing issue #23960: An exception of type 'The skip navigation is not a collection' is thrown for a property implementing ICollection
  Successfully closed issue #23960 as duplicate and removed label using GraphQL
  ✓ Issue #23960 updated successfully
Processing issue #23950: Changing relationships using removing and adding from collection navigations deletes the entity, instead of modifying
  Successfully closed issue #23950 as duplicate and removed label using GraphQL
  ✓ Issue #23950 updated successfully
Processing issue #23947: ThenInclude is triggered unwillignly
  Successfully closed issue #23947 as duplicate and removed label using GraphQL
  ✓ Issue #23947 updated successfully
Processing issue #23945: Invalid explicit configuration for owned entity types
  Successfully closed issue #23945 as duplicate and removed label using GraphQL
  ✓ Issue #23945 updated successfully
Processing issue #23943: Cannot set ValueObject as database index
  Found marked_as_duplicate event at 1/23/2021 11:20:33 AM +00:00
  Found canonical issue #11336 from event details
  Found canonical issue via GraphQL event details
  Found duplicate reference, linking to canonical issue
  Successfully closed issue #23943 as duplicate and removed label using GraphQL
  ✓ Issue #23943 updated successfully
Processing issue #23942: TPT Owned inheritance issue/question
  Found marked_as_duplicate event at 1/23/2021 11:24:52 AM +00:00
  Found canonical issue #9630 from event details
  Found canonical issue via GraphQL event details
  Found duplicate reference, linking to canonical issue
  Successfully closed issue #23942 as duplicate and removed label using GraphQL
  ✓ Issue #23942 updated successfully
Processing issue #23939: Warning about unpredictability when using Single() or equivalent operators is unclear
  Successfully closed issue #23939 as duplicate and removed label using GraphQL
  ✓ Issue #23939 updated successfully
Processing issue #23927: EF 5.0.2 to do list - make scaffolding work without manual intervention ("customizations") for all common relationships?
  Found marked_as_duplicate event at 1/21/2021 12:10:05 PM +00:00
  Found canonical issue #23835 from event details
  Found canonical issue via GraphQL event details
  Found duplicate reference, linking to canonical issue
  Successfully closed issue #23927 as duplicate and removed label using GraphQL
  ✓ Issue #23927 updated successfully
Processing issue #23917: EF Scaffold - Strange handling of boolean fields
  Successfully closed issue #23917 as duplicate and removed label using GraphQL
  ✓ Issue #23917 updated successfully
Processing issue #23911: Remove migration often corrupts the model snapshot in team environments   
  Successfully closed issue #23911 as duplicate and removed label using GraphQL
  ✓ Issue #23911 updated successfully
Processing issue #23898: Issues with projected queries/subqueries when combined with composite keys
  Successfully closed issue #23898 as duplicate and removed label using GraphQL
  ✓ Issue #23898 updated successfully
Processing issue #23897: Translation error for query with Distinct on collection
  Successfully closed issue #23897 as duplicate and removed label using GraphQL
  ✓ Issue #23897 updated successfully
Processing issue #23886: How to disable EF Core Migrations in Blazor app
  Found marked_as_duplicate event at 1/15/2021 5:02:52 PM +00:00
  Found canonical issue #23885 from event details
  Found canonical issue via GraphQL event details
  Found duplicate reference, linking to canonical issue
  Successfully closed issue #23886 as duplicate and removed label using GraphQL
  ✓ Issue #23886 updated successfully
Processing issue #23831: DB exception causes all data from all tables to be loaded into memory
  Successfully closed issue #23831 as duplicate and removed label using GraphQL
  ✓ Issue #23831 updated successfully
Processing issue #23822: Bug when used with Npgsql.EntityFrameworkCore.PostgreSQL
  Found marked_as_duplicate event at 1/6/2021 9:27:07 PM +00:00
  Found canonical issue #23456 from event details
  Found canonical issue via GraphQL event details
  Found duplicate reference, linking to canonical issue
  Successfully closed issue #23822 as duplicate and removed label using GraphQL
  ✓ Issue #23822 updated successfully
Processing issue #23817: Non-generic WithMany with string navigation name does not validate navigation exists
  Successfully closed issue #23817 as duplicate and removed label using GraphQL
  ✓ Issue #23817 updated successfully
Processing issue #23816: Nhibernate Formula equivalent
  Successfully closed issue #23816 as duplicate and removed label using GraphQL
  ✓ Issue #23816 updated successfully
Processing issue #23793: How to add an entity with auto-increment PK when there is a conversion for the PK property?
  Successfully closed issue #23793 as duplicate and removed label using GraphQL
  ✓ Issue #23793 updated successfully
Processing issue #23781: How can I reverse engineering a DB? 
  Successfully closed issue #23781 as duplicate and removed label using GraphQL
  ✓ Issue #23781 updated successfully
Processing issue #23774: Fire event when DbContext is served from pool
  Found marked_as_duplicate event at 1/1/2021 6:02:25 PM +00:00
  Found canonical issue #17086 from event details
  Found canonical issue via GraphQL event details
  Found duplicate reference, linking to canonical issue
  Successfully closed issue #23774 as duplicate and removed label using GraphQL
  ✓ Issue #23774 updated successfully
Processing issue #23769: FromSqlRaw() doesn't work with TPT
  Successfully closed issue #23769 as duplicate and removed label using GraphQL
  ✓ Issue #23769 updated successfully
Processing issue #23762: Dotnet Core + Entity framework Core using Store Procedure - With multiple subsets of results.
  Successfully closed issue #23762 as duplicate and removed label using GraphQL
  ✓ Issue #23762 updated successfully
Processing issue #23755: EF Core 5 - New Migrations Adding Alter ColumnStatements For Every Identity Column
  Successfully closed issue #23755 as duplicate and removed label using GraphQL
  ✓ Issue #23755 updated successfully
Processing issue #23754: FromSqlInterpolated throws System.InvalidOperationException when calling to a stored procedure which returns an Entity containing an [Owned] property 
  Successfully closed issue #23754 as duplicate and removed label using GraphQL
  ✓ Issue #23754 updated successfully
Processing issue #23752: EF Core 5 AsSplitQuery() can not work with OData WebApi
  Successfully closed issue #23752 as duplicate and removed label using GraphQL
  ✓ Issue #23752 updated successfully
Processing issue #23737: Error when updating the entity with primary key default value (zero).
  Found marked_as_duplicate event at 12/21/2020 10:21:21 PM +00:00
  Found canonical issue #23730 from event details
  Found canonical issue via GraphQL event details
  Found duplicate reference, linking to canonical issue
  Successfully closed issue #23737 as duplicate and removed label using GraphQL
  ✓ Issue #23737 updated successfully
Processing issue #23728: Translate method of IMethodCallTranslator interface not called when method to translate is inside Where clause
  Successfully closed issue #23728 as duplicate and removed label using GraphQL
  ✓ Issue #23728 updated successfully
Processing issue #23727: Filter based on JSON property for SQLServer
  Found marked_as_duplicate event at 12/18/2020 12:04:04 PM +00:00
  Found canonical issue #4021 from event details
  Found canonical issue via GraphQL event details
  Found duplicate reference, linking to canonical issue
  Successfully closed issue #23727 as duplicate and removed label using GraphQL
  ✓ Issue #23727 updated successfully
Processing issue #23725: Without any changes on the model, migration is still generating an alter colum on all primary keys
  Found marked_as_duplicate event at 12/18/2020 1:00:04 PM +00:00
  Found canonical issue #23456 from event details
  Found canonical issue via GraphQL event details
  Found duplicate reference, linking to canonical issue
  Successfully closed issue #23725 as duplicate and removed label using GraphQL
  ✓ Issue #23725 updated successfully
Processing issue #23705: OData $expand fails with Cosmos DB provider
  Successfully closed issue #23705 as duplicate and removed label using GraphQL
  ✓ Issue #23705 updated successfully
Processing issue #23704: Microsoft.EntityFramework.Core 3.1.10 and Microsoft.OData.Core 7.7.3
  Successfully closed issue #23704 as duplicate and removed label using GraphQL
  ✓ Issue #23704 updated successfully
Processing issue #23695: TPH with a required Owned Type generates not-null columns
  Successfully closed issue #23695 as duplicate and removed label using GraphQL
  ✓ Issue #23695 updated successfully
Processing issue #23688: Feedback on Cosmos DB database provider when building an application
  Successfully closed issue #23688 as duplicate and removed label using GraphQL
  ✓ Issue #23688 updated successfully
Processing issue #23681: Dangerous decimal fractional digit truncation when changing from EF core 3 to EF 5 on MS-SQL Server
  Successfully closed issue #23681 as duplicate and removed label using GraphQL
  ✓ Issue #23681 updated successfully
Processing issue #23678: Microsoft.EntityFrameworkCore.SqlServer 5.0.0 is not compatible with Desktop Bridge
  Found marked_as_duplicate event at 12/14/2020 12:30:39 PM +00:00
  Found canonical issue #23453 from event details
  Found canonical issue via GraphQL event details
  Found duplicate reference, linking to canonical issue
  Successfully closed issue #23678 as duplicate and removed label using GraphQL
  ✓ Issue #23678 updated successfully
Processing issue #23664: EntityFrameworkCore.Cosmos Owned Entity polymorphism
  Successfully closed issue #23664 as duplicate and removed label using GraphQL
  ✓ Issue #23664 updated successfully
Processing issue #23643: WithPartitionKey can not be translated with in memory database
  Successfully closed issue #23643 as duplicate and removed label using GraphQL
  ✓ Issue #23643 updated successfully
Processing issue #23626: Does EF Core 5.0 migration and JSON deserialization work with C#9.0 init-only setters?
  Found marked_as_duplicate event at 12/8/2020 7:16:54 PM +00:00
  Found canonical issue #21741 from event details
  Found canonical issue via GraphQL event details
  Found duplicate reference, linking to canonical issue
  Successfully closed issue #23626 as duplicate and removed label using GraphQL
  ✓ Issue #23626 updated successfully
Processing issue #23608: Add --dry-run to dotnet ef database update
  Found marked_as_duplicate event at 12/11/2020 7:44:38 PM +00:00
  Found canonical issue #1775 from event details
  Found canonical issue via GraphQL event details
  Found duplicate reference, linking to canonical issue
  Successfully closed issue #23608 as duplicate and removed label using GraphQL
  ✓ Issue #23608 updated successfully
Processing issue #23604: Calls to `SaveChangesAsync` do not update the `EntityFrameworkEventSource` values
  Found marked_as_duplicate event at 12/8/2020 10:25:44 PM +00:00
  Found canonical issue #23630 from event details
  Found canonical issue via GraphQL event details
  Found duplicate reference, linking to canonical issue
  Successfully closed issue #23604 as duplicate and removed label using GraphQL
  ✓ Issue #23604 updated successfully
Processing issue #23602: CAST in generated SQL statement leads to possible overflow in SQL or .NET
  Successfully closed issue #23602 as duplicate and removed label using GraphQL
  ✓ Issue #23602 updated successfully
Processing issue #23594: Find Method for a shared entity type
  Successfully closed issue #23594 as duplicate and removed label using GraphQL
  ✓ Issue #23594 updated successfully
Processing issue #23592: Cannot group by object
  Successfully closed issue #23592 as duplicate and removed label using GraphQL
  ✓ Issue #23592 updated successfully
Processing issue #23583: Microsoft.EntityFrameworkCore.InMemory KeyNotFoundException 'The given key '_' was not present in the dictionary.
  Found marked_as_duplicate event at 12/4/2020 4:42:17 PM +00:00
  Found canonical issue #9849 from event details
  Found canonical issue via GraphQL event details
  Found duplicate reference, linking to canonical issue
  Successfully closed issue #23583 as duplicate and removed label using GraphQL
  ✓ Issue #23583 updated successfully
Processing issue #23577: Unnecessary left joins in query generation in EF Core 3 and 5
  Issue #23577 is already closed as duplicate, removing label only
Processing issue #23574: .Net 5 EF Core database create is much slower than .Net Core 3.1
  Found marked_as_duplicate event at 12/9/2020 6:28:08 AM +00:00
  Found canonical issue #23291 from event details
  Found canonical issue via GraphQL event details
  Found duplicate reference, linking to canonical issue
  Successfully closed issue #23574 as duplicate and removed label using GraphQL
  ✓ Issue #23574 updated successfully
Processing issue #23567: EF Core migrations tries to drop table named after view
  Found marked_as_duplicate event at 12/3/2020 6:22:49 PM +00:00
  Found canonical issue #2890 from event details
  Found canonical issue via GraphQL event details
  Found duplicate reference, linking to canonical issue
  Successfully closed issue #23567 as duplicate and removed label using GraphQL
  ✓ Issue #23567 updated successfully
Processing issue #23566: Parallel inheritance hierarchies in a TPC mapping (with Owned Types)
  Successfully closed issue #23566 as duplicate and removed label using GraphQL
  ✓ Issue #23566 updated successfully
Processing issue #23560: ToListAsync on a query with thousands of entries inside a "where contains" statement requires MARS=True (inside Docker container)
  Successfully closed issue #23560 as duplicate and removed label using GraphQL
  ✓ Issue #23560 updated successfully
Processing issue #23559: Ability to resolve the IServiceProvider used to lease an instance of a pooled DbContext
  Successfully closed issue #23559 as duplicate and removed label using GraphQL
  ✓ Issue #23559 updated successfully
Processing issue #23556: Exception when projecting nullable property value ("Argument Types do not match")
  Found marked_as_duplicate event at 12/2/2020 4:41:01 PM +00:00
  Found canonical issue #23309 from event details
  Found canonical issue via GraphQL event details
  Found duplicate reference, linking to canonical issue
  Successfully closed issue #23556 as duplicate and removed label using GraphQL
  ✓ Issue #23556 updated successfully
Processing issue #23550: Composite Indexes automatically create index tables for standalone entity indexes
  Found marked_as_duplicate event at 12/4/2020 5:46:48 PM +00:00
  Found canonical issue #13793 from event details
  Found canonical issue via GraphQL event details
  Found duplicate reference, linking to canonical issue
  Successfully closed issue #23550 as duplicate and removed label using GraphQL
  ✓ Issue #23550 updated successfully
Processing issue #23533: Best practice for deleting a lot of data (bulk/nested delete)
  Successfully closed issue #23533 as duplicate and removed label using GraphQL
  ✓ Issue #23533 updated successfully
Processing issue #24135: Build is not working after installing .Net5
  Found marked_as_duplicate event at 2/16/2021 6:47:08 PM +00:00
  Found canonical issue #19648 from event details
  Found canonical issue via GraphQL event details
  Found duplicate reference, linking to canonical issue
  Successfully closed issue #24135 as duplicate and removed label using GraphQL
  ✓ Issue #24135 updated successfully
Processing issue #23514: Proposal: add <auto-generated> comment in files generated with dotnet ef dbcontext scaffold
  Found marked_as_duplicate event at 6/16/2025 9:07:21 AM +00:00
  Found canonical issue #28180 from event details
  Found canonical issue via GraphQL event details
  Found duplicate reference, linking to canonical issue
  Successfully closed issue #23514 as duplicate and removed label using GraphQL
  ✓ Issue #23514 updated successfully
Processing issue #23509: System.ArgumentException: The string argument 'name' cannot be empty.
  Successfully closed issue #23509 as duplicate and removed label using GraphQL
  ✓ Issue #23509 updated successfully
Processing issue #23495: Update entities by query
  Found marked_as_duplicate event at 11/26/2020 4:02:32 PM +00:00
  Found canonical issue #795 from event details
  Found canonical issue via GraphQL event details
  Found duplicate reference, linking to canonical issue
  Successfully closed issue #23495 as duplicate and removed label using GraphQL
  ✓ Issue #23495 updated successfully
Processing issue #23492: How to do a query that uses "CROSS APPLY" that multiplies number of records
  Successfully closed issue #23492 as duplicate and removed label using GraphQL
  ✓ Issue #23492 updated successfully
Processing issue #23490: Read the DataReader result set, the same column gets different types
  Successfully closed issue #23490 as duplicate and removed label using GraphQL
  ✓ Issue #23490 updated successfully
Processing issue #23488: Null values returned in Child Owned Entity when Parent Owned Entity has all Null value 
  Found marked_as_duplicate event at 11/30/2020 7:50:52 PM +00:00
  Found canonical issue #21488 from event details
  Found canonical issue via GraphQL event details
  Found duplicate reference, linking to canonical issue
  Successfully closed issue #23488 as duplicate and removed label using GraphQL
  ✓ Issue #23488 updated successfully
Processing issue #23486: Different column name in derived class (TPT)
  Found marked_as_duplicate event at 11/26/2020 8:42:49 AM +00:00
  Found canonical issue #19811 from event details
  Found canonical issue via GraphQL event details
  Found duplicate reference, linking to canonical issue
  Successfully closed issue #23486 as duplicate and removed label using GraphQL
  ✓ Issue #23486 updated successfully
Processing issue #23460: Cannot delete an entity with one-to-many and one-to-one relations of same type when one-to-one relation is loaded
  Successfully closed issue #23460 as duplicate and removed label using GraphQL
  ✓ Issue #23460 updated successfully
Processing issue #23444: TPT: Renaming base & derived type primary key does not work
  Successfully closed issue #23444 as duplicate and removed label using GraphQL
  ✓ Issue #23444 updated successfully
Processing issue #23438: TPT: Base type key field name is taken from derived type
  Found marked_as_duplicate event at 11/23/2020 5:04:44 PM +00:00
  Found canonical issue #19811 from event details
  Found canonical issue via GraphQL event details
  Found duplicate reference, linking to canonical issue
  Successfully closed issue #23438 as duplicate and removed label using GraphQL
  ✓ Issue #23438 updated successfully
Processing issue #23407: Don't remove table mapping for entity types used in TVFs
  Found marked_as_duplicate event at 11/20/2020 8:19:17 PM +00:00
  Found canonical issue #23408 from event details
  Found canonical issue via GraphQL event details
  Found duplicate reference, linking to canonical issue
  Successfully closed issue #23407 as duplicate and removed label using GraphQL
  ✓ Issue #23407 updated successfully
Processing issue #23402: Multiple column discriminator
  Successfully closed issue #23402 as duplicate and removed label using GraphQL
  ✓ Issue #23402 updated successfully
Processing issue #23401: [Regression] Cannot query entity with composite primary key containing collection of owned types
  Found marked_as_duplicate event at 11/19/2020 5:41:05 PM +00:00
  Found canonical issue #23130 from event details
  Found canonical issue via GraphQL event details
  Found duplicate reference, linking to canonical issue
  Successfully closed issue #23401 as duplicate and removed label using GraphQL
  ✓ Issue #23401 updated successfully
Processing issue #23397: Projection fails with "Argument types do not match" error when entity has owned type property
  Successfully closed issue #23397 as duplicate and removed label using GraphQL
  ✓ Issue #23397 updated successfully
Processing issue #23387: Collations aren't scaffolded incorrectly
  Found marked_as_duplicate event at 11/19/2020 12:01:10 AM +00:00
  Found canonical issue #23386 from event details
  Found canonical issue via GraphQL event details
  Found duplicate reference, linking to canonical issue
  Successfully closed issue #23387 as duplicate and removed label using GraphQL
  ✓ Issue #23387 updated successfully
Processing issue #23379: EF Core 5 / Table-per-type inheritance: if subtype has a pk field with a different name as the parent, the SQL is wrong
  Successfully closed issue #23379 as duplicate and removed label using GraphQL
  ✓ Issue #23379 updated successfully
Processing issue #23374: scaffold db : add an option to prefix entities with schema name
  Found marked_as_duplicate event at 11/18/2020 6:42:14 AM +00:00
  Found canonical issue #3988 from event details
  Found canonical issue via GraphQL event details
  Found duplicate reference, linking to canonical issue
  Successfully closed issue #23374 as duplicate and removed label using GraphQL
  ✓ Issue #23374 updated successfully
Processing issue #23364: Transactional Batch support for CosmosDB in EF Core
  Found marked_as_duplicate event at 11/19/2020 7:46:10 AM +00:00
  Found canonical issue #17308 from event details
  Found canonical issue via GraphQL event details
  Found duplicate reference, linking to canonical issue
  Successfully closed issue #23364 as duplicate and removed label using GraphQL
  ✓ Issue #23364 updated successfully
Processing issue #23355: Scaffold-DBContext Generate  Partial Initialize Method to support initialization additions in partial entities.
  Successfully closed issue #23355 as duplicate and removed label using GraphQL
  ✓ Issue #23355 updated successfully
Processing issue #23345: Allow TPT when primary key columns in the tables do not exactly match
  Successfully closed issue #23345 as duplicate and removed label using GraphQL
  ✓ Issue #23345 updated successfully
Processing issue #23333: Migration to change the type of a identity primary key does not work in EF Core 5.0
  Successfully closed issue #23333 as duplicate and removed label using GraphQL
  ✓ Issue #23333 updated successfully
Processing issue #23316: EF Core 5 seems to break nested entity ownership
  Successfully closed issue #23316 as duplicate and removed label using GraphQL
  ✓ Issue #23316 updated successfully
Processing issue #23311: System.ArgumentOutOfRangeException: Index was out of range on AsSplitQuery when using Union
  Successfully closed issue #23311 as duplicate and removed label using GraphQL
  ✓ Issue #23311 updated successfully
Processing issue #23304: EFCORE 5.0: ZERO 'writeOperations' created when inserting NULL in Dependent Entity columns.
  Found marked_as_duplicate event at 1/6/2021 7:18:41 PM +00:00
  Found canonical issue #23824 from event details
  Found canonical issue via GraphQL event details
  Found duplicate reference, linking to canonical issue
  Successfully closed issue #23304 as duplicate and removed label using GraphQL
  ✓ Issue #23304 updated successfully
Processing issue #23300: The specified deps.json [..] does not exist
  Successfully closed issue #23300 as duplicate and removed label using GraphQL
  ✓ Issue #23300 updated successfully
Processing issue #23286: Add support for many-to-many relations without navigation property
  Successfully closed issue #23286 as duplicate and removed label using GraphQL
  ✓ Issue #23286 updated successfully
Processing issue #23258: EF Core 5.0 Many-to-Many generating singular table names and plural column names
  Successfully closed issue #23258 as duplicate and removed label using GraphQL
  ✓ Issue #23258 updated successfully
Processing issue #23248: Setting lazy property to null doesn't persist change to database if the property has not been loaded yet
  Found marked_as_duplicate event at 11/10/2020 4:43:18 PM +00:00
  Found canonical issue #14086 from event details
  Found canonical issue via GraphQL event details
  Found duplicate reference, linking to canonical issue
  Successfully closed issue #23248 as duplicate and removed label using GraphQL
  ✓ Issue #23248 updated successfully
Processing issue #23243: What limitations for shared entity types
  Successfully closed issue #23243 as duplicate and removed label using GraphQL
  ✓ Issue #23243 updated successfully
Processing issue #23236: DbScaffold with C# 9 records
  Found marked_as_duplicate event at 11/9/2020 6:47:59 AM +00:00
  Found canonical issue #4038 from event details
  Found canonical issue via GraphQL event details
  Found duplicate reference, linking to canonical issue
  Successfully closed issue #23236 as duplicate and removed label using GraphQL
  ✓ Issue #23236 updated successfully
Processing issue #23231: Alternative key on derived type with TPT
  Found marked_as_duplicate event at 11/9/2020 7:25:32 PM +00:00
  Found canonical issue #2611 from event details
  Found canonical issue via GraphQL event details
  Found duplicate reference, linking to canonical issue
  Successfully closed issue #23231 as duplicate and removed label using GraphQL
  ✓ Issue #23231 updated successfully
Successfully processed 100 issues
Processing issues in dotnet/efcore...
Found 100 issues with 'closed-duplicate' label
Processing issue #23199: OrderBy inside Select broken from 2.2.4 -> 3.1.9
  Successfully closed issue #23199 as duplicate and removed label using GraphQL
  ✓ Issue #23199 updated successfully
Processing issue #23158: Adding to one instance's navigation list is removing entities from another instance's navigation list
  Successfully closed issue #23158 as duplicate and removed label using GraphQL
  ✓ Issue #23158 updated successfully
Processing issue #23156: Stack overflow with code first migration
  Successfully closed issue #23156 as duplicate and removed label using GraphQL
  ✓ Issue #23156 updated successfully
Processing issue #23155: How to configure a many-many relationship without two navigational properties?
  Successfully closed issue #23155 as duplicate and removed label using GraphQL
  ✓ Issue #23155 updated successfully
Processing issue #23151: runtime error that i cant figure out
  Found marked_as_duplicate event at 10/30/2020 10:28:12 PM +00:00
  Found canonical issue #23089 from event details
  Found canonical issue via GraphQL event details
  Found duplicate reference, linking to canonical issue
  Successfully closed issue #23151 as duplicate and removed label using GraphQL
  ✓ Issue #23151 updated successfully
Processing issue #23150: ef DbContext scaffold produces invalid context code for indexes with included columns
  Found marked_as_duplicate event at 10/30/2020 10:46:41 PM +00:00
  Found canonical issue #23089 from event details
  Found canonical issue via GraphQL event details
  Found duplicate reference, linking to canonical issue
  Successfully closed issue #23150 as duplicate and removed label using GraphQL
  ✓ Issue #23150 updated successfully
Processing issue #23139: Include on derived types not working in EF Core 3.x
  Successfully closed issue #23139 as duplicate and removed label using GraphQL
  ✓ Issue #23139 updated successfully
Processing issue #23138: Tools: Use launchSettings.json selected profile in Visual Studio Package Manager Console
  Found marked_as_duplicate event at 10/30/2020 9:24:58 PM +00:00
  Found canonical issue #8695 from event details
  Found canonical issue via GraphQL event details
  Found duplicate reference, linking to canonical issue
  Successfully closed issue #23138 as duplicate and removed label using GraphQL
  ✓ Issue #23138 updated successfully
Processing issue #23136: [Q] Cast to integer in expression with DayOfWeek
  Successfully closed issue #23136 as duplicate and removed label using GraphQL
  ✓ Issue #23136 updated successfully
Processing issue #23132: Interpreting Guid.Empty as null in optional foreign key
  Successfully closed issue #23132 as duplicate and removed label using GraphQL
  ✓ Issue #23132 updated successfully
Processing issue #23128: Cosmos: ASP.NET Core with AddDbContext combined with IHttpClientFactory and a delegating handler for managed identity
  Found marked_as_duplicate event at 10/29/2020 3:24:52 PM +00:00
  Found canonical issue #21274 from event details
  Found canonical issue via GraphQL event details
  Found duplicate reference, linking to canonical issue
  Successfully closed issue #23128 as duplicate and removed label using GraphQL
  ✓ Issue #23128 updated successfully
Processing issue #23123: IImmutableSet<T> not translated
  Successfully closed issue #23123 as duplicate and removed label using GraphQL
  ✓ Issue #23123 updated successfully
Processing issue #23122: Please add the feature dbcontext.Set(type) / dbcontext.Set("typeName")
  Successfully closed issue #23122 as duplicate and removed label using GraphQL
  ✓ Issue #23122 updated successfully
Processing issue #23118: Huge migration .designer files kills ide/refactorings/analysis
  Found marked_as_duplicate event at 10/30/2020 7:49:13 PM +00:00
  Found canonical issue #21065 from event details
  Found canonical issue via GraphQL event details
  Found duplicate reference, linking to canonical issue
  Successfully closed issue #23118 as duplicate and removed label using GraphQL
  ✓ Issue #23118 updated successfully
Processing issue #23116: 'The binary operator Equal is not defined...' with strongly typed keys
  Found marked_as_duplicate event at 10/28/2020 4:08:15 PM +00:00
  Found canonical issue #19407 from event details
  Found canonical issue via GraphQL event details
  Found duplicate reference, linking to canonical issue
  Successfully closed issue #23116 as duplicate and removed label using GraphQL
  ✓ Issue #23116 updated successfully
Processing issue #23090: Batch update multiple entities in a single UPDATE statement
  Found marked_as_duplicate event at 10/25/2020 5:55:52 AM +00:00
  Found canonical issue #795 from event details
  Found canonical issue via GraphQL event details
  Found duplicate reference, linking to canonical issue
  Successfully closed issue #23090 as duplicate and removed label using GraphQL
  ✓ Issue #23090 updated successfully
Processing issue #23077: Support System.Data.SqlClient library in LINQ to SQL queries
  Found marked_as_duplicate event at 10/22/2020 9:53:52 AM +00:00
  Found canonical issue #23078 from event details
  Found canonical issue via GraphQL event details
  Found duplicate reference, linking to canonical issue
  Successfully closed issue #23077 as duplicate and removed label using GraphQL
  ✓ Issue #23077 updated successfully
Processing issue #23068: Scaffolded database fails OnModelCreating when table has index with included columns snake_case named
  Found marked_as_duplicate event at 10/21/2020 11:16:04 PM +00:00
  Found canonical issue #22150 from event details
  Found canonical issue via GraphQL event details
  Found duplicate reference, linking to canonical issue
  Successfully closed issue #23068 as duplicate and removed label using GraphQL
  ✓ Issue #23068 updated successfully
Processing issue #23067: Improve DbContext QueryFilter API
  Successfully closed issue #23067 as duplicate and removed label using GraphQL
  ✓ Issue #23067 updated successfully
Processing issue #23058: Repeated statement in the ORDER BY clause instead of referring to the alias in the SELECT
  Successfully closed issue #23058 as duplicate and removed label using GraphQL
  ✓ Issue #23058 updated successfully
Processing issue #23054: The specified deps.json [C:\dddddd\WebApplication2\WebApplication2\WebApplication2.deps.json] does not exist
  Found marked_as_duplicate event at 10/19/2020 10:48:40 PM +00:00
  Found canonical issue #22247 from event details
  Found canonical issue via GraphQL event details
  Found duplicate reference, linking to canonical issue
  Successfully closed issue #23054 as duplicate and removed label using GraphQL
  ✓ Issue #23054 updated successfully
Processing issue #23050: EF Core 5 Scaffolding many to many issue
  Found marked_as_duplicate event at 10/19/2020 7:04:16 PM +00:00
  Found canonical issue #22475 from event details
  Found canonical issue via GraphQL event details
  Found duplicate reference, linking to canonical issue
  Successfully closed issue #23050 as duplicate and removed label using GraphQL
  ✓ Issue #23050 updated successfully
Processing issue #23044: context.Merge() - Allow us to Merge disconnected entities in the context, instead of marking them and their children as Added
  Successfully closed issue #23044 as duplicate and removed label using GraphQL
  ✓ Issue #23044 updated successfully
Processing issue #23031: HasColumnName works incorrectly with inheritance
  Found marked_as_duplicate event at 10/19/2020 4:01:02 PM +00:00
  Found canonical issue #19811 from event details
  Found canonical issue via GraphQL event details
  Found duplicate reference, linking to canonical issue
  Successfully closed issue #23031 as duplicate and removed label using GraphQL
  ✓ Issue #23031 updated successfully
Processing issue #23026: Wrong type mapping for bool and DateTime on Reverse Engeneering from existing Sqlite Database
  Found marked_as_duplicate event at 10/19/2020 2:01:57 AM +00:00
  Found canonical issue #8824 from event details
  Found canonical issue via GraphQL event details
  Found duplicate reference, linking to canonical issue
  Successfully closed issue #23026 as duplicate and removed label using GraphQL
  ✓ Issue #23026 updated successfully
Processing issue #23023: [CONFIRMED BUG] Wrong implementation of IDesignTimeDbContextFactory is picked during migration generation!
  Found marked_as_duplicate event at 10/19/2020 2:00:39 AM +00:00
  Found canonical issue #11611 from event details
  Found canonical issue via GraphQL event details
  Found duplicate reference, linking to canonical issue
  Successfully closed issue #23023 as duplicate and removed label using GraphQL
  ✓ Issue #23023 updated successfully
Processing issue #23012: Modify entity without querying it before
  Found marked_as_duplicate event at 10/16/2020 8:22:45 AM +00:00
  Found canonical issue #795 from event details
  Found canonical issue via GraphQL event details
  Found duplicate reference, linking to canonical issue
  Successfully closed issue #23012 as duplicate and removed label using GraphQL
  ✓ Issue #23012 updated successfully
Processing issue #23011: EFCore 5rc - System.InvalidOperationException: 'Include property XXX not found.'
  Successfully closed issue #23011 as duplicate and removed label using GraphQL
  ✓ Issue #23011 updated successfully
Processing issue #23010: Analyzer memory issue
  Found marked_as_duplicate event at 11/30/2020 4:33:04 PM +00:00
  Found canonical issue #19648 from event details
  Found canonical issue via GraphQL event details
  Found duplicate reference, linking to canonical issue
  Successfully closed issue #23010 as duplicate and removed label using GraphQL
  ✓ Issue #23010 updated successfully
Processing issue #23004: Inefficient query
  Found marked_as_duplicate event at 10/15/2020 2:32:18 PM +00:00
  Found canonical issue #16079 from event details
  Found canonical issue via GraphQL event details
  Found duplicate reference, linking to canonical issue
  Successfully closed issue #23004 as duplicate and removed label using GraphQL
  ✓ Issue #23004 updated successfully
Processing issue #22970: NullReferenceException when generating SQL script for Include() and OrderBy() LINQ query.
  Successfully closed issue #22970 as duplicate and removed label using GraphQL
  ✓ Issue #22970 updated successfully
Processing issue #22969: Performance issues with encryption of Sqlite database 
  Successfully closed issue #22969 as duplicate and removed label using GraphQL
  ✓ Issue #22969 updated successfully
Processing issue #22942: Alternate key in TPT Table is dropped in the same migration it was created.
  Successfully closed issue #22942 as duplicate and removed label using GraphQL
  ✓ Issue #22942 updated successfully
Processing issue #22941: Any interest in an Entity Framework to EF Core porting reference document?
  Successfully closed issue #22941 as duplicate and removed label using GraphQL
  ✓ Issue #22941 updated successfully
Processing issue #22936: EFCore idempotent script fails when executed with "Incorrect syntax near 'CONCAT'"
  Successfully closed issue #22936 as duplicate and removed label using GraphQL
  ✓ Issue #22936 updated successfully
Processing issue #22926: Incorrect type of MinValue and MaxValue in DatabaseSequence class
  Successfully closed issue #22926 as duplicate and removed label using GraphQL
  ✓ Issue #22926 updated successfully
Processing issue #22899: Interception: raw query vs. LINQ
  Successfully closed issue #22899 as duplicate and removed label using GraphQL
  ✓ Issue #22899 updated successfully
Processing issue #22898: Query: projecting multiple collection navigations with FirstOrDefault fails to translate for with weak entities 
  Successfully closed issue #22898 as duplicate and removed label using GraphQL
  ✓ Issue #22898 updated successfully
Processing issue #22905: Two relations to same entity throwing exception
  Successfully closed issue #22905 as duplicate and removed label using GraphQL
  ✓ Issue #22905 updated successfully
Processing issue #22892: GroupBy-Aggregate should use grouping key as identifier column
  Found marked_as_duplicate event at 6/16/2025 9:19:41 AM +00:00
  Found canonical issue #24061 from event details
  Found canonical issue via GraphQL event details
  Found duplicate reference, linking to canonical issue
  Successfully closed issue #22892 as duplicate and removed label using GraphQL
  ✓ Issue #22892 updated successfully
Processing issue #22890: Documentation for delete behaviour in EF Core 3.1
  Successfully closed issue #22890 as duplicate and removed label using GraphQL
  ✓ Issue #22890 updated successfully
Processing issue #22886: Owned Property Error In Add Migration
  Found marked_as_duplicate event at 10/5/2020 3:00:18 PM +00:00
  Found canonical issue #12462 from event details
  Found canonical issue via GraphQL event details
  Found duplicate reference, linking to canonical issue
  Successfully closed issue #22886 as duplicate and removed label using GraphQL
  ✓ Issue #22886 updated successfully
Processing issue #22880: Parameterize the single item case of Contains in 5.0?
  Successfully closed issue #22880 as duplicate and removed label using GraphQL
  ✓ Issue #22880 updated successfully
Processing issue #22879: EF Core 5: Cannot Save Batch Inserts
  Successfully closed issue #22879 as duplicate and removed label using GraphQL
  ✓ Issue #22879 updated successfully
Processing issue #22871: Feauture for Use Parent Instead Of Entity Type in Ef Core of Navigation property
  Successfully closed issue #22871 as duplicate and removed label using GraphQL
  ✓ Issue #22871 updated successfully
Processing issue #22868: "The query has been configured to use 'QuerySplittingBehavior.SplitQuery' and contains a collection in the 'Select' call"
  Found marked_as_duplicate event at 10/2/2020 4:42:47 PM +00:00
  Found canonical issue #21234 from event details
  Found canonical issue via GraphQL event details
  Found duplicate reference, linking to canonical issue
  Successfully closed issue #22868 as duplicate and removed label using GraphQL
  ✓ Issue #22868 updated successfully
Processing issue #22852: MERGE INTO on temporal table fails with Attempting to set a non-NULL-able column's value to NULL
  Successfully closed issue #22852 as duplicate and removed label using GraphQL
  ✓ Issue #22852 updated successfully
Processing issue #22811: Get custom values from sql query
  Successfully closed issue #22811 as duplicate and removed label using GraphQL
  ✓ Issue #22811 updated successfully
Processing issue #22810: EF Core 5.0 Many-to-Many generating table with weird column names.
  Successfully closed issue #22810 as duplicate and removed label using GraphQL
  ✓ Issue #22810 updated successfully
Processing issue #22807: example of Many-to-many is incomplete
  Successfully closed issue #22807 as duplicate and removed label using GraphQL
  ✓ Issue #22807 updated successfully
Processing issue #22840: Examples use wrong overload.
  Successfully closed issue #22840 as duplicate and removed label using GraphQL
  ✓ Issue #22840 updated successfully
Processing issue #22801: LINQ query not working properly for many-to-many relationship entities in EF core
  Successfully closed issue #22801 as duplicate and removed label using GraphQL
  ✓ Issue #22801 updated successfully
Processing issue #22756: Null reference exception on DataTable.Load(IDataReader)
  Successfully closed issue #22756 as duplicate and removed label using GraphQL
  ✓ Issue #22756 updated successfully
Processing issue #22755: Support filtered Lazy Loading
  Found marked_as_duplicate event at 9/28/2020 9:13:18 PM +00:00
  Found canonical issue #1204 from event details
  Found canonical issue via GraphQL event details
  Found duplicate reference, linking to canonical issue
  Successfully closed issue #22755 as duplicate and removed label using GraphQL
  ✓ Issue #22755 updated successfully
Processing issue #22754: LazyLoadingProxies not loading related entities if the property has a default value
  Found marked_as_duplicate event at 9/28/2020 9:11:47 PM +00:00
  Found canonical issue #2693 from event details
  Found canonical issue via GraphQL event details
  Found duplicate reference, linking to canonical issue
  Successfully closed issue #22754 as duplicate and removed label using GraphQL
  ✓ Issue #22754 updated successfully
Processing issue #22753: Duplicate primary key constraint names after calling SetName on the entity type in a TPT scenario
  Found marked_as_duplicate event at 9/29/2020 1:23:55 AM +00:00
  Found canonical issue #19811 from event details
  Found canonical issue via GraphQL event details
  Found duplicate reference, linking to canonical issue
  Successfully closed issue #22753 as duplicate and removed label using GraphQL
  ✓ Issue #22753 updated successfully
Processing issue #22743: Client side GroupBy is not supported.
  Found marked_as_duplicate event at 9/25/2020 3:46:40 AM +00:00
  Found canonical issue #19929 from event details
  Found canonical issue via GraphQL event details
  Found duplicate reference, linking to canonical issue
  Successfully closed issue #22743 as duplicate and removed label using GraphQL
  ✓ Issue #22743 updated successfully
Processing issue #22732: Can execute ThenByDescending on owned type?
  Found marked_as_duplicate event at 9/25/2020 3:46:01 AM +00:00
  Found canonical issue #18912 from event details
  Found canonical issue via GraphQL event details
  Found duplicate reference, linking to canonical issue
  Successfully closed issue #22732 as duplicate and removed label using GraphQL
  ✓ Issue #22732 updated successfully
Processing issue #22726: Can async methods not throw, if IQueryable is made from IEnumerable?
  Found marked_as_duplicate event at 9/25/2020 3:45:40 AM +00:00
  Found canonical issue #9179 from event details
  Found canonical issue via GraphQL event details
  Found duplicate reference, linking to canonical issue
  Successfully closed issue #22726 as duplicate and removed label using GraphQL
  ✓ Issue #22726 updated successfully
Processing issue #22710: Anybody know how to handle a Sqlite Blob with EF Migrations?
  Successfully closed issue #22710 as duplicate and removed label using GraphQL
  ✓ Issue #22710 updated successfully
Processing issue #22702: Use base class for ad hoc discriminators in TPH
  Successfully closed issue #22702 as duplicate and removed label using GraphQL
  ✓ Issue #22702 updated successfully
Processing issue #22695: TPT - Sql Exception when saving a new object created with related entities
  Successfully closed issue #22695 as duplicate and removed label using GraphQL
  ✓ Issue #22695 updated successfully
Processing issue #22698: Use of hyphen in database name throwing error and creating database as General Purpose
  Successfully closed issue #22698 as duplicate and removed label using GraphQL
  ✓ Issue #22698 updated successfully
Processing issue #22683: ExcludeProperty instead of Select() inclusively per query
  Found marked_as_duplicate event at 9/25/2020 9:11:47 PM +00:00
  Found canonical issue #1387 from event details
  Found canonical issue via GraphQL event details
  Found duplicate reference, linking to canonical issue
  Successfully closed issue #22683 as duplicate and removed label using GraphQL
  ✓ Issue #22683 updated successfully
Processing issue #22668: Mapping a hierarchy of classes with value objects and concurrency token is not working
  Successfully closed issue #22668 as duplicate and removed label using GraphQL
  ✓ Issue #22668 updated successfully
Processing issue #22641: Mapping a class hierarchy with owned types: unexpected splitted table layout
  Found marked_as_duplicate event at 9/26/2020 8:02:00 PM +00:00
  Found canonical issue #19543 from event details
  Found canonical issue via GraphQL event details
  Found duplicate reference, linking to canonical issue
  Successfully closed issue #22641 as duplicate and removed label using GraphQL
  ✓ Issue #22641 updated successfully
Processing issue #22637: Proposal: Allow ctor mapping of OwnedTypes.
  Found marked_as_duplicate event at 9/21/2020 2:00:53 PM +00:00
  Found canonical issue #12078 from event details
  Found canonical issue via GraphQL event details
  Found duplicate reference, linking to canonical issue
  Successfully closed issue #22637 as duplicate and removed label using GraphQL
  ✓ Issue #22637 updated successfully
Processing issue #22636: EFC 5.0-rc1: Behaviour of IMutableProperty.GetColumnName changed compared to EFC 3.1.8
  Found marked_as_duplicate event at 9/21/2020 9:08:46 PM +00:00
  Found canonical issue #22608 from event details
  Found canonical issue via GraphQL event details
  Found duplicate reference, linking to canonical issue
  Successfully closed issue #22636 as duplicate and removed label using GraphQL
  ✓ Issue #22636 updated successfully
Processing issue #22627: 5.0 RC1 Many-to-many optional navigation properties
  Successfully closed issue #22627 as duplicate and removed label using GraphQL
  ✓ Issue #22627 updated successfully
Processing issue #22624: [Regression] Primary key max length isn't propagated to owned entity shadow foreign keys
  Found marked_as_duplicate event at 9/21/2020 3:34:46 PM +00:00
  Found canonical issue #22387 from event details
  Found canonical issue via GraphQL event details
  Found duplicate reference, linking to canonical issue
  Successfully closed issue #22624 as duplicate and removed label using GraphQL
  ✓ Issue #22624 updated successfully
Processing issue #22619: 5.0 RC1 System.NullReferenceException on Add Migration
  Successfully closed issue #22619 as duplicate and removed label using GraphQL
  ✓ Issue #22619 updated successfully
Processing issue #22614: EF Core 5.0 idempotent scripted migrations produce sql with syntax errors
  Successfully closed issue #22614 as duplicate and removed label using GraphQL
  ✓ Issue #22614 updated successfully
Processing issue #22601: Aggregation extensions in OData ASP.NET Core fail when using SQL Server
  Successfully closed issue #22601 as duplicate and removed label using GraphQL
  ✓ Issue #22601 updated successfully
Processing issue #22581: 5.0 RC1 OwnsOne Separate Table: NullReferenceException when translating a query
  Successfully closed issue #22581 as duplicate and removed label using GraphQL
  ✓ Issue #22581 updated successfully
Processing issue #22557: System.Data.SqlTypes.SqlNullValueException on fielld allowing Null-Values with complex joins
  Successfully closed issue #22557 as duplicate and removed label using GraphQL
  ✓ Issue #22557 updated successfully
Processing issue #22555: BoolToStringConverter value converter fails without error for implicit boolean comparison
  Found marked_as_duplicate event at 9/16/2020 4:35:18 AM +00:00
  Found canonical issue #18147 from event details
  Found canonical issue via GraphQL event details
  Found duplicate reference, linking to canonical issue
  Successfully closed issue #22555 as duplicate and removed label using GraphQL
  ✓ Issue #22555 updated successfully
Processing issue #22544: Entity Framework add migration won't add primary/foreign key drop methods before trying altering column 
  Successfully closed issue #22544 as duplicate and removed label using GraphQL
  ✓ Issue #22544 updated successfully
Processing issue #22500: SqlConnection.Open fails and throw Login failed for user 'sa' error suddenly after upgrading Entity Framework Core from 3.1.4 to 3.1.8
  Found marked_as_duplicate event at 9/11/2020 4:15:10 PM +00:00
  Found canonical issue #22083 from event details
  Found canonical issue via GraphQL event details
  Found duplicate reference, linking to canonical issue
  Successfully closed issue #22500 as duplicate and removed label using GraphQL
  ✓ Issue #22500 updated successfully
Processing issue #22493: Logging in with connection string of existing connection fails with EFCore somewhere between versions > 3.1.4 and 3.1.8
  Found marked_as_duplicate event at 9/11/2020 4:15:06 PM +00:00
  Found canonical issue #22083 from event details
  Found canonical issue via GraphQL event details
  Found duplicate reference, linking to canonical issue
  Successfully closed issue #22493 as duplicate and removed label using GraphQL
  ✓ Issue #22493 updated successfully
Processing issue #22477: Exception thrown while trying to retrieve `CollectionEntry` with new Many-to-Many configuration.
  Successfully closed issue #22477 as duplicate and removed label using GraphQL
  ✓ Issue #22477 updated successfully
Processing issue #22464: Seed nullable guid with default value  
  Found marked_as_duplicate event at 9/11/2020 4:03:26 PM +00:00
  Found canonical issue #21244 from event details
  Found canonical issue via GraphQL event details
  Found duplicate reference, linking to canonical issue
  Successfully closed issue #22464 as duplicate and removed label using GraphQL
  ✓ Issue #22464 updated successfully
Processing issue #22451: Allow specifying online option on ALTER TABLE ... ALTER COLUMN
  Found marked_as_duplicate event at 9/8/2020 9:37:20 PM +00:00
  Found canonical issue #22351 from event details
  Found canonical issue via GraphQL event details
  Found duplicate reference, linking to canonical issue
  Successfully closed issue #22451 as duplicate and removed label using GraphQL
  ✓ Issue #22451 updated successfully
Processing issue #22448: Better support for ad-hoc queries
  Successfully closed issue #22448 as duplicate and removed label using GraphQL
  ✓ Issue #22448 updated successfully
Processing issue #22446: Mapping identity columns to enum properties not working in 3.1.5 / 3.1.8 / 5.0.0-preview.8.20407.4
  Successfully closed issue #22446 as duplicate and removed label using GraphQL
  ✓ Issue #22446 updated successfully
Processing issue #22444: Owned type with seperate table in EF Core 5 preview 8 now needs a Include for owned type
  Found marked_as_duplicate event at 9/8/2020 3:04:54 PM +00:00
  Found canonical issue #22340 from event details
  Found canonical issue via GraphQL event details
  Found duplicate reference, linking to canonical issue
  Successfully closed issue #22444 as duplicate and removed label using GraphQL
  ✓ Issue #22444 updated successfully
Processing issue #22440: Difficultly incorporating full-text search, or even incorporating stored procedure results
  Successfully closed issue #22440 as duplicate and removed label using GraphQL
  ✓ Issue #22440 updated successfully
Processing issue #22436: Returning Action result with no content gives 500 response error
  Found marked_as_duplicate event at 9/7/2020 11:39:11 PM +00:00
  Found canonical issue #22255 from event details
  Found canonical issue via GraphQL event details
  Found duplicate reference, linking to canonical issue
  Successfully closed issue #22436 as duplicate and removed label using GraphQL
  ✓ Issue #22436 updated successfully
Processing issue #22421: Non-nullable [Owned] properties don't seem to work
  Found marked_as_duplicate event at 9/6/2020 5:33:26 PM +00:00
  Found canonical issue #12100 from event details
  Found canonical issue via GraphQL event details
  Found duplicate reference, linking to canonical issue
  Successfully closed issue #22421 as duplicate and removed label using GraphQL
  ✓ Issue #22421 updated successfully
Processing issue #22418: EF.Functions.FreeText to support multiple columns
  Found marked_as_duplicate event at 9/8/2020 5:22:03 PM +00:00
  Found canonical issue #10462 from event details
  Found canonical issue via GraphQL event details
  Found duplicate reference, linking to canonical issue
  Successfully closed issue #22418 as duplicate and removed label using GraphQL
  ✓ Issue #22418 updated successfully
Processing issue #23032: Can not use Entity Framework Core 3.1 when set ENV LC_ALL and LANG in docker container
  Found marked_as_duplicate event at 10/17/2020 6:16:46 PM +00:00
  Found canonical issue #18831 from event details
  Found canonical issue via GraphQL event details
  Found duplicate reference, linking to canonical issue
  Successfully closed issue #23032 as duplicate and removed label using GraphQL
  ✓ Issue #23032 updated successfully
Processing issue #22382: Reference Data DbSet concept
  Found marked_as_duplicate event at 9/3/2020 7:46:00 AM +00:00
  Found canonical issue #12206 from event details
  Found canonical issue via GraphQL event details
  Found duplicate reference, linking to canonical issue
  Successfully closed issue #22382 as duplicate and removed label using GraphQL
  ✓ Issue #22382 updated successfully
Processing issue #22369: Include() adds unnecessary ORDER BY
  Found marked_as_duplicate event at 9/2/2020 10:34:07 AM +00:00
  Found canonical issue #19571 from event details
  Found canonical issue via GraphQL event details
  Found duplicate reference, linking to canonical issue
  Successfully closed issue #22369 as duplicate and removed label using GraphQL
  ✓ Issue #22369 updated successfully
Processing issue #22292: Any search with Where clause fails in EF Core for Complex types
  Found marked_as_duplicate event at 8/28/2020 5:46:33 PM +00:00
  Found canonical issue #19070 from event details
  Found canonical issue via GraphQL event details
  Found duplicate reference, linking to canonical issue
  Successfully closed issue #22292 as duplicate and removed label using GraphQL
  ✓ Issue #22292 updated successfully
Processing issue #22290: when the column is DateTimeKind type, the written value and the read value are inconsistent
  Found marked_as_duplicate event at 8/28/2020 8:44:26 PM +00:00
  Found canonical issue #4711 from event details
  Found canonical issue via GraphQL event details
  Found duplicate reference, linking to canonical issue
  Successfully closed issue #22290 as duplicate and removed label using GraphQL
  ✓ Issue #22290 updated successfully
Processing issue #22268: FindAsync should return nullable TEntity when nullable reference types are enabled
  Successfully closed issue #22268 as duplicate and removed label using GraphQL
  ✓ Issue #22268 updated successfully
Processing issue #22248: Scaffolding - invalid fluent config for SQL Server index .IncludeProperties()
  Successfully closed issue #22248 as duplicate and removed label using GraphQL
  ✓ Issue #22248 updated successfully
Processing issue #22247: The specified deps.json file doesn't exist
  Found marked_as_duplicate event at 6/16/2025 9:23:25 AM +00:00
  Found canonical issue #23054 from event details
  Found canonical issue via GraphQL event details
  Found duplicate reference, linking to canonical issue
  Successfully closed issue #22247 as duplicate and removed label using GraphQL
  ✓ Issue #22247 updated successfully
Processing issue #22241: Many-To-Many relationship throws NotImplementedException
  Successfully closed issue #22241 as duplicate and removed label using GraphQL
  ✓ Issue #22241 updated successfully
Processing issue #22196: Setting property to null with composite nullable foreign key incorrectly deletes entire row
  Successfully closed issue #22196 as duplicate and removed label using GraphQL
  ✓ Issue #22196 updated successfully
Processing issue #22193: Change token [Timestamp] has no effect for SQLite
  Found marked_as_duplicate event at 8/24/2020 3:53:44 PM +00:00
  Found canonical issue #2195 from event details
  Found canonical issue via GraphQL event details
  Found duplicate reference, linking to canonical issue
  Successfully closed issue #22193 as duplicate and removed label using GraphQL
  ✓ Issue #22193 updated successfully
Successfully processed 100 issues
Processing issues in dotnet/efcore...
Found 100 issues with 'closed-duplicate' label
Processing issue #22191: Global OwnedType Configuration
  Found marked_as_duplicate event at 8/24/2020 3:52:18 PM +00:00
  Found canonical issue #6787 from event details
  Found canonical issue via GraphQL event details
  Found duplicate reference, linking to canonical issue
  Successfully closed issue #22191 as duplicate and removed label using GraphQL
  ✓ Issue #22191 updated successfully
Processing issue #22190: Adding a 'profile' parameter to `ef migrations add` and `ef migrations update`
  Successfully closed issue #22190 as duplicate and removed label using GraphQL
  ✓ Issue #22190 updated successfully
Processing issue #22180: MinLengthAttribute and StringLength.MinimumLength data annotations should create CHECK constraint
  Successfully closed issue #22180 as duplicate and removed label using GraphQL
  ✓ Issue #22180 updated successfully
Processing issue #22161: NRE when projecting non-navigation JSON List
  Successfully closed issue #22161 as duplicate and removed label using GraphQL
  ✓ Issue #22161 updated successfully
Processing issue #22146: ValueObject is null if all properties inside are null
  Successfully closed issue #22146 as duplicate and removed label using GraphQL
  ✓ Issue #22146 updated successfully
Processing issue #22125: DbSet properties for shared entity types do not result in shared entity types in the model
  Successfully closed issue #22125 as duplicate and removed label using GraphQL
  ✓ Issue #22125 updated successfully
Processing issue #22121: Bad scaffolding for char(n) columns in SQL Server - length is not scaffolded.
  Successfully closed issue #22121 as duplicate and removed label using GraphQL
  ✓ Issue #22121 updated successfully
Processing issue #22103: Simple soft delete of a child entry does not remove entity from already loaded parent collection navigation properties
  Successfully closed issue #22103 as duplicate and removed label using GraphQL
  ✓ Issue #22103 updated successfully
Processing issue #22073: Decide what `UnknownEntity` exception is supposed to mean.
  Successfully closed issue #22073 as duplicate and removed label using GraphQL
  ✓ Issue #22073 updated successfully
Processing issue #22043: Interceptors registering
  Found marked_as_duplicate event at 8/13/2020 6:28:06 PM +00:00
  Found canonical issue #21578 from event details
  Found canonical issue via GraphQL event details
  Found duplicate reference, linking to canonical issue
  Successfully closed issue #22043 as duplicate and removed label using GraphQL
  ✓ Issue #22043 updated successfully
Processing issue #22036: Geospatial support with Cosmos DB provider
  Found marked_as_duplicate event at 8/12/2020 7:56:25 PM +00:00
  Found canonical issue #17317 from event details
  Found canonical issue via GraphQL event details
  Found duplicate reference, linking to canonical issue
  Successfully closed issue #22036 as duplicate and removed label using GraphQL
  ✓ Issue #22036 updated successfully
Processing issue #22014: Income of inheritance TPC
  Found marked_as_duplicate event at 8/11/2020 1:45:16 PM +00:00
  Found canonical issue #3170 from event details
  Found canonical issue via GraphQL event details
  Found duplicate reference, linking to canonical issue
  Successfully closed issue #22014 as duplicate and removed label using GraphQL
  ✓ Issue #22014 updated successfully
Processing issue #22007: Distinct in sub-query breaks NON NULL filter
  Successfully closed issue #22007 as duplicate and removed label using GraphQL
  ✓ Issue #22007 updated successfully
Processing issue #22002: Creating QueryTask
  Found marked_as_duplicate event at 8/10/2020 1:27:13 PM +00:00
  Found canonical issue #10879 from event details
  Found canonical issue via GraphQL event details
  Found duplicate reference, linking to canonical issue
  Successfully closed issue #22002 as duplicate and removed label using GraphQL
  ✓ Issue #22002 updated successfully
Processing issue #21995: Generate the script for all migrations that have not yet been applied to a given database
  Found marked_as_duplicate event at 3/17/2022 8:05:19 PM +00:00
  Found canonical issue #15762 from event details
  Found canonical issue via GraphQL event details
  Found duplicate reference, linking to canonical issue
  Successfully closed issue #21995 as duplicate and removed label using GraphQL
  ✓ Issue #21995 updated successfully
Processing issue #21991: Filtered Foreign Key Attribute
  Successfully closed issue #21991 as duplicate and removed label using GraphQL
  ✓ Issue #21991 updated successfully
Processing issue #21986: Updates using custom value comparer not working when property is ValueGenerated.OnAdd
  Successfully closed issue #21986 as duplicate and removed label using GraphQL
  ✓ Issue #21986 updated successfully
Processing issue #21974: CLR property 'Number' cannot be added to entity type 'CHSIMTBase' because it is declared on the CLR type 'Contract'.
  Successfully closed issue #21974 as duplicate and removed label using GraphQL
  ✓ Issue #21974 updated successfully
Processing issue #21972: ChangeTracker: How to get original owned entity when modifying a principals owned property?
  Found marked_as_duplicate event at 8/7/2020 3:52:54 PM +00:00
  Found canonical issue #10013 from event details
  Found canonical issue via GraphQL event details
  Found duplicate reference, linking to canonical issue
  Successfully closed issue #21972 as duplicate and removed label using GraphQL
  ✓ Issue #21972 updated successfully
Processing issue #21963: StackOverflow in ModelBuilder
  Found marked_as_duplicate event at 8/6/2020 10:46:10 PM +00:00
  Found canonical issue #21734 from event details
  Found canonical issue via GraphQL event details
  Found duplicate reference, linking to canonical issue
  Successfully closed issue #21963 as duplicate and removed label using GraphQL
  ✓ Issue #21963 updated successfully
Processing issue #21962: Many to many without join table not working for when an entity references itself
  Successfully closed issue #21962 as duplicate and removed label using GraphQL
  ✓ Issue #21962 updated successfully
Processing issue #21976: Need EF core supports using the same value converter to all properties
  Found marked_as_duplicate event at 8/7/2020 6:36:35 PM +00:00
  Found canonical issue #10784 from event details
  Found canonical issue via GraphQL event details
  Found duplicate reference, linking to canonical issue
  Successfully closed issue #21976 as duplicate and removed label using GraphQL
  ✓ Issue #21976 updated successfully
Processing issue #21977: Need EF core to support many-to-many relationship directly
  Successfully closed issue #21977 as duplicate and removed label using GraphQL
  ✓ Issue #21977 updated successfully
Processing issue #21979: Support many-to-many without need to have joining class
  Successfully closed issue #21979 as duplicate and removed label using GraphQL
  ✓ Issue #21979 updated successfully
Processing issue #21956: Enum with string converstion and projection
  Successfully closed issue #21956 as duplicate and removed label using GraphQL
  ✓ Issue #21956 updated successfully
Processing issue #21957: Cannot create new item in collection
  Found marked_as_duplicate event at 8/6/2020 5:13:58 PM +00:00
  Found canonical issue #21396 from event details
  Found canonical issue via GraphQL event details
  Found duplicate reference, linking to canonical issue
  Successfully closed issue #21957 as duplicate and removed label using GraphQL
  ✓ Issue #21957 updated successfully
Processing issue #21855: `HasColumnType` should not be available after `HasMaxLength`
  Found marked_as_duplicate event at 7/31/2020 4:51:29 PM +00:00
  Found canonical issue #15159 from event details
  Found canonical issue via GraphQL event details
  Found duplicate reference, linking to canonical issue
  Successfully closed issue #21855 as duplicate and removed label using GraphQL
  ✓ Issue #21855 updated successfully
Processing issue #21853: The LINQ expression could not be translated (continuous)
  Found marked_as_duplicate event at 7/30/2020 2:29:06 PM +00:00
  Found canonical issue #12148 from event details
  Found canonical issue via GraphQL event details
  Found duplicate reference, linking to canonical issue
  Successfully closed issue #21853 as duplicate and removed label using GraphQL
  ✓ Issue #21853 updated successfully
Processing issue #21819: Add support for Conventions in ModelBuilder
  Successfully closed issue #21819 as duplicate and removed label using GraphQL
  ✓ Issue #21819 updated successfully
Processing issue #21805: AsSplitQuery throws exception - open DataReader associated with this Connection
  Found marked_as_duplicate event at 7/31/2020 6:04:47 PM +00:00
  Found canonical issue #21420 from event details
  Found canonical issue via GraphQL event details
  Found duplicate reference, linking to canonical issue
  Successfully closed issue #21805 as duplicate and removed label using GraphQL
  ✓ Issue #21805 updated successfully
Processing issue #21793: Return values of SingleOrDefaultAsync incorrect when nullable reference types are enabled
  Found marked_as_duplicate event at 7/26/2020 2:29:53 PM +00:00
  Found canonical issue #19007 from event details
  Found canonical issue via GraphQL event details
  Found duplicate reference, linking to canonical issue
  Successfully closed issue #21793 as duplicate and removed label using GraphQL
  ✓ Issue #21793 updated successfully
Processing issue #21786: StackOverflow exception when using Fluent API HasName in preview7
  Found marked_as_duplicate event at 7/25/2020 9:09:37 PM +00:00
  Found canonical issue #21734 from event details
  Found canonical issue via GraphQL event details
  Found duplicate reference, linking to canonical issue
  Successfully closed issue #21786 as duplicate and removed label using GraphQL
  ✓ Issue #21786 updated successfully
Processing issue #21763: The type 'Address' cannot be marked as owned because a non-owned entity type with the same name already exists.
  Successfully closed issue #21763 as duplicate and removed label using GraphQL
  ✓ Issue #21763 updated successfully
Processing issue #21758: ToUpperInvariant() is not understand by the LINQ Interpreter
  Successfully closed issue #21758 as duplicate and removed label using GraphQL
  ✓ Issue #21758 updated successfully
Processing issue #21755: What does Add-Migration command use to compare schemas?
  Successfully closed issue #21755 as duplicate and removed label using GraphQL
  ✓ Issue #21755 updated successfully
Processing issue #21753: Include details in Exception for "LINQ Expression could not be translated" errors.
  Successfully closed issue #21753 as duplicate and removed label using GraphQL
  ✓ Issue #21753 updated successfully
Processing issue #21750: Updating to 5.0.0-preview.7 with `HasName` instead of `HasDatabaseName` causes stack overflow in unit tests
  Found marked_as_duplicate event at 7/23/2020 10:48:15 PM +00:00
  Found canonical issue #21734 from event details
  Found canonical issue via GraphQL event details
  Found duplicate reference, linking to canonical issue
  Successfully closed issue #21750 as duplicate and removed label using GraphQL
  ✓ Issue #21750 updated successfully
Processing issue #21729: "Enumerator failed to MoveNextAsync" when there's more than 1 record when using SingleOrDefaultAsync(CancellationToken)
  Found marked_as_duplicate event at 7/22/2020 3:29:50 PM +00:00
  Found canonical issue #18742 from event details
  Found canonical issue via GraphQL event details
  Found duplicate reference, linking to canonical issue
  Successfully closed issue #21729 as duplicate and removed label using GraphQL
  ✓ Issue #21729 updated successfully
Processing issue #21727: Processing of the LINQ expression '' by 'NavigationExpandingExpressionVisitor' failed
  Successfully closed issue #21727 as duplicate and removed label using GraphQL
  ✓ Issue #21727 updated successfully
Processing issue #21709: SaveChanges failed when insert new record while trigger query "Select SCOPE_IDENTITY()"
  Successfully closed issue #21709 as duplicate and removed label using GraphQL
  ✓ Issue #21709 updated successfully
Processing issue #21699: duplicated left join on select of Notmapped properties
  Found marked_as_duplicate event at 7/24/2020 5:40:04 PM +00:00
  Found canonical issue #15783 from event details
  Found canonical issue via GraphQL event details
  Found duplicate reference, linking to canonical issue
  Successfully closed issue #21699 as duplicate and removed label using GraphQL
  ✓ Issue #21699 updated successfully
Processing issue #21676: Query: ValueBuffer slots are out of order in query involving multiple LeftJoins with weak entities
  Found marked_as_duplicate event at 7/17/2020 11:12:35 PM +00:00
  Found canonical issue #17539 from event details
  Found canonical issue via GraphQL event details
  Found duplicate reference, linking to canonical issue
  Successfully closed issue #21676 as duplicate and removed label using GraphQL
  ✓ Issue #21676 updated successfully
Processing issue #21664: HasDefaultValue not working properly for bool values
  Successfully closed issue #21664 as duplicate and removed label using GraphQL
  ✓ Issue #21664 updated successfully
Processing issue #21662: IsRequired on owned entity properties not working.
  Found marked_as_duplicate event at 7/17/2020 4:21:25 PM +00:00
  Found canonical issue #12100 from event details
  Found canonical issue via GraphQL event details
  Found duplicate reference, linking to canonical issue
  Successfully closed issue #21662 as duplicate and removed label using GraphQL
  ✓ Issue #21662 updated successfully
Processing issue #21637: EF Core 3.1.4 creates a migration over and over again?
  Found marked_as_duplicate event at 7/17/2020 5:40:54 PM +00:00
  Found canonical issue #21165 from event details
  Found canonical issue via GraphQL event details
  Found duplicate reference, linking to canonical issue
  Successfully closed issue #21637 as duplicate and removed label using GraphQL
  ✓ Issue #21637 updated successfully
Processing issue #21619: The LINQ expression could not be translated
  Found marked_as_duplicate event at 7/14/2020 5:40:50 PM +00:00
  Found canonical issue #12088 from event details
  Found canonical issue via GraphQL event details
  Found duplicate reference, linking to canonical issue
  Successfully closed issue #21619 as duplicate and removed label using GraphQL
  ✓ Issue #21619 updated successfully
Processing issue #21593: Getting "An attempt was made to lazy-load navigation property" error when using AsNoTracking despite using Include to eager fetch children
  Found marked_as_duplicate event at 7/13/2020 9:08:04 PM +00:00
  Found canonical issue #15783 from event details
  Found canonical issue via GraphQL event details
  Found duplicate reference, linking to canonical issue
  Successfully closed issue #21593 as duplicate and removed label using GraphQL
  ✓ Issue #21593 updated successfully
Processing issue #21582: Allow migrations to update data according to user logic
  Successfully closed issue #21582 as duplicate and removed label using GraphQL
  ✓ Issue #21582 updated successfully
Processing issue #21580: Concat iqueryable too many times results on StackOverflowException when ToList is called
  Successfully closed issue #21580 as duplicate and removed label using GraphQL
  ✓ Issue #21580 updated successfully
Processing issue #21576: Dotnet EF Core Failed when add a second migration with Data
  Successfully closed issue #21576 as duplicate and removed label using GraphQL
  ✓ Issue #21576 updated successfully
Processing issue #21506: Keyless entity relationships to non keyless entities
  Successfully closed issue #21506 as duplicate and removed label using GraphQL
  ✓ Issue #21506 updated successfully
Processing issue #21496: Cannot run output of > dotnet ef migrations script -i
  Successfully closed issue #21496 as duplicate and removed label using GraphQL
  ✓ Issue #21496 updated successfully
Processing issue #21493: SQL with two inner join for the same table
  Found marked_as_duplicate event at 7/2/2020 1:47:10 PM +00:00
  Found canonical issue #15826 from event details
  Found canonical issue via GraphQL event details
  Found duplicate reference, linking to canonical issue
  Successfully closed issue #21493 as duplicate and removed label using GraphQL
  ✓ Issue #21493 updated successfully
Processing issue #21485: OData filter on 2nd level nested property System.InvalidOperationException could not be translated 
  Found marked_as_duplicate event at 7/1/2020 6:35:33 PM +00:00
  Found canonical issue #19466 from event details
  Found canonical issue via GraphQL event details
  Found duplicate reference, linking to canonical issue
  Successfully closed issue #21485 as duplicate and removed label using GraphQL
  ✓ Issue #21485 updated successfully
Processing issue #21468: Join on nullable entity type generates a redundant LEFT JOIN
  Found marked_as_duplicate event at 6/30/2020 1:42:36 PM +00:00
  Found canonical issue #15826 from event details
  Found canonical issue via GraphQL event details
  Found duplicate reference, linking to canonical issue
  Successfully closed issue #21468 as duplicate and removed label using GraphQL
  ✓ Issue #21468 updated successfully
Processing issue #21462: Query: Allow InExpression values to store list of expressions rather than just constant expression storing an array
  Successfully closed issue #21462 as duplicate and removed label using GraphQL
  ✓ Issue #21462 updated successfully
Processing issue #21447: Support grouping by an entity type
  Successfully closed issue #21447 as duplicate and removed label using GraphQL
  ✓ Issue #21447 updated successfully
Processing issue #21444: DatabaseFacade.Migrate - please allow --namespace as argument
  Successfully closed issue #21444 as duplicate and removed label using GraphQL
  ✓ Issue #21444 updated successfully
Processing issue #21440: Scaffolding should singularize table names but retain column names exactly
  Found marked_as_duplicate event at 6/29/2020 8:00:58 PM +00:00
  Found canonical issue #12102 from event details
  Found canonical issue via GraphQL event details
  Found duplicate reference, linking to canonical issue
  Successfully closed issue #21440 as duplicate and removed label using GraphQL
  ✓ Issue #21440 updated successfully
Processing issue #21438: Don't scaffold indexes and constraints
  Successfully closed issue #21438 as duplicate and removed label using GraphQL
  ✓ Issue #21438 updated successfully
Processing issue #21430: EnsureCreated throws 'Index was outside the bounds of the array.' EF Core 5
  Found marked_as_duplicate event at 6/29/2020 7:48:33 PM +00:00
  Found canonical issue #18793 from event details
  Found canonical issue via GraphQL event details
  Found duplicate reference, linking to canonical issue
  Successfully closed issue #21430 as duplicate and removed label using GraphQL
  ✓ Issue #21430 updated successfully
Processing issue #21421: Query/InMemory: incorrect order of elements for query with SelectMany-Where-Take, and double orderby
  Successfully closed issue #21421 as duplicate and removed label using GraphQL
  ✓ Issue #21421 updated successfully
Processing issue #21409: Custom Code Generation
  Found marked_as_duplicate event at 6/26/2020 3:24:16 PM +00:00
  Found canonical issue #4038 from event details
  Found canonical issue via GraphQL event details
  Found duplicate reference, linking to canonical issue
  Successfully closed issue #21409 as duplicate and removed label using GraphQL
  ✓ Issue #21409 updated successfully
Processing issue #21381: Translation for ICollection<T>.Contains lacks parameterization
  Found marked_as_duplicate event at 6/23/2020 7:42:32 AM +00:00
  Found canonical issue #13617 from event details
  Found canonical issue via GraphQL event details
  Found duplicate reference, linking to canonical issue
  Successfully closed issue #21381 as duplicate and removed label using GraphQL
  ✓ Issue #21381 updated successfully
Processing issue #21378: Improve Query Generation for .CompareTo()
  Successfully closed issue #21378 as duplicate and removed label using GraphQL
  ✓ Issue #21378 updated successfully
Processing issue #21356: StackOverflowException when accessing a LazyLoaded navigation property in a 'getter'
  Successfully closed issue #21356 as duplicate and removed label using GraphQL
  ✓ Issue #21356 updated successfully
Processing issue #21353: Context-wide opt-in for split query and AsSingleQuery
  Found marked_as_duplicate event at 6/21/2020 11:29:45 PM +00:00
  Found canonical issue #21355 from event details
  Found canonical issue via GraphQL event details
  Found duplicate reference, linking to canonical issue
  Successfully closed issue #21353 as duplicate and removed label using GraphQL
  ✓ Issue #21353 updated successfully
Processing issue #21349: Question: Is it possible to use IgnoreQueryFilters in an explicit load?
  Successfully closed issue #21349 as duplicate and removed label using GraphQL
  ✓ Issue #21349 updated successfully
Processing issue #21315: Inheritance Composition interfering in Raw SQL
  Found marked_as_duplicate event at 6/17/2020 9:51:27 PM +00:00
  Found canonical issue #18232 from event details
  Found canonical issue via GraphQL event details
  Found duplicate reference, linking to canonical issue
  Successfully closed issue #21315 as duplicate and removed label using GraphQL
  ✓ Issue #21315 updated successfully
Processing issue #21308: Null objects in returned list when all properties are null
  Found marked_as_duplicate event at 6/17/2020 1:44:39 PM +00:00
  Found canonical issue #19537 from event details
  Found canonical issue via GraphQL event details
  Found duplicate reference, linking to canonical issue
  Successfully closed issue #21308 as duplicate and removed label using GraphQL
  ✓ Issue #21308 updated successfully
Processing issue #21287: Unable to set a property to null with lazy loading enabled
  Found marked_as_duplicate event at 6/16/2020 3:20:42 PM +00:00
  Found canonical issue #14086 from event details
  Found canonical issue via GraphQL event details
  Found duplicate reference, linking to canonical issue
  Successfully closed issue #21287 as duplicate and removed label using GraphQL
  ✓ Issue #21287 updated successfully
Processing issue #21279: Allow accessing members of types mapped via value conversion
  Found marked_as_duplicate event at 10/15/2020 6:47:15 PM +00:00
  Found canonical issue #20721 from event details
  Found canonical issue via GraphQL event details
  Found duplicate reference, linking to canonical issue
  Successfully closed issue #21279 as duplicate and removed label using GraphQL
  ✓ Issue #21279 updated successfully
Processing issue #21267: Cosmos DB: Allow custom ID property
  Successfully closed issue #21267 as duplicate and removed label using GraphQL
  ✓ Issue #21267 updated successfully
Processing issue #21265: Cosmos DB: Is there ANY way to currently support IDictionary<string, object>
  Found marked_as_duplicate event at 6/16/2020 6:53:09 PM +00:00
  Found canonical issue #9914 from event details
  Found canonical issue via GraphQL event details
  Found duplicate reference, linking to canonical issue
  Successfully closed issue #21265 as duplicate and removed label using GraphQL
  ✓ Issue #21265 updated successfully
Processing issue #21251: Customize column selection in relations in query builder
  Found marked_as_duplicate event at 6/13/2020 3:43:35 PM +00:00
  Found canonical issue #1387 from event details
  Found canonical issue via GraphQL event details
  Found duplicate reference, linking to canonical issue
  Successfully closed issue #21251 as duplicate and removed label using GraphQL
  ✓ Issue #21251 updated successfully
Processing issue #21238: Cosmos driver not creating unique index (on storage emulator)
  Found marked_as_duplicate event at 6/12/2020 10:21:25 PM +00:00
  Found canonical issue #17303 from event details
  Found canonical issue via GraphQL event details
  Found duplicate reference, linking to canonical issue
  Successfully closed issue #21238 as duplicate and removed label using GraphQL
  ✓ Issue #21238 updated successfully
Processing issue #21157: Entity equality causes translation failure inside projection
  Successfully closed issue #21157 as duplicate and removed label using GraphQL
  ✓ Issue #21157 updated successfully
Processing issue #21148: Union - Can't process set operations after client evaluation
  Found marked_as_duplicate event at 6/6/2020 9:18:01 AM +00:00
  Found canonical issue #21157 from event details
  Found canonical issue via GraphQL event details
  Found duplicate reference, linking to canonical issue
  Successfully closed issue #21148 as duplicate and removed label using GraphQL
  ✓ Issue #21148 updated successfully
Processing issue #21141: [Required] attribute is ignored for owned entity type's properties
  Found marked_as_duplicate event at 6/5/2020 4:00:27 PM +00:00
  Found canonical issue #12100 from event details
  Found canonical issue via GraphQL event details
  Found duplicate reference, linking to canonical issue
  Successfully closed issue #21141 as duplicate and removed label using GraphQL
  ✓ Issue #21141 updated successfully
Processing issue #21131: where is demo  using in wpf .net core
  Found marked_as_duplicate event at 6/6/2020 11:17:30 PM +00:00
  Found canonical issue #778 from event details
  Found canonical issue via GraphQL event details
  Found duplicate reference, linking to canonical issue
  Successfully closed issue #21131 as duplicate and removed label using GraphQL
  ✓ Issue #21131 updated successfully
Processing issue #21108: Empty array in OrderBy generates invalid SQL
  Found marked_as_duplicate event at 6/5/2020 5:56:56 PM +00:00
  Found canonical issue #15713 from event details
  Found canonical issue via GraphQL event details
  Found duplicate reference, linking to canonical issue
  Successfully closed issue #21108 as duplicate and removed label using GraphQL
  ✓ Issue #21108 updated successfully
Processing issue #21107: Enum type causes Update-Database  throw an SqlException (Invalid column name) 5.0preview4
  Found marked_as_duplicate event at 6/5/2020 9:28:31 PM +00:00
  Found canonical issue #21037 from event details
  Found canonical issue via GraphQL event details
  Found duplicate reference, linking to canonical issue
  Successfully closed issue #21107 as duplicate and removed label using GraphQL
  ✓ Issue #21107 updated successfully
Processing issue #21311: Microsoft.Data.Sqlite  No DataAdapter type
  Successfully closed issue #21311 as duplicate and removed label using GraphQL
  ✓ Issue #21311 updated successfully
Processing issue #21099: Blazor requires linker hints to preserve APIs accessed via reflection
  Successfully closed issue #21099 as duplicate and removed label using GraphQL
  ✓ Issue #21099 updated successfully
Processing issue #21086: Where Any + Contains is not translated
  Found marked_as_duplicate event at 6/1/2020 9:57:50 PM +00:00
  Found canonical issue #19070 from event details
  Found canonical issue via GraphQL event details
  Found duplicate reference, linking to canonical issue
  Successfully closed issue #21086 as duplicate and removed label using GraphQL
  ✓ Issue #21086 updated successfully
Processing issue #21082: Join with query filter causes nested subquery and poor query performance
  Successfully closed issue #21082 as duplicate and removed label using GraphQL
  ✓ Issue #21082 updated successfully
Processing issue #21073: camelCase property names for CosmosDB
  Issue #21073 is already closed as duplicate, removing label only
Processing issue #21065: Bug: Seeding binary data + migration causes issues (memory + duration)
  Found marked_as_duplicate event at 6/16/2025 9:23:11 AM +00:00
  Found canonical issue #23118 from event details
  Found canonical issue via GraphQL event details
  Found duplicate reference, linking to canonical issue
  Successfully closed issue #21065 as duplicate and removed label using GraphQL
  ✓ Issue #21065 updated successfully
Processing issue #21055: Generate migration script without connection string
  Found marked_as_duplicate event at 5/28/2020 7:49:16 AM +00:00
  Found canonical issue #8427 from event details
  Found canonical issue via GraphQL event details
  Found duplicate reference, linking to canonical issue
  Successfully closed issue #21055 as duplicate and removed label using GraphQL
  ✓ Issue #21055 updated successfully
Processing issue #21048: deps.json not found due to extra backslashes being added to search path for a network drive beginning with '\\'
  Found marked_as_duplicate event at 8/14/2020 3:53:20 PM +00:00
  Found canonical issue #14349 from event details
  Found canonical issue via GraphQL event details
  Found duplicate reference, linking to canonical issue
  Successfully closed issue #21048 as duplicate and removed label using GraphQL
  ✓ Issue #21048 updated successfully
Processing issue #21047: when remove migration, do not add ItemGroup
  Found marked_as_duplicate event at 5/26/2020 2:32:16 PM +00:00
  Found canonical issue #18381 from event details
  Found canonical issue via GraphQL event details
  Found duplicate reference, linking to canonical issue
  Successfully closed issue #21047 as duplicate and removed label using GraphQL
  ✓ Issue #21047 updated successfully
Processing issue #21034: How can I set Auto update migration after each model class change?
  Successfully closed issue #21034 as duplicate and removed label using GraphQL
  ✓ Issue #21034 updated successfully
Processing issue #21029: Implement Database changes with State-based approach
  Found marked_as_duplicate event at 5/24/2020 9:27:35 AM +00:00
  Found canonical issue #831 from event details
  Found canonical issue via GraphQL event details
  Found duplicate reference, linking to canonical issue
  Successfully closed issue #21029 as duplicate and removed label using GraphQL
  ✓ Issue #21029 updated successfully
Processing issue #21028: Unrecognized option '--connection' when executing dotnet ef cli
  Successfully closed issue #21028 as duplicate and removed label using GraphQL
  ✓ Issue #21028 updated successfully
Processing issue #21014: CosmosDB mapping of string array causes exception
  Found marked_as_duplicate event at 5/22/2020 8:07:47 PM +00:00
  Found canonical issue #14762 from event details
  Found canonical issue via GraphQL event details
  Found duplicate reference, linking to canonical issue
  Successfully closed issue #21014 as duplicate and removed label using GraphQL
  ✓ Issue #21014 updated successfully
Processing issue #21010: ..._Enum_Constraint constraint name too long
  Found marked_as_duplicate event at 5/21/2020 10:42:58 PM +00:00
  Found canonical issue #18958 from event details
  Found canonical issue via GraphQL event details
  Found duplicate reference, linking to canonical issue
  Successfully closed issue #21010 as duplicate and removed label using GraphQL
  ✓ Issue #21010 updated successfully
Processing issue #21009: Hate the new HandleBar scaffolder
  Successfully closed issue #21009 as duplicate and removed label using GraphQL
  ✓ Issue #21009 updated successfully
Processing issue #21007: Distributed Cache as EF Core DbContext Cache
  Found marked_as_duplicate event at 5/21/2020 10:15:14 PM +00:00
  Found canonical issue #5858 from event details
  Found canonical issue via GraphQL event details
  Found duplicate reference, linking to canonical issue
  Successfully closed issue #21007 as duplicate and removed label using GraphQL
  ✓ Issue #21007 updated successfully
Processing issue #21004: .NET 5.0, Preview 4. Enum_Constraint repeats three times. Update-Database fails
  Successfully closed issue #21004 as duplicate and removed label using GraphQL
  ✓ Issue #21004 updated successfully
Processing issue #21001: Exception when using EF Core InMemory and a projection including Count and a non-parameterless constructor
  Found marked_as_duplicate event at 5/20/2020 5:36:12 PM +00:00
  Found canonical issue #17620 from event details
  Found canonical issue via GraphQL event details
  Found duplicate reference, linking to canonical issue
  Successfully closed issue #21001 as duplicate and removed label using GraphQL
  ✓ Issue #21001 updated successfully
Successfully processed 100 issues
Processing issues in dotnet/efcore...
Found 100 issues with 'closed-duplicate' label
Processing issue #20994: Support for multiple enums (flags) in EnumToStringConverter
  Found marked_as_duplicate event at 5/20/2020 4:29:28 PM +00:00
  Found canonical issue #20094 from event details
  Found canonical issue via GraphQL event details
  Found duplicate reference, linking to canonical issue
  Successfully closed issue #20994 as duplicate and removed label using GraphQL
  ✓ Issue #20994 updated successfully
Processing issue #20983: Specify Throughput for a Cosmos Container or Database
  Found marked_as_duplicate event at 11/26/2020 8:38:08 AM +00:00
  Found canonical issue #17301 from event details
  Found canonical issue via GraphQL event details
  Found duplicate reference, linking to canonical issue
  Successfully closed issue #20983 as duplicate and removed label using GraphQL
  ✓ Issue #20983 updated successfully
Processing issue #20979: Code-first migration creates script for unwanted tables
  Successfully closed issue #20979 as duplicate and removed label using GraphQL
  ✓ Issue #20979 updated successfully
Processing issue #20971: Alter Identity is always added to migrations
  Found marked_as_duplicate event at 9/8/2020 5:26:37 PM +00:00
  Found canonical issue #11970 from event details
  Found canonical issue via GraphQL event details
  Found duplicate reference, linking to canonical issue
  Successfully closed issue #20971 as duplicate and removed label using GraphQL
  ✓ Issue #20971 updated successfully
Processing issue #20964: Cosmos: String.ToLower() cannot be translated to SQL
  Found marked_as_duplicate event at 5/15/2020 4:03:50 AM +00:00
  Found canonical issue #16143 from event details
  Found canonical issue via GraphQL event details
  Found duplicate reference, linking to canonical issue
  Successfully closed issue #20964 as duplicate and removed label using GraphQL
  ✓ Issue #20964 updated successfully
Processing issue #20944: OwnedNavigationBuilder Check Constraint 
  Found marked_as_duplicate event at 5/13/2020 2:39:22 PM +00:00
  Found canonical issue #20590 from event details
  Found canonical issue via GraphQL event details
  Found duplicate reference, linking to canonical issue
  Successfully closed issue #20944 as duplicate and removed label using GraphQL
  ✓ Issue #20944 updated successfully
Processing issue #20943: SqlServer Migrations: Rebuild foreign keys
  Found marked_as_duplicate event at 8/20/2020 10:10:57 PM +00:00
  Found canonical issue #12586 from event details
  Found canonical issue via GraphQL event details
  Found duplicate reference, linking to canonical issue
  Successfully closed issue #20943 as duplicate and removed label using GraphQL
  ✓ Issue #20943 updated successfully
Processing issue #20941: How to disable check constraints on migration?
  Found marked_as_duplicate event at 5/13/2020 6:53:21 AM +00:00
  Found canonical issue #20897 from event details
  Found canonical issue via GraphQL event details
  Found duplicate reference, linking to canonical issue
  Successfully closed issue #20941 as duplicate and removed label using GraphQL
  ✓ Issue #20941 updated successfully
Processing issue #20933: using the old many to many behavior of entity framework in ef core
  Successfully closed issue #20933 as duplicate and removed label using GraphQL
  ✓ Issue #20933 updated successfully
Processing issue #26707: EnsureDeleted() is not supported in SQLite in-memory mode
  Found marked_as_duplicate event at 4/23/2022 9:44:57 AM +00:00
  Found canonical issue #15923 from event details
  Found canonical issue via GraphQL event details
  Found duplicate reference, linking to canonical issue
  Successfully closed issue #26707 as duplicate and removed label using GraphQL
  ✓ Issue #26707 updated successfully
Processing issue #20926: LINQ Unable to Compare Two Dates
  Found marked_as_duplicate event at 5/15/2020 8:58:55 PM +00:00
  Found canonical issue #16143 from event details
  Found canonical issue via GraphQL event details
  Found duplicate reference, linking to canonical issue
  Successfully closed issue #20926 as duplicate and removed label using GraphQL
  ✓ Issue #20926 updated successfully
Processing issue #20908: ODBC EF Core database provider
  Successfully closed issue #20908 as duplicate and removed label using GraphQL
  ✓ Issue #20908 updated successfully
Processing issue #20903: Remove-migration not working
  Found marked_as_duplicate event at 5/10/2020 11:47:28 PM +00:00
  Found canonical issue #20741 from event details
  Found canonical issue via GraphQL event details
  Found duplicate reference, linking to canonical issue
  Successfully closed issue #20903 as duplicate and removed label using GraphQL
  ✓ Issue #20903 updated successfully
Processing issue #20902: Incorrect handling of boolean fields
  Found marked_as_duplicate event at 5/10/2020 3:51:16 PM +00:00
  Found canonical issue #13613 from event details
  Found canonical issue via GraphQL event details
  Found duplicate reference, linking to canonical issue
  Successfully closed issue #20902 as duplicate and removed label using GraphQL
  ✓ Issue #20902 updated successfully
Processing issue #20895: Invalid Operation Translating Expression
  Found marked_as_duplicate event at 5/9/2020 11:17:25 AM +00:00
  Found canonical issue #19070 from event details
  Found canonical issue via GraphQL event details
  Found duplicate reference, linking to canonical issue
  Successfully closed issue #20895 as duplicate and removed label using GraphQL
  ✓ Issue #20895 updated successfully
Processing issue #20889: VB.NET string operators causes an InvalidOperationException
  Found marked_as_duplicate event at 5/8/2020 3:46:42 PM +00:00
  Found canonical issue #19592 from event details
  Found canonical issue via GraphQL event details
  Found duplicate reference, linking to canonical issue
  Successfully closed issue #20889 as duplicate and removed label using GraphQL
  ✓ Issue #20889 updated successfully
Processing issue #20885: Query generated for CosmosDB has syntax error for $select
  Found marked_as_duplicate event at 5/8/2020 4:55:16 AM +00:00
  Found canonical issue #20557 from event details
  Found canonical issue via GraphQL event details
  Found duplicate reference, linking to canonical issue
  Successfully closed issue #20885 as duplicate and removed label using GraphQL
  ✓ Issue #20885 updated successfully
Processing issue #20867: Too long constraint name for the auto-generated enum constraints
  Found marked_as_duplicate event at 5/8/2020 5:50:11 PM +00:00
  Found canonical issue #18958 from event details
  Found canonical issue via GraphQL event details
  Found duplicate reference, linking to canonical issue
  Successfully closed issue #20867 as duplicate and removed label using GraphQL
  ✓ Issue #20867 updated successfully
Processing issue #20866: Generation of check constraints for enum mappings fails for owned types
  Successfully closed issue #20866 as duplicate and removed label using GraphQL
  ✓ Issue #20866 updated successfully
Processing issue #20860: How to identify RU/s usage for query execution through efcore cosmos
  Found marked_as_duplicate event at 5/8/2020 5:43:55 PM +00:00
  Found canonical issue #17298 from event details
  Found canonical issue via GraphQL event details
  Found duplicate reference, linking to canonical issue
  Successfully closed issue #20860 as duplicate and removed label using GraphQL
  ✓ Issue #20860 updated successfully
Processing issue #20826: Projection filtering (Select().Where()) could not be translated on 2nd level
  Found marked_as_duplicate event at 11/25/2020 9:41:34 PM +00:00
  Found canonical issue #20711 from event details
  Found canonical issue via GraphQL event details
  Found duplicate reference, linking to canonical issue
  Successfully closed issue #20826 as duplicate and removed label using GraphQL
  ✓ Issue #20826 updated successfully
Processing issue #20818: Cannot use HiLo with IndexerProperties
  Found marked_as_duplicate event at 5/2/2020 4:09:22 PM +00:00
  Found canonical issue #20740 from event details
  Found canonical issue via GraphQL event details
  Found duplicate reference, linking to canonical issue
  Successfully closed issue #20818 as duplicate and removed label using GraphQL
  ✓ Issue #20818 updated successfully
Processing issue #20807: dotnet ef migrations script generation ArgumentNullException: Value cannot be null (Parameter 'o')
  Successfully closed issue #20807 as duplicate and removed label using GraphQL
  ✓ Issue #20807 updated successfully
Processing issue #20806: Unable to add migrations for entity types with constructors
  Successfully closed issue #20806 as duplicate and removed label using GraphQL
  ✓ Issue #20806 updated successfully
Processing issue #20794: Collection navigation property, some items are not loaded in the model
  Found marked_as_duplicate event at 5/2/2020 5:42:09 PM +00:00
  Found canonical issue #18007 from event details
  Found canonical issue via GraphQL event details
  Found duplicate reference, linking to canonical issue
  Successfully closed issue #20794 as duplicate and removed label using GraphQL
  ✓ Issue #20794 updated successfully
Processing issue #20782: Database operation expected to affect 1 row(s) but actually affected 0 row(s). Data may have been modified or deleted since entities were loaded.
  Found marked_as_duplicate event at 4/30/2020 11:20:47 AM +00:00
  Found canonical issue #4073 from event details
  Found canonical issue via GraphQL event details
  Found duplicate reference, linking to canonical issue
  Successfully closed issue #20782 as duplicate and removed label using GraphQL
  ✓ Issue #20782 updated successfully
Processing issue #20777: NET Core 5 release 3 - Include OrderBy throws exception
  Successfully closed issue #20777 as duplicate and removed label using GraphQL
  ✓ Issue #20777 updated successfully
Processing issue #20771: Including entity with a QueryFilter results in root entity not being loaded
  Found marked_as_duplicate event at 4/28/2020 1:15:29 PM +00:00
  Found canonical issue #19801 from event details
  Found canonical issue via GraphQL event details
  Found duplicate reference, linking to canonical issue
  Successfully closed issue #20771 as duplicate and removed label using GraphQL
  ✓ Issue #20771 updated successfully
Processing issue #20770: add global casesensitive setting in DbContextOptionsBuilder
  Found marked_as_duplicate event at 4/28/2020 10:28:24 AM +00:00
  Found canonical issue #6577 from event details
  Found canonical issue via GraphQL event details
  Found duplicate reference, linking to canonical issue
  Successfully closed issue #20770 as duplicate and removed label using GraphQL
  ✓ Issue #20770 updated successfully
Processing issue #20768: MapToStoredProcedures support
  Found marked_as_duplicate event at 5/1/2020 4:23:30 PM +00:00
  Found canonical issue #245 from event details
  Found canonical issue via GraphQL event details
  Found duplicate reference, linking to canonical issue
  Successfully closed issue #20768 as duplicate and removed label using GraphQL
  ✓ Issue #20768 updated successfully
Processing issue #20764: WHERE Clause is not concatenating int with string properly, only on EF 3
  Successfully closed issue #20764 as duplicate and removed label using GraphQL
  ✓ Issue #20764 updated successfully
Processing issue #20763: Entity with OwnsOne property providing not optimal SQL
  Successfully closed issue #20763 as duplicate and removed label using GraphQL
  ✓ Issue #20763 updated successfully
Processing issue #20755: ArgumentNullException thrown during migration using .NET 5 preview 3
  Found marked_as_duplicate event at 4/28/2020 1:03:20 AM +00:00
  Found canonical issue #20517 from event details
  Found canonical issue via GraphQL event details
  Found duplicate reference, linking to canonical issue
  Successfully closed issue #20755 as duplicate and removed label using GraphQL
  ✓ Issue #20755 updated successfully
Processing issue #20747: Ignore specific property in a query
  Found marked_as_duplicate event at 4/24/2020 6:48:35 PM +00:00
  Found canonical issue #1387 from event details
  Found canonical issue via GraphQL event details
  Found duplicate reference, linking to canonical issue
  Successfully closed issue #20747 as duplicate and removed label using GraphQL
  ✓ Issue #20747 updated successfully
Processing issue #20744: Navigation properties without foreign keys
  Found marked_as_duplicate event at 4/24/2020 4:45:10 PM +00:00
  Found canonical issue #15854 from event details
  Found canonical issue via GraphQL event details
  Found duplicate reference, linking to canonical issue
  Successfully closed issue #20744 as duplicate and removed label using GraphQL
  ✓ Issue #20744 updated successfully
Processing issue #20732: EF Core 3.1 query generation with long being used as a string value generates cast to nvarchar(3)
  Successfully closed issue #20732 as duplicate and removed label using GraphQL
  ✓ Issue #20732 updated successfully
Processing issue #20733: Returns must be changed
  Successfully closed issue #20733 as duplicate and removed label using GraphQL
  ✓ Issue #20733 updated successfully
Processing issue #20717: Error by using include command from SQL-Server: maximum of 8060
  Successfully closed issue #20717 as duplicate and removed label using GraphQL
  ✓ Issue #20717 updated successfully
Processing issue #20701: Entity mapping from mutilple query
  Found marked_as_duplicate event at 4/21/2020 2:18:43 PM +00:00
  Found canonical issue #18719 from event details
  Found canonical issue via GraphQL event details
  Found duplicate reference, linking to canonical issue
  Successfully closed issue #20701 as duplicate and removed label using GraphQL
  ✓ Issue #20701 updated successfully
Processing issue #20691: "auto-generated" doc-tag in migrations
  Found marked_as_duplicate event at 4/20/2020 3:32:41 PM +00:00
  Found canonical issue #10203 from event details
  Found canonical issue via GraphQL event details
  Found duplicate reference, linking to canonical issue
  Successfully closed issue #20691 as duplicate and removed label using GraphQL
  ✓ Issue #20691 updated successfully
Processing issue #20671: When implementing a custom value generator, it's not clear how to implement async version
  Successfully closed issue #20671 as duplicate and removed label using GraphQL
  ✓ Issue #20671 updated successfully
Processing issue #20667: Reverse engineer Keyless attribute ?
  Successfully closed issue #20667 as duplicate and removed label using GraphQL
  ✓ Issue #20667 updated successfully
Processing issue #20666: Migration generates bad columns for HasData
  Found marked_as_duplicate event at 7/22/2020 7:16:47 PM +00:00
  Found canonical issue #21244 from event details
  Found canonical issue via GraphQL event details
  Found duplicate reference, linking to canonical issue
  Successfully closed issue #20666 as duplicate and removed label using GraphQL
  ✓ Issue #20666 updated successfully
Processing issue #20660: EfCore 3.1 Query Translation Issue: When using into keyword
  Found marked_as_duplicate event at 4/16/2020 4:21:01 PM +00:00
  Found canonical issue #17068 from event details
  Found canonical issue via GraphQL event details
  Found duplicate reference, linking to canonical issue
  Successfully closed issue #20660 as duplicate and removed label using GraphQL
  ✓ Issue #20660 updated successfully
Processing issue #20659: LINQ: comparisonType: OrdinalIgnoreCase.. could not be translated
  Found marked_as_duplicate event at 4/17/2020 4:41:30 PM +00:00
  Found canonical issue #1222 from event details
  Found canonical issue via GraphQL event details
  Found duplicate reference, linking to canonical issue
  Successfully closed issue #20659 as duplicate and removed label using GraphQL
  ✓ Issue #20659 updated successfully
Processing issue #20657: Query: "Null TypeMapping in Sql Tree" for ternary operator
  Found marked_as_duplicate event at 4/16/2020 5:18:12 PM +00:00
  Found canonical issue #19435 from event details
  Found canonical issue via GraphQL event details
  Found duplicate reference, linking to canonical issue
  Successfully closed issue #20657 as duplicate and removed label using GraphQL
  ✓ Issue #20657 updated successfully
Processing issue #20654: Cosmos: Fluent mapping of class PK using .ToJsonProperty("id") throw alternate key property 'id' is null exception
  Successfully closed issue #20654 as duplicate and removed label using GraphQL
  ✓ Issue #20654 updated successfully
Processing issue #20648: Multiple entity insert in single transaction, unique key violation fires ConcurrencyException
  Found marked_as_duplicate event at 4/15/2020 4:50:32 PM +00:00
  Found canonical issue #20649 from event details
  Found canonical issue via GraphQL event details
  Found duplicate reference, linking to canonical issue
  Successfully closed issue #20648 as duplicate and removed label using GraphQL
  ✓ Issue #20648 updated successfully
Processing issue #20647: InMemory provider does not use value converters
  Found marked_as_duplicate event at 4/15/2020 4:57:13 PM +00:00
  Found canonical issue #14042 from event details
  Found canonical issue via GraphQL event details
  Found duplicate reference, linking to canonical issue
  Successfully closed issue #20647 as duplicate and removed label using GraphQL
  ✓ Issue #20647 updated successfully
Processing issue #20645: Setting default value to enum property leads to getting that value assigned to that property after calling SaveChanges whether or not it's being set
  Successfully closed issue #20645 as duplicate and removed label using GraphQL
  ✓ Issue #20645 updated successfully
Processing issue #20641: Filter records by collection of parameter sets
  Found marked_as_duplicate event at 4/15/2020 12:51:01 PM +00:00
  Found canonical issue #19070 from event details
  Found canonical issue via GraphQL event details
  Found duplicate reference, linking to canonical issue
  Successfully closed issue #20641 as duplicate and removed label using GraphQL
  ✓ Issue #20641 updated successfully
Processing issue #20625: Trigger for Timestamp automaticaly generated by SQLite provider
  Successfully closed issue #20625 as duplicate and removed label using GraphQL
  ✓ Issue #20625 updated successfully
Processing issue #20615: Support arrays of related entity types
  Successfully closed issue #20615 as duplicate and removed label using GraphQL
  ✓ Issue #20615 updated successfully
Processing issue #20614: SQL Server: Map array of primitives to separate table
  Found marked_as_duplicate event at 4/14/2020 8:34:24 PM +00:00
  Found canonical issue #4179 from event details
  Found canonical issue via GraphQL event details
  Found duplicate reference, linking to canonical issue
  Successfully closed issue #20614 as duplicate and removed label using GraphQL
  ✓ Issue #20614 updated successfully
Processing issue #20601: Migration trying to drop the 'Discriminator' column even if it doesn't exist
  Successfully closed issue #20601 as duplicate and removed label using GraphQL
  ✓ Issue #20601 updated successfully
Processing issue #20600: Not possible to asynchronously define schema name at runtime
  Successfully closed issue #20600 as duplicate and removed label using GraphQL
  ✓ Issue #20600 updated successfully
Processing issue #20593: Customizable scaffolding
  Found marked_as_duplicate event at 4/13/2020 4:50:13 PM +00:00
  Found canonical issue #4038 from event details
  Found canonical issue via GraphQL event details
  Found duplicate reference, linking to canonical issue
  Successfully closed issue #20593 as duplicate and removed label using GraphQL
  ✓ Issue #20593 updated successfully
Processing issue #20591: Strongly typed ids with database generated values / or High-Low sequence generated values
  Successfully closed issue #20591 as duplicate and removed label using GraphQL
  ✓ Issue #20591 updated successfully
Processing issue #20587: Support for logging Request Unit charge for Cosmos provider
  Found marked_as_duplicate event at 4/13/2020 8:14:08 PM +00:00
  Found canonical issue #17298 from event details
  Found canonical issue via GraphQL event details
  Found duplicate reference, linking to canonical issue
  Successfully closed issue #20587 as duplicate and removed label using GraphQL
  ✓ Issue #20587 updated successfully
Processing issue #20582: Support value conversions from two properties into one column
  Found marked_as_duplicate event at 7/12/2023 2:17:23 AM +00:00
  Found canonical issue #31234 from event details
  Found canonical issue via GraphQL event details
  Found duplicate reference, linking to canonical issue
  Successfully closed issue #20582 as duplicate and removed label using GraphQL
  ✓ Issue #20582 updated successfully
Processing issue #20559: Sum function - cannot perform an aggregate function on an expression containing an aggregate or a subquery
  Found marked_as_duplicate event at 7/20/2024 1:51:11 PM +00:00
  Found canonical issue #34256 from event details
  Found canonical issue via GraphQL event details
  Found duplicate reference, linking to canonical issue
  Successfully closed issue #20559 as duplicate and removed label using GraphQL
  ✓ Issue #20559 updated successfully
Processing issue #20552: Allow skip navigations for 1-1
  Successfully closed issue #20552 as duplicate and removed label using GraphQL
  ✓ Issue #20552 updated successfully
Processing issue #20550: DateTime.AddHours(Double) having its parameter casted to int in SQL query
  Found marked_as_duplicate event at 4/6/2020 10:32:11 PM +00:00
  Found canonical issue #11794 from event details
  Found canonical issue via GraphQL event details
  Found duplicate reference, linking to canonical issue
  Successfully closed issue #20550 as duplicate and removed label using GraphQL
  ✓ Issue #20550 updated successfully
Processing issue #20549: To change the IDENTITY property of a column, the column needs to be dropped and recreated
  Found marked_as_duplicate event at 4/7/2020 4:28:05 PM +00:00
  Found canonical issue #2100 from event details
  Found canonical issue via GraphQL event details
  Found duplicate reference, linking to canonical issue
  Successfully closed issue #20549 as duplicate and removed label using GraphQL
  ✓ Issue #20549 updated successfully
Processing issue #20546: InvalidOperationException when transalating LINQ query having Count() with predicate for GroupBy.
  Found marked_as_duplicate event at 4/6/2020 11:32:22 PM +00:00
  Found canonical issue #18836 from event details
  Found canonical issue via GraphQL event details
  Found duplicate reference, linking to canonical issue
  Successfully closed issue #20546 as duplicate and removed label using GraphQL
  ✓ Issue #20546 updated successfully
Processing issue #20541: Extra join in query for value objects in Entity framework Core
  Found marked_as_duplicate event at 4/6/2020 10:24:53 PM +00:00
  Found canonical issue #18299 from event details
  Found canonical issue via GraphQL event details
  Found duplicate reference, linking to canonical issue
  Successfully closed issue #20541 as duplicate and removed label using GraphQL
  ✓ Issue #20541 updated successfully
Processing issue #20527: Error in SequentialGuidGenerator
  Found marked_as_duplicate event at 4/13/2020 1:06:34 PM +00:00
  Found canonical issue #19124 from event details
  Found canonical issue via GraphQL event details
  Found duplicate reference, linking to canonical issue
  Successfully closed issue #20527 as duplicate and removed label using GraphQL
  ✓ Issue #20527 updated successfully
Processing issue #20514: EFCore.Cosmos - RequestCharge
  Found marked_as_duplicate event at 4/3/2020 6:21:13 PM +00:00
  Found canonical issue #17298 from event details
  Found canonical issue via GraphQL event details
  Found duplicate reference, linking to canonical issue
  Successfully closed issue #20514 as duplicate and removed label using GraphQL
  ✓ Issue #20514 updated successfully
Processing issue #20512: TPH, entity discriminator with multiple values.
  Successfully closed issue #20512 as duplicate and removed label using GraphQL
  ✓ Issue #20512 updated successfully
Processing issue #20511: EFCore 3.0 - LINQ expression 'Last()' could not be translated
  Successfully closed issue #20511 as duplicate and removed label using GraphQL
  ✓ Issue #20511 updated successfully
Processing issue #20505: Invalid SQL generated with 3.1
  Successfully closed issue #20505 as duplicate and removed label using GraphQL
  ✓ Issue #20505 updated successfully
Processing issue #20490: EFCoreColumnOrder not working as expected
  Successfully closed issue #20490 as duplicate and removed label using GraphQL
  ✓ Issue #20490 updated successfully
Processing issue #20488: Table splitting is not being used by default for owned types
  Found marked_as_duplicate event at 4/1/2020 8:37:37 PM +00:00
  Found canonical issue #19279 from event details
  Found canonical issue via GraphQL event details
  Found duplicate reference, linking to canonical issue
  Successfully closed issue #20488 as duplicate and removed label using GraphQL
  ✓ Issue #20488 updated successfully
Processing issue #20479: Unable to use Microsoft.Azure.Cosmos.Spatial.Point in Entity Getting System.InvalidOperationException
  Found marked_as_duplicate event at 3/31/2020 6:01:23 PM +00:00
  Found canonical issue #17317 from event details
  Found canonical issue via GraphQL event details
  Found duplicate reference, linking to canonical issue
  Successfully closed issue #20479 as duplicate and removed label using GraphQL
  ✓ Issue #20479 updated successfully
Processing issue #20493: DbSet<TEntity>.FindAsync() returns ValueTask<TEntity> instead of ValueTask<TEntity?>
  Found marked_as_duplicate event at 4/2/2020 3:09:06 PM +00:00
  Found canonical issue #19007 from event details
  Found canonical issue via GraphQL event details
  Found duplicate reference, linking to canonical issue
  Successfully closed issue #20493 as duplicate and removed label using GraphQL
  ✓ Issue #20493 updated successfully
Processing issue #20465: Default values
  Found marked_as_duplicate event at 9/20/2020 6:27:11 PM +00:00
  Found canonical issue #17574 from event details
  Found canonical issue via GraphQL event details
  Found duplicate reference, linking to canonical issue
  Successfully closed issue #20465 as duplicate and removed label using GraphQL
  ✓ Issue #20465 updated successfully
Processing issue #20455: Sum on nested collections cannot be translated.
  Successfully closed issue #20455 as duplicate and removed label using GraphQL
  ✓ Issue #20455 updated successfully
Processing issue #20443: Use of List of Ints in query forces the use Client Evaluation
  Found marked_as_duplicate event at 3/27/2020 10:49:16 PM +00:00
  Found canonical issue #19070 from event details
  Found canonical issue via GraphQL event details
  Found duplicate reference, linking to canonical issue
  Successfully closed issue #20443 as duplicate and removed label using GraphQL
  ✓ Issue #20443 updated successfully
Processing issue #20421: Owned type change not persisting if original data is null
  Successfully closed issue #20421 as duplicate and removed label using GraphQL
  ✓ Issue #20421 updated successfully
Processing issue #20419: Fix disambiguity in System.Linq extension methods when using EF Core 3.1
  Found marked_as_duplicate event at 3/27/2020 4:43:49 PM +00:00
  Found canonical issue #18124 from event details
  Found canonical issue via GraphQL event details
  Found duplicate reference, linking to canonical issue
  Successfully closed issue #20419 as duplicate and removed label using GraphQL
  ✓ Issue #20419 updated successfully
Processing issue #20415: SqlHierarchyId work in efcore 2 but not working in efcore3
  Successfully closed issue #20415 as duplicate and removed label using GraphQL
  ✓ Issue #20415 updated successfully
Processing issue #20411: Migrations uses IndentedStringBuilder in public API
  Successfully closed issue #20411 as duplicate and removed label using GraphQL
  ✓ Issue #20411 updated successfully
Processing issue #20407: SqlServer provider translates StartsWith/EndsWith using TSQL LEN which ignores trailing whitespace
  Found marked_as_duplicate event at 3/25/2020 3:48:27 PM +00:00
  Found canonical issue #19402 from event details
  Found canonical issue via GraphQL event details
  Found duplicate reference, linking to canonical issue
  Successfully closed issue #20407 as duplicate and removed label using GraphQL
  ✓ Issue #20407 updated successfully
Processing issue #20397: Prevent Entity Framework adding ORDER BY when using Include
  Found marked_as_duplicate event at 10/18/2023 10:56:19 AM +00:00
  Found canonical issue #29171 from event details
  Found canonical issue via GraphQL event details
  Found duplicate reference, linking to canonical issue
  Successfully closed issue #20397 as duplicate and removed label using GraphQL
  ✓ Issue #20397 updated successfully
Processing issue #20328: Simple scalar group by does not work
  Successfully closed issue #20328 as duplicate and removed label using GraphQL
  ✓ Issue #20328 updated successfully
Processing issue #20320: Cosmos throwing error when partitionKey defined as Key as well
  Found marked_as_duplicate event at 3/18/2020 3:34:51 AM +00:00
  Found canonical issue #18428 from event details
  Found canonical issue via GraphQL event details
  Found duplicate reference, linking to canonical issue
  Successfully closed issue #20320 as duplicate and removed label using GraphQL
  ✓ Issue #20320 updated successfully
Processing issue #20309: Use COUNT with group by and then join causes error
  Found marked_as_duplicate event at 3/17/2020 12:17:44 PM +00:00
  Found canonical issue #19202 from event details
  Found canonical issue via GraphQL event details
  Found duplicate reference, linking to canonical issue
  Successfully closed issue #20309 as duplicate and removed label using GraphQL
  ✓ Issue #20309 updated successfully
Processing issue #20292: Improve exception when defining a relationship to a keyless entity type
  Found marked_as_duplicate event at 3/20/2020 4:12:54 AM +00:00
  Found canonical issue #18149 from event details
  Found canonical issue via GraphQL event details
  Found duplicate reference, linking to canonical issue
  Successfully closed issue #20292 as duplicate and removed label using GraphQL
  ✓ Issue #20292 updated successfully
Processing issue #20286: [Sqlite] [iOS] Value cannot be null parameter name : key
  Successfully closed issue #20286 as duplicate and removed label using GraphQL
  ✓ Issue #20286 updated successfully
Processing issue #20264: Scafolding Table / View
  Successfully closed issue #20264 as duplicate and removed label using GraphQL
  ✓ Issue #20264 updated successfully
Processing issue #20262: Problem with applying odata filter on IQueryable
  Successfully closed issue #20262 as duplicate and removed label using GraphQL
  ✓ Issue #20262 updated successfully
Processing issue #20270: OnModelCreating instead of OnConfiguring
  Successfully closed issue #20270 as duplicate and removed label using GraphQL
  ✓ Issue #20270 updated successfully
Processing issue #20251: Empty collection after eager loading only on .ToList() but .Single() works fine
  Found marked_as_duplicate event at 3/11/2020 3:33:21 PM +00:00
  Found canonical issue #18672 from event details
  Found canonical issue via GraphQL event details
  Found duplicate reference, linking to canonical issue
  Successfully closed issue #20251 as duplicate and removed label using GraphQL
  ✓ Issue #20251 updated successfully
Processing issue #20241: InvalidOperationException: Processing of the LINQ expression 's => s     .GroupBy(t => t.Column2)     .AsQueryable()     .FirstOrDefault()' by 'NavigationExpandingExpressionVisitor' failed. This may indicate either a bug or a limitation in EF Core.
  Found marked_as_duplicate event at 3/13/2020 6:01:07 PM +00:00
  Found canonical issue #12088 from event details
  Found canonical issue via GraphQL event details
  Found duplicate reference, linking to canonical issue
  Successfully closed issue #20241 as duplicate and removed label using GraphQL
  ✓ Issue #20241 updated successfully
Processing issue #20240: Using Max( ) is not working after upgrading from 2.2 to 3.1.
  Successfully closed issue #20240 as duplicate and removed label using GraphQL
  ✓ Issue #20240 updated successfully
Processing issue #20237: The LINQ expression could not be translated
  Successfully closed issue #20237 as duplicate and removed label using GraphQL
  ✓ Issue #20237 updated successfully
Processing issue #20226: LINQ expression can't be translated in unit test only
  Successfully closed issue #20226 as duplicate and removed label using GraphQL
  ✓ Issue #20226 updated successfully
Processing issue #20213: EF core 3.1.1 - owned entity proxy problem
  Successfully closed issue #20213 as duplicate and removed label using GraphQL
  ✓ Issue #20213 updated successfully
Processing issue #20211: Feature Request: Savepoints
  Found marked_as_duplicate event at 6/4/2020 8:24:11 PM +00:00
  Found canonical issue #20176 from event details
  Found canonical issue via GraphQL event details
  Found duplicate reference, linking to canonical issue
  Successfully closed issue #20211 as duplicate and removed label using GraphQL
  ✓ Issue #20211 updated successfully
Processing issue #20191: Linq RemoveRange, allow use of join with fields matching
  Found marked_as_duplicate event at 3/6/2020 1:59:30 AM +00:00
  Found canonical issue #795 from event details
  Found canonical issue via GraphQL event details
  Found duplicate reference, linking to canonical issue
  Successfully closed issue #20191 as duplicate and removed label using GraphQL
  ✓ Issue #20191 updated successfully
Successfully processed 100 issues
Processing issues in dotnet/efcore...
Found 100 issues with 'closed-duplicate' label
Processing issue #20181: Can't translate OrderBy on a generic method
  Found marked_as_duplicate event at 3/16/2020 11:15:41 PM +00:00
  Found canonical issue #20097 from event details
  Found canonical issue via GraphQL event details
  Found duplicate reference, linking to canonical issue
  Successfully closed issue #20181 as duplicate and removed label using GraphQL
  ✓ Issue #20181 updated successfully
Processing issue #20179: Can't translate property AS Nullable<double>
  Successfully closed issue #20179 as duplicate and removed label using GraphQL
  ✓ Issue #20179 updated successfully
Processing issue #20170: Why ReadItemAsync is not used to search an item by id and partition key?
  Found marked_as_duplicate event at 3/6/2020 4:47:21 AM +00:00
  Found canonical issue #17310 from event details
  Found canonical issue via GraphQL event details
  Found duplicate reference, linking to canonical issue
  Successfully closed issue #20170 as duplicate and removed label using GraphQL
  ✓ Issue #20170 updated successfully
Processing issue #20148: Property configured as 'Optional' with nullable backing field throws
  Successfully closed issue #20148 as duplicate and removed label using GraphQL
  ✓ Issue #20148 updated successfully
Processing issue #20137: Sum on empty list
  Successfully closed issue #20137 as duplicate and removed label using GraphQL
  ✓ Issue #20137 updated successfully
Processing issue #20134: Generated SQL queries have more than 10 levels of nestings using CASE and violate "SQL Server allows for only 10 levels of nesting in CASE expressions."
  Successfully closed issue #20134 as duplicate and removed label using GraphQL
  ✓ Issue #20134 updated successfully
Processing issue #20133: Cosmos DB Provider Identity Issues
  Found marked_as_duplicate event at 3/3/2020 7:37:17 AM +00:00
  Found canonical issue #15242 from event details
  Found canonical issue via GraphQL event details
  Found duplicate reference, linking to canonical issue
  Successfully closed issue #20133 as duplicate and removed label using GraphQL
  ✓ Issue #20133 updated successfully
Processing issue #20125: Object ID key value as autoincrement int 
  Found marked_as_duplicate event at 3/2/2020 10:15:22 PM +00:00
  Found canonical issue #11597 from event details
  Found canonical issue via GraphQL event details
  Found duplicate reference, linking to canonical issue
  Successfully closed issue #20125 as duplicate and removed label using GraphQL
  ✓ Issue #20125 updated successfully
Processing issue #20115: NRE thrown when running migrations with incorrect store type
  Successfully closed issue #20115 as duplicate and removed label using GraphQL
  ✓ Issue #20115 updated successfully
Processing issue #20110: Can't update boolean property from True to False in Owned Entity
  Successfully closed issue #20110 as duplicate and removed label using GraphQL
  ✓ Issue #20110 updated successfully
Processing issue #20109: Owned entity (in same table) generates LEFT JOIN
  Found marked_as_duplicate event at 3/2/2020 10:04:03 PM +00:00
  Found canonical issue #18299 from event details
  Found canonical issue via GraphQL event details
  Found duplicate reference, linking to canonical issue
  Successfully closed issue #20109 as duplicate and removed label using GraphQL
  ✓ Issue #20109 updated successfully
Processing issue #20103: Scaffold even when project or startup project cannot build
  Successfully closed issue #20103 as duplicate and removed label using GraphQL
  ✓ Issue #20103 updated successfully
Processing issue #20102: Update nested collection (using mapper between viewmodels and entities)
  Successfully closed issue #20102 as duplicate and removed label using GraphQL
  ✓ Issue #20102 updated successfully
Processing issue #20101: "Specified filter criteria was invalid" on ToDictionary in Select
  Successfully closed issue #20101 as duplicate and removed label using GraphQL
  ✓ Issue #20101 updated successfully
Processing issue #20100: UWP Microsoft.Data.Sqlite problem version > 2.2.6
  Successfully closed issue #20100 as duplicate and removed label using GraphQL
  ✓ Issue #20100 updated successfully
Processing issue #20084: EF.Functions.Contains(...) and nested queries
  Successfully closed issue #20084 as duplicate and removed label using GraphQL
  ✓ Issue #20084 updated successfully
Processing issue #20082: The LINQ expression ... could not be translated
  Found marked_as_duplicate event at 2/28/2020 6:27:12 PM +00:00
  Found canonical issue #12088 from event details
  Found canonical issue via GraphQL event details
  Found duplicate reference, linking to canonical issue
  Successfully closed issue #20082 as duplicate and removed label using GraphQL
  ✓ Issue #20082 updated successfully
Processing issue #20078: Query: constant values sometimes get incorrectly parameterized which may lead to issue when the parameter value doesn't match the expected type mapping
  Found marked_as_duplicate event at 3/5/2020 11:18:54 PM +00:00
  Found canonical issue #19503 from event details
  Found canonical issue via GraphQL event details
  Found duplicate reference, linking to canonical issue
  Successfully closed issue #20078 as duplicate and removed label using GraphQL
  ✓ Issue #20078 updated successfully
Processing issue #20057: string.Contains Lambda Where Expression fails EF Core 3.1
  Successfully closed issue #20057 as duplicate and removed label using GraphQL
  ✓ Issue #20057 updated successfully
Processing issue #20052: Map DbFunction to aggregate
  Found marked_as_duplicate event at 6/26/2020 2:28:38 PM +00:00
  Found canonical issue #11850 from event details
  Found canonical issue via GraphQL event details
  Found duplicate reference, linking to canonical issue
  Successfully closed issue #20052 as duplicate and removed label using GraphQL
  ✓ Issue #20052 updated successfully
Processing issue #20000: Foreign key will be set to null when entity will be detached (but not the related object itself)
  Successfully closed issue #20000 as duplicate and removed label using GraphQL
  ✓ Issue #20000 updated successfully
Processing issue #19997: "InvalidOperationException: EF.Property called [...]" when using nested projection with conditions
  Successfully closed issue #19997 as duplicate and removed label using GraphQL
  ✓ Issue #19997 updated successfully
Processing issue #19995: Scaffold-DbContext generated code conflicts with 'System' namespace classes
  Successfully closed issue #19995 as duplicate and removed label using GraphQL
  ✓ Issue #19995 updated successfully
Processing issue #19984: Adding an Entity Graph with sub-n-level entities with the same Id results in error - Breaking Change
  Successfully closed issue #19984 as duplicate and removed label using GraphQL
  ✓ Issue #19984 updated successfully
Processing issue #19983: Dynamically created query cannot be translated, when a referenced member is declared in the base type.
  Found marked_as_duplicate event at 2/21/2020 1:01:45 AM +00:00
  Found canonical issue #19087 from event details
  Found canonical issue via GraphQL event details
  Found duplicate reference, linking to canonical issue
  Successfully closed issue #19983 as duplicate and removed label using GraphQL
  ✓ Issue #19983 updated successfully
Processing issue #19982: Evaluating decimal values in LINQ expressions fails
  Successfully closed issue #19982 as duplicate and removed label using GraphQL
  ✓ Issue #19982 updated successfully
Processing issue #19978: VS2019 + UWP + EF v 3.1.1 Broken
  Successfully closed issue #19978 as duplicate and removed label using GraphQL
  ✓ Issue #19978 updated successfully
Processing issue #19977: VS2019 + UWP + EF v 2.2.6 Broken
  Successfully closed issue #19977 as duplicate and removed label using GraphQL
  ✓ Issue #19977 updated successfully
Processing issue #19969: Skip navigations lazy-loading support
  Successfully closed issue #19969 as duplicate and removed label using GraphQL
  ✓ Issue #19969 updated successfully
Processing issue #19966: Entity Framework build weird SQL when querying a Custom ValueConverter
  Successfully closed issue #19966 as duplicate and removed label using GraphQL
  ✓ Issue #19966 updated successfully
Processing issue #19956: Cosmos Nested List Issue
  Successfully closed issue #19956 as duplicate and removed label using GraphQL
  ✓ Issue #19956 updated successfully
Processing issue #19955: There is an entry for table "r", but it cannot be referenced from this part of the query.
  Successfully closed issue #19955 as duplicate and removed label using GraphQL
  ✓ Issue #19955 updated successfully
Processing issue #19946: EF Core 3.1.0 Linq query selects unwanted fields when global filter is applied
  Found marked_as_duplicate event at 2/18/2020 10:09:43 PM +00:00
  Found canonical issue #17161 from event details
  Found canonical issue via GraphQL event details
  Found duplicate reference, linking to canonical issue
  Successfully closed issue #19946 as duplicate and removed label using GraphQL
  ✓ Issue #19946 updated successfully
Processing issue #19926: Trying to understand why setting a entity to detached can alter the loaded classes 
  Successfully closed issue #19926 as duplicate and removed label using GraphQL
  ✓ Issue #19926 updated successfully
Processing issue #19925: Set operations over different store types are currently unsupported
  Found marked_as_duplicate event at 2/14/2020 7:14:27 PM +00:00
  Found canonical issue #15586 from event details
  Found canonical issue via GraphQL event details
  Found duplicate reference, linking to canonical issue
  Successfully closed issue #19925 as duplicate and removed label using GraphQL
  ✓ Issue #19925 updated successfully
Processing issue #19910: Make JsonSerializer and EF Core compatible out of the box
  Successfully closed issue #19910 as duplicate and removed label using GraphQL
  ✓ Issue #19910 updated successfully
Processing issue #19909: EF Core 3.1 KeyNotFoundException 'The given key 'Id' was not present in the dictionary.'
  Found marked_as_duplicate event at 2/13/2020 8:17:04 PM +00:00
  Found canonical issue #18812 from event details
  Found canonical issue via GraphQL event details
  Found duplicate reference, linking to canonical issue
  Successfully closed issue #19909 as duplicate and removed label using GraphQL
  ✓ Issue #19909 updated successfully
Processing issue #19907: Using a Geography (NetTopologySuite) in an owned type causes a SQL error
  Successfully closed issue #19907 as duplicate and removed label using GraphQL
  ✓ Issue #19907 updated successfully
Processing issue #19906: Support Scoped ConnectionString with DbContextPool and Managed Identity
  Successfully closed issue #19906 as duplicate and removed label using GraphQL
  ✓ Issue #19906 updated successfully
Processing issue #19905: Cosmos: allow to specify a custom Json serializer and serialization options
  Found marked_as_duplicate event at 2/13/2020 7:02:30 PM +00:00
  Found canonical issue #17306 from event details
  Found canonical issue via GraphQL event details
  Found duplicate reference, linking to canonical issue
  Successfully closed issue #19905 as duplicate and removed label using GraphQL
  ✓ Issue #19905 updated successfully
Processing issue #19893: Sqlite v3.1.1: "Library e_sqlite3 not found" (on net48 and xunit.runner.visualstudio v2.4.1)
  Found marked_as_duplicate event at 2/14/2020 11:10:43 PM +00:00
  Found canonical issue #19396 from event details
  Found canonical issue via GraphQL event details
  Found duplicate reference, linking to canonical issue
  Successfully closed issue #19893 as duplicate and removed label using GraphQL
  ✓ Issue #19893 updated successfully
Processing issue #19892: EF Core 3.1 does not track owned entity in some cases
  Found marked_as_duplicate event at 2/13/2020 8:13:17 PM +00:00
  Found canonical issue #18007 from event details
  Found canonical issue via GraphQL event details
  Found duplicate reference, linking to canonical issue
  Successfully closed issue #19892 as duplicate and removed label using GraphQL
  ✓ Issue #19892 updated successfully
Processing issue #19889: Column Order in EF Core 3.0.1
  Found marked_as_duplicate event at 2/14/2020 9:29:43 PM +00:00
  Found canonical issue #10059 from event details
  Found canonical issue via GraphQL event details
  Found duplicate reference, linking to canonical issue
  Successfully closed issue #19889 as duplicate and removed label using GraphQL
  ✓ Issue #19889 updated successfully
Processing issue #19860: Compilation perf: consider caching hash codes for immutable query expression node types
  Found marked_as_duplicate event at 8/22/2024 9:20:29 AM +00:00
  Found canonical issue #34149 from event details
  Found canonical issue via GraphQL event details
  Found duplicate reference, linking to canonical issue
  Successfully closed issue #19860 as duplicate and removed label using GraphQL
  ✓ Issue #19860 updated successfully
Processing issue #19852: EF core throws exception while using HasValue with nullable int 
  Successfully closed issue #19852 as duplicate and removed label using GraphQL
  ✓ Issue #19852 updated successfully
Processing issue #19847: Lazy-loading of an owned entity throws
  Successfully closed issue #19847 as duplicate and removed label using GraphQL
  ✓ Issue #19847 updated successfully
Processing issue #19845: I can't add a defining query that uses a left join 
  Successfully closed issue #19845 as duplicate and removed label using GraphQL
  ✓ Issue #19845 updated successfully
Processing issue #19838: EF.Property called with wrong property name when using System.Linq.Dynamic.Core OrderBy on multiple columns
  Found marked_as_duplicate event at 2/8/2020 12:48:15 AM +00:00
  Found canonical issue #18904 from event details
  Found canonical issue via GraphQL event details
  Found duplicate reference, linking to canonical issue
  Successfully closed issue #19838 as duplicate and removed label using GraphQL
  ✓ Issue #19838 updated successfully
Processing issue #19826: Distinct done on too much columns for subqueries
  Found marked_as_duplicate event at 4/14/2020 2:36:55 PM +00:00
  Found canonical issue #15873 from event details
  Found canonical issue via GraphQL event details
  Found duplicate reference, linking to canonical issue
  Successfully closed issue #19826 as duplicate and removed label using GraphQL
  ✓ Issue #19826 updated successfully
Processing issue #19816: Play nice with environment variables
  Successfully closed issue #19816 as duplicate and removed label using GraphQL
  ✓ Issue #19816 updated successfully
Processing issue #19813: Group by with composite objects, with join and count of fields cannot be translated to SQL
  Found marked_as_duplicate event at 2/6/2020 2:28:10 PM +00:00
  Found canonical issue #17376 from event details
  Found canonical issue via GraphQL event details
  Found duplicate reference, linking to canonical issue
  Successfully closed issue #19813 as duplicate and removed label using GraphQL
  ✓ Issue #19813 updated successfully
Processing issue #19808: EF Core doesn't auto-renew AAD token?
  Successfully closed issue #19808 as duplicate and removed label using GraphQL
  ✓ Issue #19808 updated successfully
Processing issue #19803: Remove unnecessary where clause when querying a base class
  Successfully closed issue #19803 as duplicate and removed label using GraphQL
  ✓ Issue #19803 updated successfully
Processing issue #19790: Multi Include() query causing output that generates every possible combination of a record.
  Found marked_as_duplicate event at 2/4/2020 5:07:37 PM +00:00
  Found canonical issue #18022 from event details
  Found canonical issue via GraphQL event details
  Found duplicate reference, linking to canonical issue
  Successfully closed issue #19790 as duplicate and removed label using GraphQL
  ✓ Issue #19790 updated successfully
Processing issue #19788: Migrations are not ignored by code analyzers
  Found marked_as_duplicate event at 2/4/2020 5:39:03 PM +00:00
  Found canonical issue #10203 from event details
  Found canonical issue via GraphQL event details
  Found duplicate reference, linking to canonical issue
  Successfully closed issue #19788 as duplicate and removed label using GraphQL
  ✓ Issue #19788 updated successfully
Processing issue #19783: Using Take() in projection no longer generate valid sql query in EF Core 3.1
  Successfully closed issue #19783 as duplicate and removed label using GraphQL
  ✓ Issue #19783 updated successfully
Processing issue #19779: Unexpected behavior using Table Splitting
  Successfully closed issue #19779 as duplicate and removed label using GraphQL
  ✓ Issue #19779 updated successfully
Processing issue #19768: Generate models for Views and Stored Procedures
  Successfully closed issue #19768 as duplicate and removed label using GraphQL
  ✓ Issue #19768 updated successfully
Processing issue #19765: ValueGeneratedOnUpdate() and ValueGeneratedOnAddOrUpdate() not working for DateTimeOffset property
  Successfully closed issue #19765 as duplicate and removed label using GraphQL
  ✓ Issue #19765 updated successfully
Processing issue #19758: Full-text search for a word with a prefix/suffix (Prefix/Suffix Term)
  Successfully closed issue #19758 as duplicate and removed label using GraphQL
  ✓ Issue #19758 updated successfully
Processing issue #19757: Full-text search for a word with a prefix/suffix (Prefix/Suffix Term)
  Successfully closed issue #19757 as duplicate and removed label using GraphQL
  ✓ Issue #19757 updated successfully
Processing issue #19752: Many to many relation RemoveRange behavior
  Successfully closed issue #19752 as duplicate and removed label using GraphQL
  ✓ Issue #19752 updated successfully
Processing issue #19751: GetTableName() for InMemory provider isn't working as expected
  Successfully closed issue #19751 as duplicate and removed label using GraphQL
  ✓ Issue #19751 updated successfully
Processing issue #19750: Null object instead null fields
  Found marked_as_duplicate event at 1/30/2020 4:40:40 PM +00:00
  Found canonical issue #19537 from event details
  Found canonical issue via GraphQL event details
  Found duplicate reference, linking to canonical issue
  Successfully closed issue #19750 as duplicate and removed label using GraphQL
  ✓ Issue #19750 updated successfully
Processing issue #19733: Better translation of string comparison
  Successfully closed issue #19733 as duplicate and removed label using GraphQL
  ✓ Issue #19733 updated successfully
Processing issue #19719: Update owned entity won't generate concurrency token (RowVersion) refresh
  Successfully closed issue #19719 as duplicate and removed label using GraphQL
  ✓ Issue #19719 updated successfully
Processing issue #19713: Using enums a cast exception is thrown
  Successfully closed issue #19713 as duplicate and removed label using GraphQL
  ✓ Issue #19713 updated successfully
Processing issue #19704: DefaultIfEmpty fails if default value specified
  Successfully closed issue #19704 as duplicate and removed label using GraphQL
  ✓ Issue #19704 updated successfully
Processing issue #19695: End-to-end soft delete
  Found marked_as_duplicate event at 10/20/2022 6:28:24 AM +00:00
  Found canonical issue #4025 from event details
  Found canonical issue via GraphQL event details
  Found duplicate reference, linking to canonical issue
  Successfully closed issue #19695 as duplicate and removed label using GraphQL
  ✓ Issue #19695 updated successfully
Processing issue #19679: Type-Generic Where Clause unable to be translated when using projections (EF Core 3.1.1)
  Found marked_as_duplicate event at 2/10/2020 8:09:06 PM +00:00
  Found canonical issue #19087 from event details
  Found canonical issue via GraphQL event details
  Found duplicate reference, linking to canonical issue
  Successfully closed issue #19679 as duplicate and removed label using GraphQL
  ✓ Issue #19679 updated successfully
Processing issue #19663: Client side GroupBy is not supported in EF 3.0
  Successfully closed issue #19663 as duplicate and removed label using GraphQL
  ✓ Issue #19663 updated successfully
Processing issue #19659: Owned entity of detached entity is not repopulated properly after query in same context
  Successfully closed issue #19659 as duplicate and removed label using GraphQL
  ✓ Issue #19659 updated successfully
Processing issue #19658: Re-Opening Accessing virtual property on Constructor via Proxy causes DetachedLazyLoadingWarning Error 
  Successfully closed issue #19658 as duplicate and removed label using GraphQL
  ✓ Issue #19658 updated successfully
Processing issue #19652: DbContext.Entry().Reference().LoadAsync() considers added entity as Detached
  Successfully closed issue #19652 as duplicate and removed label using GraphQL
  ✓ Issue #19652 updated successfully
Processing issue #19639: "Enumerator failed to MoveNextAsync" when using SingleOrDefaultAsync - after Save
  Found marked_as_duplicate event at 2/6/2020 9:52:41 PM +00:00
  Found canonical issue #18742 from event details
  Found canonical issue via GraphQL event details
  Found duplicate reference, linking to canonical issue
  Successfully closed issue #19639 as duplicate and removed label using GraphQL
  ✓ Issue #19639 updated successfully
Processing issue #19636: IEnumerable and ISet in queries with Contains
  Found marked_as_duplicate event at 1/28/2020 2:14:26 PM +00:00
  Found canonical issue #18658 from event details
  Found canonical issue via GraphQL event details
  Found duplicate reference, linking to canonical issue
  Successfully closed issue #19636 as duplicate and removed label using GraphQL
  ✓ Issue #19636 updated successfully
Processing issue #19633:  Unnecessary SQL generation with owned types (value objects)
  Found marked_as_duplicate event at 1/21/2020 11:46:28 PM +00:00
  Found canonical issue #18299 from event details
  Found canonical issue via GraphQL event details
  Found duplicate reference, linking to canonical issue
  Successfully closed issue #19633 as duplicate and removed label using GraphQL
  ✓ Issue #19633 updated successfully
Processing issue #19631: Single round trip updates
  Successfully closed issue #19631 as duplicate and removed label using GraphQL
  ✓ Issue #19631 updated successfully
Processing issue #19627: Cosmos: Getting error while join the EF core 3.0
  Found marked_as_duplicate event at 1/21/2020 11:47:18 PM +00:00
  Found canonical issue #17314 from event details
  Found canonical issue via GraphQL event details
  Found duplicate reference, linking to canonical issue
  Successfully closed issue #19627 as duplicate and removed label using GraphQL
  ✓ Issue #19627 updated successfully
Processing issue #19626: Allow a namespace to be provided to all scaffolding operations
  Found marked_as_duplicate event at 1/21/2020 10:55:14 PM +00:00
  Found canonical issue #9723 from event details
  Found canonical issue via GraphQL event details
  Found duplicate reference, linking to canonical issue
  Successfully closed issue #19626 as duplicate and removed label using GraphQL
  ✓ Issue #19626 updated successfully
Processing issue #19621: HasNoKey() cause migration to generate table 
  Successfully closed issue #19621 as duplicate and removed label using GraphQL
  ✓ Issue #19621 updated successfully
Processing issue #19620: Core 3.1, Ef 2.2.6, Microsoft Sql Server, Insert or Update scenario
  Successfully closed issue #19620 as duplicate and removed label using GraphQL
  ✓ Issue #19620 updated successfully
Processing issue #19615: The navigation '' cannot be added because it targets the keyless entity type '<TableName>'. Navigations can only target entity types with keys.
  Found marked_as_duplicate event at 1/17/2020 4:19:34 PM +00:00
  Found canonical issue #18633 from event details
  Found canonical issue via GraphQL event details
  Found duplicate reference, linking to canonical issue
  Successfully closed issue #19615 as duplicate and removed label using GraphQL
  ✓ Issue #19615 updated successfully
Processing issue #19612: DefaultIfEmpty() + Max() broken again?
  Successfully closed issue #19612 as duplicate and removed label using GraphQL
  ✓ Issue #19612 updated successfully
Processing issue #19602: Index-included properties are treated as columns, not properties
  Found marked_as_duplicate event at 1/17/2020 11:56:41 PM +00:00
  Found canonical issue #14087 from event details
  Found canonical issue via GraphQL event details
  Found duplicate reference, linking to canonical issue
  Successfully closed issue #19602 as duplicate and removed label using GraphQL
  ✓ Issue #19602 updated successfully
Processing issue #19601: Inherited class in DbSet causes exception when using FromSqlRaw to call stored proc
  Found marked_as_duplicate event at 1/16/2020 9:04:31 PM +00:00
  Found canonical issue #18232 from event details
  Found canonical issue via GraphQL event details
  Found duplicate reference, linking to canonical issue
  Successfully closed issue #19601 as duplicate and removed label using GraphQL
  ✓ Issue #19601 updated successfully
Processing issue #19598: Invalid SQL query being generated when passing list of enums
  Found marked_as_duplicate event at 11/30/2020 10:21:22 PM +00:00
  Found canonical issue #16098 from event details
  Found canonical issue via GraphQL event details
  Found duplicate reference, linking to canonical issue
  Successfully closed issue #19598 as duplicate and removed label using GraphQL
  ✓ Issue #19598 updated successfully
Processing issue #19590: [Migrations] EFCore doesn't respect IsRowVersion for properties with conversion to byte[]
  Successfully closed issue #19590 as duplicate and removed label using GraphQL
  ✓ Issue #19590 updated successfully
Processing issue #19585: EF core tools is ignoring appsetttings.Development.json 
  Found marked_as_duplicate event at 1/14/2020 4:54:18 PM +00:00
  Found canonical issue #8695 from event details
  Found canonical issue via GraphQL event details
  Found duplicate reference, linking to canonical issue
  Successfully closed issue #19585 as duplicate and removed label using GraphQL
  ✓ Issue #19585 updated successfully
Processing issue #19583: EF core 3 query LastOrDefault on entity with OwnsOne cannot translate expression 
  Successfully closed issue #19583 as duplicate and removed label using GraphQL
  ✓ Issue #19583 updated successfully
Processing issue #19579: Performance issue query char(10) column using varchar(max)
  Found marked_as_duplicate event at 1/13/2020 4:45:17 PM +00:00
  Found canonical issue #14555 from event details
  Found canonical issue via GraphQL event details
  Found duplicate reference, linking to canonical issue
  Successfully closed issue #19579 as duplicate and removed label using GraphQL
  ✓ Issue #19579 updated successfully
Processing issue #19576: PackAsTool fails with Microsoft.EntityFrameworkCore dependency
  Found marked_as_duplicate event at 1/12/2020 10:08:01 PM +00:00
  Found canonical issue #19542 from event details
  Found canonical issue via GraphQL event details
  Found duplicate reference, linking to canonical issue
  Successfully closed issue #19576 as duplicate and removed label using GraphQL
  ✓ Issue #19576 updated successfully
Processing issue #19565: Create Composite Index using Entity Property and Reference Shadow Property
  Found marked_as_duplicate event at 1/13/2020 6:22:18 PM +00:00
  Found canonical issue #11336 from event details
  Found canonical issue via GraphQL event details
  Found duplicate reference, linking to canonical issue
  Successfully closed issue #19565 as duplicate and removed label using GraphQL
  ✓ Issue #19565 updated successfully
Processing issue #19562: Completely Useless error message when both verbose and/or debug are enabled.
  Found marked_as_duplicate event at 1/13/2020 8:02:00 PM +00:00
  Found canonical issue #12654 from event details
  Found canonical issue via GraphQL event details
  Found duplicate reference, linking to canonical issue
  Successfully closed issue #19562 as duplicate and removed label using GraphQL
  ✓ Issue #19562 updated successfully
Processing issue #19558: Log total number of SQL queries for asp.net request
  Successfully closed issue #19558 as duplicate and removed label using GraphQL
  ✓ Issue #19558 updated successfully
Processing issue #19552: Change detection converting Null to -2147482647 (Int32.Min + 1) on nullable FK . SaveChanges() fails with FK constraint error.
  Successfully closed issue #19552 as duplicate and removed label using GraphQL
  ✓ Issue #19552 updated successfully
Processing issue #19540: Type inference not correct for ToDictionaryAsync
  Found marked_as_duplicate event at 1/9/2020 4:41:06 PM +00:00
  Found canonical issue #19443 from event details
  Found canonical issue via GraphQL event details
  Found duplicate reference, linking to canonical issue
  Successfully closed issue #19540 as duplicate and removed label using GraphQL
  ✓ Issue #19540 updated successfully
Processing issue #19539: Writing SQL queries for non-entity types
  Found marked_as_duplicate event at 1/10/2020 10:45:54 PM +00:00
  Found canonical issue #11624 from event details
  Found canonical issue via GraphQL event details
  Found duplicate reference, linking to canonical issue
  Successfully closed issue #19539 as duplicate and removed label using GraphQL
  ✓ Issue #19539 updated successfully
Processing issue #19525: EF Core 2.2.4 Group By Still Being Evaluated Locally?
  Found marked_as_duplicate event at 1/11/2020 9:53:44 PM +00:00
  Found canonical issue #17068 from event details
  Found canonical issue via GraphQL event details
  Found duplicate reference, linking to canonical issue
  Successfully closed issue #19525 as duplicate and removed label using GraphQL
  ✓ Issue #19525 updated successfully
Processing issue #19570: Project Configuration Manager Properties is blank or null
  Successfully closed issue #19570 as duplicate and removed label using GraphQL
  ✓ Issue #19570 updated successfully
Successfully processed 100 issues
Processing issues in dotnet/efcore...
Found 100 issues with 'closed-duplicate' label
Processing issue #19523: Skip/Take silently removes joins from generated query
  Successfully closed issue #19523 as duplicate and removed label using GraphQL
  ✓ Issue #19523 updated successfully
Processing issue #19520: FromSqlRaw Failing with derived Keyless Entity Types
  Successfully closed issue #19520 as duplicate and removed label using GraphQL
  ✓ Issue #19520 updated successfully
Processing issue #19506: FirstOrDefault()
  Successfully closed issue #19506 as duplicate and removed label using GraphQL
  ✓ Issue #19506 updated successfully
Processing issue #19489: Linq to SQL does not take advantage of 'as' aliases
  Successfully closed issue #19489 as duplicate and removed label using GraphQL
  ✓ Issue #19489 updated successfully
Processing issue #19486: Is there a simple method to get if the database provider is a relational database provider or not?
  Found marked_as_duplicate event at 1/6/2020 5:51:18 PM +00:00
  Found canonical issue #6983 from event details
  Found canonical issue via GraphQL event details
  Found duplicate reference, linking to canonical issue
  Successfully closed issue #19486 as duplicate and removed label using GraphQL
  ✓ Issue #19486 updated successfully
Processing issue #19474: Derived, owned type usage issue when configured as owned by another type
  Found marked_as_duplicate event at 1/6/2020 9:59:55 PM +00:00
  Found canonical issue #9630 from event details
  Found canonical issue via GraphQL event details
  Found duplicate reference, linking to canonical issue
  Successfully closed issue #19474 as duplicate and removed label using GraphQL
  ✓ Issue #19474 updated successfully
Processing issue #19446: EF Core Using multiple properties with backing fields with owned type causes exception on SaveChanges()
  Successfully closed issue #19446 as duplicate and removed label using GraphQL
  ✓ Issue #19446 updated successfully
Processing issue #19443: Nullable Reference Type for FirstOrDefaultAsync
  Found marked_as_duplicate event at 6/16/2025 9:39:42 AM +00:00
  Found canonical issue #19540 from event details
  Found canonical issue via GraphQL event details
  Found duplicate reference, linking to canonical issue
  Successfully closed issue #19443 as duplicate and removed label using GraphQL
  ✓ Issue #19443 updated successfully
Processing issue #19442: A column has been specified more than once in the order by list. Columns in the order by list must be unique
  Found marked_as_duplicate event at 1/3/2020 6:59:13 PM +00:00
  Found canonical issue #12795 from event details
  Found canonical issue via GraphQL event details
  Found duplicate reference, linking to canonical issue
  Successfully closed issue #19442 as duplicate and removed label using GraphQL
  ✓ Issue #19442 updated successfully
Processing issue #19439: Add a convention to discover composite PK on *-* association table
  Found marked_as_duplicate event at 7/29/2020 3:54:57 AM +00:00
  Found canonical issue #21500 from event details
  Found canonical issue via GraphQL event details
  Found duplicate reference, linking to canonical issue
  Successfully closed issue #19439 as duplicate and removed label using GraphQL
  ✓ Issue #19439 updated successfully
Processing issue #19418: Chaining two ThenInclude clauses to eager load many-to-many entities results in very slow performance/SQL
  Successfully closed issue #19418 as duplicate and removed label using GraphQL
  ✓ Issue #19418 updated successfully
Processing issue #19413: Documentation regarding the items order of an owned collection
  Successfully closed issue #19413 as duplicate and removed label using GraphQL
  ✓ Issue #19413 updated successfully
Processing issue #19404: EF 3.1 not able to understand relationship that worked in 2.2
  Found marked_as_duplicate event at 1/22/2020 7:36:49 PM +00:00
  Found canonical issue #18388 from event details
  Found canonical issue via GraphQL event details
  Found duplicate reference, linking to canonical issue
  Successfully closed issue #19404 as duplicate and removed label using GraphQL
  ✓ Issue #19404 updated successfully
Processing issue #19399: No coercion operator is defined between types 'System.DateTimeOffset' and 'System.DateTime'.
  Found marked_as_duplicate event at 12/24/2019 4:21:47 PM +00:00
  Found canonical issue #19052 from event details
  Found canonical issue via GraphQL event details
  Found duplicate reference, linking to canonical issue
  Successfully closed issue #19399 as duplicate and removed label using GraphQL
  ✓ Issue #19399 updated successfully
Processing issue #19464: Update FindAsync API documentation
  Found marked_as_duplicate event at 5/23/2020 10:15:57 PM +00:00
  Found canonical issue #20733 from event details
  Found canonical issue via GraphQL event details
  Found duplicate reference, linking to canonical issue
  Successfully closed issue #19464 as duplicate and removed label using GraphQL
  ✓ Issue #19464 updated successfully
Processing issue #19392: Query: Constant of DbContext is getting evaluated in compiled query
  Successfully closed issue #19392 as duplicate and removed label using GraphQL
  ✓ Issue #19392 updated successfully
Processing issue #19388: How to get all strings that contains any of a given words? 
  Found marked_as_duplicate event at 12/23/2019 7:45:57 PM +00:00
  Found canonical issue #19070 from event details
  Found canonical issue via GraphQL event details
  Found duplicate reference, linking to canonical issue
  Successfully closed issue #19388 as duplicate and removed label using GraphQL
  ✓ Issue #19388 updated successfully
Processing issue #19381: Inefficient T-SQL when using navigation properties instead of foreign keys
  Found marked_as_duplicate event at 12/23/2019 7:47:50 PM +00:00
  Found canonical issue #15826 from event details
  Found canonical issue via GraphQL event details
  Found duplicate reference, linking to canonical issue
  Successfully closed issue #19381 as duplicate and removed label using GraphQL
  ✓ Issue #19381 updated successfully
Processing issue #19371: Cannot translate simple GroupBy on DateTime
  Found marked_as_duplicate event at 12/20/2019 9:10:35 PM +00:00
  Found canonical issue #17068 from event details
  Found canonical issue via GraphQL event details
  Found duplicate reference, linking to canonical issue
  Successfully closed issue #19371 as duplicate and removed label using GraphQL
  ✓ Issue #19371 updated successfully
Processing issue #19360: Query: Timespan.TotalMinutes is not translated to server
  Successfully closed issue #19360 as duplicate and removed label using GraphQL
  ✓ Issue #19360 updated successfully
Processing issue #19359: Query OrderBy(MAX) followed by ThenBy(RelatedEntity.Name) causes InvalidOperationException
  Found marked_as_duplicate event at 12/20/2019 9:43:59 PM +00:00
  Found canonical issue #18904 from event details
  Found canonical issue via GraphQL event details
  Found duplicate reference, linking to canonical issue
  Successfully closed issue #19359 as duplicate and removed label using GraphQL
  ✓ Issue #19359 updated successfully
Processing issue #19351: Scaffolding of SQL Server indexes with included columns is broken
  Found marked_as_duplicate event at 1/2/2020 10:31:00 PM +00:00
  Found canonical issue #17083 from event details
  Found canonical issue via GraphQL event details
  Found duplicate reference, linking to canonical issue
  Successfully closed issue #19351 as duplicate and removed label using GraphQL
  ✓ Issue #19351 updated successfully
Processing issue #19343: Migrating 2.2 ->3.1 Exception
  Successfully closed issue #19343 as duplicate and removed label using GraphQL
  ✓ Issue #19343 updated successfully
Processing issue #19341: Value Conversion throws SqlException The conversion of a nvarchar data type to a datetime data type resulted in an out-of-range value
  Successfully closed issue #19341 as duplicate and removed label using GraphQL
  ✓ Issue #19341 updated successfully
Processing issue #19336: Provide support to Update Alternate Keys
  Successfully closed issue #19336 as duplicate and removed label using GraphQL
  ✓ Issue #19336 updated successfully
Processing issue #19320: Query: Support IReadOnlyCollection<T>.Contains
  Found marked_as_duplicate event at 12/14/2019 7:03:48 PM +00:00
  Found canonical issue #18658 from event details
  Found canonical issue via GraphQL event details
  Found duplicate reference, linking to canonical issue
  Successfully closed issue #19320 as duplicate and removed label using GraphQL
  ✓ Issue #19320 updated successfully
Processing issue #19319: EF Core v3.1 Translation Fail On GroupJoin
  Found marked_as_duplicate event at 12/14/2019 9:43:44 AM +00:00
  Found canonical issue #17068 from event details
  Found canonical issue via GraphQL event details
  Found duplicate reference, linking to canonical issue
  Successfully closed issue #19319 as duplicate and removed label using GraphQL
  ✓ Issue #19319 updated successfully
Processing issue #19318: Count with conditions can be translated to Sum operation
  Found marked_as_duplicate event at 12/14/2019 9:42:57 AM +00:00
  Found canonical issue #18836 from event details
  Found canonical issue via GraphQL event details
  Found duplicate reference, linking to canonical issue
  Successfully closed issue #19318 as duplicate and removed label using GraphQL
  ✓ Issue #19318 updated successfully
Processing issue #19312: Still Struggling with Include with a Where on Child Include
  Found marked_as_duplicate event at 12/13/2019 8:51:33 PM +00:00
  Found canonical issue #1833 from event details
  Found canonical issue via GraphQL event details
  Found duplicate reference, linking to canonical issue
  Successfully closed issue #19312 as duplicate and removed label using GraphQL
  ✓ Issue #19312 updated successfully
Processing issue #19303: How to use Add-Migration command to just generate current assembly entities migration
  Successfully closed issue #19303 as duplicate and removed label using GraphQL
  ✓ Issue #19303 updated successfully
Processing issue #19302: Being able to scaffold the MS_Description to the models.
  Found marked_as_duplicate event at 12/15/2019 8:37:05 PM +00:00
  Found canonical issue #19113 from event details
  Found canonical issue via GraphQL event details
  Found duplicate reference, linking to canonical issue
  Successfully closed issue #19302 as duplicate and removed label using GraphQL
  ✓ Issue #19302 updated successfully
Processing issue #19301: behavioral option to auto include / load navigation properties, like owned entities behavior.
  Found marked_as_duplicate event at 12/13/2019 9:07:33 AM +00:00
  Found canonical issue #2953 from event details
  Found canonical issue via GraphQL event details
  Found duplicate reference, linking to canonical issue
  Successfully closed issue #19301 as duplicate and removed label using GraphQL
  ✓ Issue #19301 updated successfully
Processing issue #19299: Cosmos Owned Entity Collection with multiple collections and Lazy Loaders throw ArgumentException/ TargetInvocationException 
  Successfully closed issue #19299 as duplicate and removed label using GraphQL
  ✓ Issue #19299 updated successfully
Processing issue #19289: MutablePropertyBaseExtensions.SetField doesn't seem to work for navigation fields
  Found marked_as_duplicate event at 12/15/2019 9:29:19 PM +00:00
  Found canonical issue #6674 from event details
  Found canonical issue via GraphQL event details
  Found duplicate reference, linking to canonical issue
  Successfully closed issue #19289 as duplicate and removed label using GraphQL
  ✓ Issue #19289 updated successfully
Processing issue #19278: upgrading efcore2.2.6 to efcore 3.1 in wpf project with .net 4.8
  Found marked_as_duplicate event at 12/12/2019 8:27:12 PM +00:00
  Found canonical issue #18124 from event details
  Found canonical issue via GraphQL event details
  Found duplicate reference, linking to canonical issue
  Successfully closed issue #19278 as duplicate and removed label using GraphQL
  ✓ Issue #19278 updated successfully
Processing issue #19273: How to get all strings that contains any of a given words?
  Found marked_as_duplicate event at 12/12/2019 6:54:30 PM +00:00
  Found canonical issue #19070 from event details
  Found canonical issue via GraphQL event details
  Found duplicate reference, linking to canonical issue
  Successfully closed issue #19273 as duplicate and removed label using GraphQL
  ✓ Issue #19273 updated successfully
Processing issue #19266: Query: Translate GetValueOrDefault over DateTime
  Found marked_as_duplicate event at 12/4/2023 7:34:25 AM +00:00
  Found canonical issue #22243 from event details
  Found canonical issue via GraphQL event details
  Found duplicate reference, linking to canonical issue
  Successfully closed issue #19266 as duplicate and removed label using GraphQL
  ✓ Issue #19266 updated successfully
Processing issue #19256: PropertyBuilder can have custom ValueComparer
  ✗ Failed to process issue #19256: GraphQL errors: Could not resolve to Issue node with the global id of 'MDExOlB1bGxSZXF1ZXN0MzUwODUwMTk3'.
Processing issue #19252: InMemory database - Views
  Found marked_as_duplicate event at 12/9/2019 5:20:20 PM +00:00
  Found canonical issue #1850 from event details
  Found canonical issue via GraphQL event details
  Found duplicate reference, linking to canonical issue
  Successfully closed issue #19252 as duplicate and removed label using GraphQL
  ✓ Issue #19252 updated successfully
Processing issue #19250: Consider exposing migration idempotency to MigrationsSqlGenerator
  Found marked_as_duplicate event at 12/10/2019 7:18:00 PM +00:00
  Found canonical issue #14746 from event details
  Found canonical issue via GraphQL event details
  Found duplicate reference, linking to canonical issue
  Successfully closed issue #19250 as duplicate and removed label using GraphQL
  ✓ Issue #19250 updated successfully
Processing issue #19218: Scaffold-DbContex: Provide an option to exclude connection string in DbContext
  Found marked_as_duplicate event at 12/7/2019 1:06:51 PM +00:00
  Found canonical issue #10432 from event details
  Found canonical issue via GraphQL event details
  Found duplicate reference, linking to canonical issue
  Successfully closed issue #19218 as duplicate and removed label using GraphQL
  ✓ Issue #19218 updated successfully
Processing issue #19214: Query: InMemoryExpressionTranslatingEV needs to override MemberInit
  Found marked_as_duplicate event at 9/13/2021 6:45:05 PM +00:00
  Found canonical issue #19726 from event details
  Found canonical issue via GraphQL event details
  Found duplicate reference, linking to canonical issue
  Successfully closed issue #19214 as duplicate and removed label using GraphQL
  ✓ Issue #19214 updated successfully
Processing issue #19212: Incorrect Linq To SQL Generation, Nesting Too Deeply
  Found marked_as_duplicate event at 12/6/2019 10:24:08 PM +00:00
  Found canonical issue #12729 from event details
  Found canonical issue via GraphQL event details
  Found duplicate reference, linking to canonical issue
  Successfully closed issue #19212 as duplicate and removed label using GraphQL
  ✓ Issue #19212 updated successfully
Processing issue #19211: Global query filter trigger each other causing stack overflow in EF Core 3.1
  Found marked_as_duplicate event at 12/10/2019 1:44:51 AM +00:00
  Found canonical issue #17042 from event details
  Found canonical issue via GraphQL event details
  Found duplicate reference, linking to canonical issue
  Successfully closed issue #19211 as duplicate and removed label using GraphQL
  ✓ Issue #19211 updated successfully
Processing issue #19210: Update-Database always takes Production configuration
  Found marked_as_duplicate event at 12/13/2019 5:47:44 PM +00:00
  Found canonical issue #8695 from event details
  Found canonical issue via GraphQL event details
  Found duplicate reference, linking to canonical issue
  Successfully closed issue #19210 as duplicate and removed label using GraphQL
  ✓ Issue #19210 updated successfully
Processing issue #19183: Good to have a option to scaffold dbcontext except some table
  Found marked_as_duplicate event at 12/5/2019 6:56:46 PM +00:00
  Found canonical issue #6182 from event details
  Found canonical issue via GraphQL event details
  Found duplicate reference, linking to canonical issue
  Successfully closed issue #19183 as duplicate and removed label using GraphQL
  ✓ Issue #19183 updated successfully
Processing issue #19174: Invalid cast when calling SaveChanges()
  Successfully closed issue #19174 as duplicate and removed label using GraphQL
  ✓ Issue #19174 updated successfully
Processing issue #19167: Columns with default values in seed data are always different
  Successfully closed issue #19167 as duplicate and removed label using GraphQL
  ✓ Issue #19167 updated successfully
Processing issue #19164: Merge Statement does not work on Views (Only 3+ items)
  Found marked_as_duplicate event at 12/5/2019 8:58:48 PM +00:00
  Found canonical issue #12064 from event details
  Found canonical issue via GraphQL event details
  Found duplicate reference, linking to canonical issue
  Successfully closed issue #19164 as duplicate and removed label using GraphQL
  ✓ Issue #19164 updated successfully
Processing issue #19161: EFCore3.1 Sql
  Found marked_as_duplicate event at 12/4/2019 1:27:59 PM +00:00
  Found canonical issue #6482 from event details
  Found canonical issue via GraphQL event details
  Found duplicate reference, linking to canonical issue
  Successfully closed issue #19161 as duplicate and removed label using GraphQL
  ✓ Issue #19161 updated successfully
Processing issue #19144: Detaching of the parent record changed sub records state to deleted
  Found marked_as_duplicate event at 12/3/2019 10:49:56 PM +00:00
  Found canonical issue #18982 from event details
  Found canonical issue via GraphQL event details
  Found duplicate reference, linking to canonical issue
  Successfully closed issue #19144 as duplicate and removed label using GraphQL
  ✓ Issue #19144 updated successfully
Processing issue #19142: Unable to get multiple dataset from store procedure
  Found marked_as_duplicate event at 12/4/2019 7:46:05 PM +00:00
  Found canonical issue #8127 from event details
  Found canonical issue via GraphQL event details
  Found duplicate reference, linking to canonical issue
  Successfully closed issue #19142 as duplicate and removed label using GraphQL
  ✓ Issue #19142 updated successfully
Processing issue #19140: Stored Procedures - every time I scaffold they dissapear - can you make onmodelbuilder partial
  Found marked_as_duplicate event at 12/3/2019 11:32:41 PM +00:00
  Found canonical issue #12245 from event details
  Found canonical issue via GraphQL event details
  Found duplicate reference, linking to canonical issue
  Successfully closed issue #19140 as duplicate and removed label using GraphQL
  ✓ Issue #19140 updated successfully
Processing issue #19139: sharing same column in a table shared between two entities results in InvalidOperationException at ValidateSharedColumnsCompatibility
  Found marked_as_duplicate event at 12/6/2019 8:48:50 PM +00:00
  Found canonical issue #17820 from event details
  Found canonical issue via GraphQL event details
  Found duplicate reference, linking to canonical issue
  Successfully closed issue #19139 as duplicate and removed label using GraphQL
  ✓ Issue #19139 updated successfully
Processing issue #19121: Translate to sql at compile time
  Successfully closed issue #19121 as duplicate and removed label using GraphQL
  ✓ Issue #19121 updated successfully
Processing issue #19116: EF.Functions.Like throws NullReferenceException with Nullable<double>
  Found marked_as_duplicate event at 12/2/2019 5:38:34 PM +00:00
  Found canonical issue #17389 from event details
  Found canonical issue via GraphQL event details
  Found duplicate reference, linking to canonical issue
  Successfully closed issue #19116 as duplicate and removed label using GraphQL
  ✓ Issue #19116 updated successfully
Processing issue #19103: Aggregate functions behave weirdly if result equals to default value in EF Core 3.0.1
  Found marked_as_duplicate event at 11/30/2019 11:19:19 AM +00:00
  Found canonical issue #18955 from event details
  Found canonical issue via GraphQL event details
  Found duplicate reference, linking to canonical issue
  Successfully closed issue #19103 as duplicate and removed label using GraphQL
  ✓ Issue #19103 updated successfully
Processing issue #19077: Include after Select throws InvalidOperationException
  Found marked_as_duplicate event at 11/26/2019 5:03:03 PM +00:00
  Found canonical issue #16752 from event details
  Found canonical issue via GraphQL event details
  Found duplicate reference, linking to canonical issue
  Successfully closed issue #19077 as duplicate and removed label using GraphQL
  ✓ Issue #19077 updated successfully
Processing issue #19075: Stored Procedures
  Successfully closed issue #19075 as duplicate and removed label using GraphQL
  ✓ Issue #19075 updated successfully
Processing issue #19074: Set provisioned throughput for cosmos db using EFcore
  Found marked_as_duplicate event at 11/27/2019 12:41:05 AM +00:00
  Found canonical issue #17301 from event details
  Found canonical issue via GraphQL event details
  Found duplicate reference, linking to canonical issue
  Successfully closed issue #19074 as duplicate and removed label using GraphQL
  ✓ Issue #19074 updated successfully
Processing issue #19073: Complex owned types slow down query by creating unnecessary self joins
  Successfully closed issue #19073 as duplicate and removed label using GraphQL
  ✓ Issue #19073 updated successfully
Processing issue #19070: Query: Expand Any/All on local collection into predicate with AND/OR
  Found marked_as_duplicate event at 6/16/2025 9:43:18 AM +00:00
  Found canonical issue #19273 from event details
  Found canonical issue via GraphQL event details
  Found duplicate reference, linking to canonical issue
  Successfully closed issue #19070 as duplicate and removed label using GraphQL
  ✓ Issue #19070 updated successfully
Processing issue #19069: How to implement EF codefirst cross database connection table?
  Found marked_as_duplicate event at 11/26/2019 3:43:23 PM +00:00
  Found canonical issue #4019 from event details
  Found canonical issue via GraphQL event details
  Found duplicate reference, linking to canonical issue
  Successfully closed issue #19069 as duplicate and removed label using GraphQL
  ✓ Issue #19069 updated successfully
Processing issue #19049: JSON (or XML) Columns
  Successfully closed issue #19049 as duplicate and removed label using GraphQL
  ✓ Issue #19049 updated successfully
Processing issue #19048: Cannot alter column which is a part of composite primary key in EF Core 3.0
  Found marked_as_duplicate event at 5/29/2020 7:53:43 PM +00:00
  Found canonical issue #16758 from event details
  Found canonical issue via GraphQL event details
  Found duplicate reference, linking to canonical issue
  Successfully closed issue #19048 as duplicate and removed label using GraphQL
  ✓ Issue #19048 updated successfully
Processing issue #19045: Be consistent about not using the Exception parameter of ILogger
  Successfully closed issue #19045 as duplicate and removed label using GraphQL
  ✓ Issue #19045 updated successfully
Processing issue #19044: [3.0] Nullable owned type - exception on update
  Found marked_as_duplicate event at 11/25/2019 8:01:41 PM +00:00
  Found canonical issue #17422 from event details
  Found canonical issue via GraphQL event details
  Found duplicate reference, linking to canonical issue
  Successfully closed issue #19044 as duplicate and removed label using GraphQL
  ✓ Issue #19044 updated successfully
Processing issue #19026: EFCore3.0  Generate SQL
  Successfully closed issue #19026 as duplicate and removed label using GraphQL
  ✓ Issue #19026 updated successfully
Processing issue #19016: Join with local collection using TVP?
  Found marked_as_duplicate event at 4/18/2023 12:02:11 AM +00:00
  Found canonical issue #30426 from event details
  Found canonical issue via GraphQL event details
  Found duplicate reference, linking to canonical issue
  Successfully closed issue #19016 as duplicate and removed label using GraphQL
  ✓ Issue #19016 updated successfully
Processing issue #19013: How do you make call by using stored procedure in EF core 3 using FromSqlRow?
  Found marked_as_duplicate event at 11/21/2019 8:29:40 PM +00:00
  Found canonical issue #19014 from event details
  Found canonical issue via GraphQL event details
  Found duplicate reference, linking to canonical issue
  Successfully closed issue #19013 as duplicate and removed label using GraphQL
  ✓ Issue #19013 updated successfully
Processing issue #19011: Query tags with inheritance table(s) in the query
  Successfully closed issue #19011 as duplicate and removed label using GraphQL
  ✓ Issue #19011 updated successfully
Processing issue #19010: FirstOrDefault on empty collection of projections gives a non-null empty projection
  Found marked_as_duplicate event at 11/21/2019 4:18:48 PM +00:00
  Found canonical issue #17287 from event details
  Found canonical issue via GraphQL event details
  Found duplicate reference, linking to canonical issue
  Successfully closed issue #19010 as duplicate and removed label using GraphQL
  ✓ Issue #19010 updated successfully
Processing issue #18991: Cannot add an owned entity if owner was originally saved without one - "no entity of this type with the same key value that has been marked as 'Added'" error
  Found marked_as_duplicate event at 11/20/2019 2:49:43 AM +00:00
  Found canonical issue #17422 from event details
  Found canonical issue via GraphQL event details
  Found duplicate reference, linking to canonical issue
  Successfully closed issue #18991 as duplicate and removed label using GraphQL
  ✓ Issue #18991 updated successfully
Processing issue #18954: Owned entity types - EF creates very inefficient SQL
  Found marked_as_duplicate event at 11/18/2019 7:32:30 PM +00:00
  Found canonical issue #18299 from event details
  Found canonical issue via GraphQL event details
  Found duplicate reference, linking to canonical issue
  Successfully closed issue #18954 as duplicate and removed label using GraphQL
  ✓ Issue #18954 updated successfully
Processing issue #18947: Include operation with List ef core 3.0
  Successfully closed issue #18947 as duplicate and removed label using GraphQL
  ✓ Issue #18947 updated successfully
Processing issue #18945: EF Core 3.0 can not load a List of entities, when using a hashset
  Found marked_as_duplicate event at 11/16/2019 6:56:01 PM +00:00
  Found canonical issue #17342 from event details
  Found canonical issue via GraphQL event details
  Found duplicate reference, linking to canonical issue
  Successfully closed issue #18945 as duplicate and removed label using GraphQL
  ✓ Issue #18945 updated successfully
Processing issue #18911: Scaffold without constraint names?
  Found marked_as_duplicate event at 11/14/2019 10:52:10 PM +00:00
  Found canonical issue #10890 from event details
  Found canonical issue via GraphQL event details
  Found duplicate reference, linking to canonical issue
  Successfully closed issue #18911 as duplicate and removed label using GraphQL
  ✓ Issue #18911 updated successfully
Processing issue #18905: Group join is not working in EF core
  Found marked_as_duplicate event at 11/14/2019 6:21:19 PM +00:00
  Found canonical issue #17068 from event details
  Found canonical issue via GraphQL event details
  Found duplicate reference, linking to canonical issue
  Successfully closed issue #18905 as duplicate and removed label using GraphQL
  ✓ Issue #18905 updated successfully
Processing issue #18897: string#Equals with StringComparison fails in queries where it shouldn't
  Found marked_as_duplicate event at 11/14/2019 6:57:18 AM +00:00
  Found canonical issue #18472 from event details
  Found canonical issue via GraphQL event details
  Found duplicate reference, linking to canonical issue
  Successfully closed issue #18897 as duplicate and removed label using GraphQL
  ✓ Issue #18897 updated successfully
Processing issue #18893: Does EF support database alias?
  Found marked_as_duplicate event at 11/18/2019 7:20:04 PM +00:00
  Found canonical issue #4019 from event details
  Found canonical issue via GraphQL event details
  Found duplicate reference, linking to canonical issue
  Successfully closed issue #18893 as duplicate and removed label using GraphQL
  ✓ Issue #18893 updated successfully
Processing issue #18889: Issues with multilevel inheritance and TPH - The entity type is part of a hierarchy, but does not have a discriminator value configured.
  Successfully closed issue #18889 as duplicate and removed label using GraphQL
  ✓ Issue #18889 updated successfully
Processing issue #18879: EF 2.2 bug: Migration fails when changing the data type of an index
  Successfully closed issue #18879 as duplicate and removed label using GraphQL
  ✓ Issue #18879 updated successfully
Processing issue #18858: FirstOrDefault of Navigation property nested in Select statement
  Found marked_as_duplicate event at 11/15/2019 6:26:01 PM +00:00
  Found canonical issue #17068 from event details
  Found canonical issue via GraphQL event details
  Found duplicate reference, linking to canonical issue
  Successfully closed issue #18858 as duplicate and removed label using GraphQL
  ✓ Issue #18858 updated successfully
Processing issue #18857: Translate ImmutableHashSet<T>.Contains() and HashSet<T>.Contains()
  Found marked_as_duplicate event at 11/13/2019 10:09:20 PM +00:00
  Found canonical issue #17342 from event details
  Found canonical issue via GraphQL event details
  Found duplicate reference, linking to canonical issue
  Successfully closed issue #18857 as duplicate and removed label using GraphQL
  ✓ Issue #18857 updated successfully
Processing issue #18838: Why automatic fix-up is a terrible feature and needs to go
  Successfully closed issue #18838 as duplicate and removed label using GraphQL
  ✓ Issue #18838 updated successfully
Processing issue #18811: HasQueryFilter not support DateTime
  Found marked_as_duplicate event at 11/8/2019 9:46:14 PM +00:00
  Found canonical issue #14095 from event details
  Found canonical issue via GraphQL event details
  Found duplicate reference, linking to canonical issue
  Successfully closed issue #18811 as duplicate and removed label using GraphQL
  ✓ Issue #18811 updated successfully
Processing issue #18817: Is there a way to filter on converted columns?
  Found marked_as_duplicate event at 11/8/2019 5:20:07 PM +00:00
  Found canonical issue #10434 from event details
  Found canonical issue via GraphQL event details
  Found duplicate reference, linking to canonical issue
  Successfully closed issue #18817 as duplicate and removed label using GraphQL
  ✓ Issue #18817 updated successfully
Processing issue #18785: Add-Migration generates nullable columns for non-nullable properties inside owned types
  Found marked_as_duplicate event at 11/6/2019 9:58:51 PM +00:00
  Found canonical issue #16943 from event details
  Found canonical issue via GraphQL event details
  Found duplicate reference, linking to canonical issue
  Successfully closed issue #18785 as duplicate and removed label using GraphQL
  ✓ Issue #18785 updated successfully
Processing issue #18782: Performance gain after adding HasValue check to nullable type comparison 
  Successfully closed issue #18782 as duplicate and removed label using GraphQL
  ✓ Issue #18782 updated successfully
Processing issue #18775: Query: Simplify aliases for complex projection if being used in order by clause in new pipeline
  Successfully closed issue #18775 as duplicate and removed label using GraphQL
  ✓ Issue #18775 updated successfully
Processing issue #18758: A select into a decimal model translates to CAST([v].[Value] AS decimal(18,2)) (only two decimals recieved)
  Successfully closed issue #18758 as duplicate and removed label using GraphQL
  ✓ Issue #18758 updated successfully
Processing issue #18737: Entity Framework Core with Azure Table Storage
  Successfully closed issue #18737 as duplicate and removed label using GraphQL
  ✓ Issue #18737 updated successfully
Processing issue #18729: Error while diffing spatial seed data
  Found marked_as_duplicate event at 6/3/2020 8:48:21 PM +00:00
  Found canonical issue #18921 from event details
  Found canonical issue via GraphQL event details
  Found duplicate reference, linking to canonical issue
  Successfully closed issue #18729 as duplicate and removed label using GraphQL
  ✓ Issue #18729 updated successfully
Processing issue #18728: Enum seed data converted to string yields UPDATE every migration
  Found marked_as_duplicate event at 11/12/2019 1:16:37 PM +00:00
  Found canonical issue #13776 from event details
  Found canonical issue via GraphQL event details
  Found duplicate reference, linking to canonical issue
  Successfully closed issue #18728 as duplicate and removed label using GraphQL
  ✓ Issue #18728 updated successfully
Processing issue #18677: Nested OwnsMany entities 'VistLambda' error
  Successfully closed issue #18677 as duplicate and removed label using GraphQL
  ✓ Issue #18677 updated successfully
Processing issue #18660: HashSet queries are no longer translatable
  Found marked_as_duplicate event at 10/30/2019 6:41:14 PM +00:00
  Found canonical issue #17342 from event details
  Found canonical issue via GraphQL event details
  Found duplicate reference, linking to canonical issue
  Successfully closed issue #18660 as duplicate and removed label using GraphQL
  ✓ Issue #18660 updated successfully
Processing issue #18654: EF Core 3 - Skip() not working
  Successfully closed issue #18654 as duplicate and removed label using GraphQL
  ✓ Issue #18654 updated successfully
Processing issue #18653: When I  do group by,  linq query does not working
  Successfully closed issue #18653 as duplicate and removed label using GraphQL
  ✓ Issue #18653 updated successfully
Processing issue #18639: ICollection<T> doesn't translate to SQL
  Successfully closed issue #18639 as duplicate and removed label using GraphQL
  ✓ Issue #18639 updated successfully
Processing issue #18637: Optimize analyzer by using Roslyn operations
  Found marked_as_duplicate event at 8/8/2020 11:22:04 PM +00:00
  Found canonical issue #19648 from event details
  Found canonical issue via GraphQL event details
  Found duplicate reference, linking to canonical issue
  Successfully closed issue #18637 as duplicate and removed label using GraphQL
  ✓ Issue #18637 updated successfully
Successfully processed 99 issues
Processing issues in dotnet/efcore...
Found 100 issues with 'closed-duplicate' label
Processing issue #18635: need method: public DbSet Set(Type entityType) in DbContext.cs for Migrating from .net4.5
  Successfully closed issue #18635 as duplicate and removed label using GraphQL
  ✓ Issue #18635 updated successfully
Processing issue #18627: LINQ Contains method on Non Key column in Where clause is not translated to query
  Successfully closed issue #18627 as duplicate and removed label using GraphQL
  ✓ Issue #18627 updated successfully
Processing issue #18623: ef core migration generator is confused in regards to OwnsMany() ReferentialAction
  Found marked_as_duplicate event at 10/28/2019 8:35:26 PM +00:00
  Found canonical issue #18045 from event details
  Found canonical issue via GraphQL event details
  Found duplicate reference, linking to canonical issue
  Successfully closed issue #18623 as duplicate and removed label using GraphQL
  ✓ Issue #18623 updated successfully
Processing issue #18621: Include() after Entry(...).State = EntityState.Detached no longer works
  Successfully closed issue #18621 as duplicate and removed label using GraphQL
  ✓ Issue #18621 updated successfully
Processing issue #18614: Missing DeleteBehavior in snapshot for owned type in another table.
  Found marked_as_duplicate event at 10/28/2019 6:13:40 PM +00:00
  Found canonical issue #18045 from event details
  Found canonical issue via GraphQL event details
  Found duplicate reference, linking to canonical issue
  Successfully closed issue #18614 as duplicate and removed label using GraphQL
  ✓ Issue #18614 updated successfully
Processing issue #18613: QueryFilter Expression.Invoke() should be evaluated on client prior to SQL translation
  Found marked_as_duplicate event at 10/28/2019 11:41:32 PM +00:00
  Found canonical issue #18510 from event details
  Found canonical issue via GraphQL event details
  Found duplicate reference, linking to canonical issue
  Successfully closed issue #18613 as duplicate and removed label using GraphQL
  ✓ Issue #18613 updated successfully
Processing issue #18603: Scaffolding db with model output to another folder messes up namespaces
  Found marked_as_duplicate event at 10/28/2019 4:36:17 PM +00:00
  Found canonical issue #17839 from event details
  Found canonical issue via GraphQL event details
  Found duplicate reference, linking to canonical issue
  Successfully closed issue #18603 as duplicate and removed label using GraphQL
  ✓ Issue #18603 updated successfully
Processing issue #18602: Weird SQL generated for Owned Type
  Successfully closed issue #18602 as duplicate and removed label using GraphQL
  ✓ Issue #18602 updated successfully
Processing issue #18590: CosmosDB does not fail if database does not exist
  Found marked_as_duplicate event at 10/25/2019 6:28:02 PM +00:00
  Found canonical issue #17624 from event details
  Found canonical issue via GraphQL event details
  Found duplicate reference, linking to canonical issue
  Successfully closed issue #18590 as duplicate and removed label using GraphQL
  ✓ Issue #18590 updated successfully
Processing issue #18589: CosmosDB where clause containing DateTime.UtcNow could not be translated
  Found marked_as_duplicate event at 10/25/2019 3:14:39 PM +00:00
  Found canonical issue #16143 from event details
  Found canonical issue via GraphQL event details
  Found duplicate reference, linking to canonical issue
  Successfully closed issue #18589 as duplicate and removed label using GraphQL
  ✓ Issue #18589 updated successfully
Processing issue #18584: Issue with dynamic 'OrderBy' and AutoMapper inherited types
  Successfully closed issue #18584 as duplicate and removed label using GraphQL
  ✓ Issue #18584 updated successfully
Processing issue #18574: Table splitting isn't working with nonnullable reference types.
  Successfully closed issue #18574 as duplicate and removed label using GraphQL
  ✓ Issue #18574 updated successfully
Processing issue #18571: ToListAsync() is very slow
  Successfully closed issue #18571 as duplicate and removed label using GraphQL
  ✓ Issue #18571 updated successfully
Processing issue #18534: Query Filter does not work for owned types
  Found marked_as_duplicate event at 10/23/2019 4:30:34 PM +00:00
  Found canonical issue #14113 from event details
  Found canonical issue via GraphQL event details
  Found duplicate reference, linking to canonical issue
  Successfully closed issue #18534 as duplicate and removed label using GraphQL
  ✓ Issue #18534 updated successfully
Processing issue #18509: Slow-down: Calling Close and Dispose on SqliteDataReader throws InvalidOperationException
  Found marked_as_duplicate event at 10/24/2019 1:25:17 PM +00:00
  Found canonical issue #18307 from event details
  Found canonical issue via GraphQL event details
  Found duplicate reference, linking to canonical issue
  Successfully closed issue #18509 as duplicate and removed label using GraphQL
  ✓ Issue #18509 updated successfully
Processing issue #18500: Query: improve null semantics around bitwise operators
  Successfully closed issue #18500 as duplicate and removed label using GraphQL
  ✓ Issue #18500 updated successfully
Processing issue #18499: Calling Max on DefaultIfEmpty Throws an Exception
  Found marked_as_duplicate event at 10/22/2019 12:25:23 AM +00:00
  Found canonical issue #17783 from event details
  Found canonical issue via GraphQL event details
  Found duplicate reference, linking to canonical issue
  Successfully closed issue #18499 as duplicate and removed label using GraphQL
  ✓ Issue #18499 updated successfully
Processing issue #18489: Cannot query on converted enum property
  Successfully closed issue #18489 as duplicate and removed label using GraphQL
  ✓ Issue #18489 updated successfully
Processing issue #18468: EF_Core 3.0 Multiple nested collections include - include then causes program to hang
  Found marked_as_duplicate event at 10/21/2019 1:47:45 AM +00:00
  Found canonical issue #18022 from event details
  Found canonical issue via GraphQL event details
  Found duplicate reference, linking to canonical issue
  Successfully closed issue #18468 as duplicate and removed label using GraphQL
  ✓ Issue #18468 updated successfully
Processing issue #18465: EF core 3 global query filter cannot translate contain expression
  Successfully closed issue #18465 as duplicate and removed label using GraphQL
  ✓ Issue #18465 updated successfully
Processing issue #18451: EF.Functions support for Cosmos
  Successfully closed issue #18451 as duplicate and removed label using GraphQL
  ✓ Issue #18451 updated successfully
Processing issue #18448: he instance of entity type 'x' with the key value '{Id: 6}' is marked as 'Modified', but the instance of entity type 'y' with the key value ': 6}' is marked as 'Added' and both are mapped to the same row.
  Found marked_as_duplicate event at 10/18/2019 4:45:06 PM +00:00
  Found canonical issue #17935 from event details
  Found canonical issue via GraphQL event details
  Found duplicate reference, linking to canonical issue
  Successfully closed issue #18448 as duplicate and removed label using GraphQL
  ✓ Issue #18448 updated successfully
Processing issue #18445: How to make an OwnsOne property in EF Core 3.0 required when mapping to SQL Server columns?
  Successfully closed issue #18445 as duplicate and removed label using GraphQL
  ✓ Issue #18445 updated successfully
Processing issue #18443: DbContext.AddRangeAsync doesn't preserve insert order
  Successfully closed issue #18443 as duplicate and removed label using GraphQL
  ✓ Issue #18443 updated successfully
Processing issue #18421: Query: LINQ Expression where fails when mapping to object with inherited properties
  Successfully closed issue #18421 as duplicate and removed label using GraphQL
  ✓ Issue #18421 updated successfully
Processing issue #18416: Expression issue with ef core 3.0
  Successfully closed issue #18416 as duplicate and removed label using GraphQL
  ✓ Issue #18416 updated successfully
Processing issue #18406: Detaching All Entities After Saving, Gives "Association Has Been Severed" Error
  Successfully closed issue #18406 as duplicate and removed label using GraphQL
  ✓ Issue #18406 updated successfully
Processing issue #18403: BoolToStringConverter: inconsistent translation for where clause
  Found marked_as_duplicate event at 10/18/2019 5:53:03 PM +00:00
  Found canonical issue #18147 from event details
  Found canonical issue via GraphQL event details
  Found duplicate reference, linking to canonical issue
  Successfully closed issue #18403 as duplicate and removed label using GraphQL
  ✓ Issue #18403 updated successfully
Processing issue #18399: SqlFunctionExpression should have a package name
  Found marked_as_duplicate event at 10/17/2019 2:56:50 PM +00:00
  Found canonical issue #4019 from event details
  Found canonical issue via GraphQL event details
  Found duplicate reference, linking to canonical issue
  Successfully closed issue #18399 as duplicate and removed label using GraphQL
  ✓ Issue #18399 updated successfully
Processing issue #18396: Expression of type IQueryable<X> cannot be used for parameter of type IQueryable<Y> of method...
  Found marked_as_duplicate event at 11/23/2019 2:44:19 AM +00:00
  Found canonical issue #18087 from event details
  Found canonical issue via GraphQL event details
  Found duplicate reference, linking to canonical issue
  Successfully closed issue #18396 as duplicate and removed label using GraphQL
  ✓ Issue #18396 updated successfully
Processing issue #18384: Fluent API
  Found marked_as_duplicate event at 10/15/2019 10:38:54 PM +00:00
  Found canonical issue #15159 from event details
  Found canonical issue via GraphQL event details
  Found duplicate reference, linking to canonical issue
  Successfully closed issue #18384 as duplicate and removed label using GraphQL
  ✓ Issue #18384 updated successfully
Processing issue #18373: IsRequired() is ignored for owned types
  Found marked_as_duplicate event at 10/15/2019 6:26:07 AM +00:00
  Found canonical issue #16943 from event details
  Found canonical issue via GraphQL event details
  Found duplicate reference, linking to canonical issue
  Successfully closed issue #18373 as duplicate and removed label using GraphQL
  ✓ Issue #18373 updated successfully
Processing issue #18365: System.InvalidOperationException "instance of entity type 'A' is marked as 'Modified', but an instance of entity type 'B' is marked as 'Added' and both are mapped to the same row." when modify OwnsOne configured ValueObject with nullable field.
  Found marked_as_duplicate event at 10/14/2019 3:37:52 PM +00:00
  Found canonical issue #17935 from event details
  Found canonical issue via GraphQL event details
  Found duplicate reference, linking to canonical issue
  Successfully closed issue #18365 as duplicate and removed label using GraphQL
  ✓ Issue #18365 updated successfully
Processing issue #18350: Nested owned types migration error
  Found marked_as_duplicate event at 10/12/2019 6:37:07 PM +00:00
  Found canonical issue #18183 from event details
  Found canonical issue via GraphQL event details
  Found duplicate reference, linking to canonical issue
  Successfully closed issue #18350 as duplicate and removed label using GraphQL
  ✓ Issue #18350 updated successfully
Processing issue #18344: Attach Should Be More Effective
  Successfully closed issue #18344 as duplicate and removed label using GraphQL
  ✓ Issue #18344 updated successfully
Processing issue #18342: Default includes
  Found marked_as_duplicate event at 10/11/2019 8:41:25 PM +00:00
  Found canonical issue #2953 from event details
  Found canonical issue via GraphQL event details
  Found duplicate reference, linking to canonical issue
  Successfully closed issue #18342 as duplicate and removed label using GraphQL
  ✓ Issue #18342 updated successfully
Processing issue #18335: Relationalship is not discovered if NotMappedAttribute is used on one navigation
  Found marked_as_duplicate event at 10/21/2019 8:32:16 PM +00:00
  Found canonical issue #18388 from event details
  Found canonical issue via GraphQL event details
  Found duplicate reference, linking to canonical issue
  Successfully closed issue #18335 as duplicate and removed label using GraphQL
  ✓ Issue #18335 updated successfully
Processing issue #18334: How to get SqlExpression/SelectExpression from IQueryable
  Found marked_as_duplicate event at 10/11/2019 2:57:17 PM +00:00
  Found canonical issue #6482 from event details
  Found canonical issue via GraphQL event details
  Found duplicate reference, linking to canonical issue
  Successfully closed issue #18334 as duplicate and removed label using GraphQL
  ✓ Issue #18334 updated successfully
Processing issue #18333: EF Core 3.0 Broke PredicateBuilder
  Found marked_as_duplicate event at 10/11/2019 2:55:26 PM +00:00
  Found canonical issue #17791 from event details
  Found canonical issue via GraphQL event details
  Found duplicate reference, linking to canonical issue
  Successfully closed issue #18333 as duplicate and removed label using GraphQL
  ✓ Issue #18333 updated successfully
Processing issue #18331: Cast<T> for enums not working as expected
  Found marked_as_duplicate event at 10/11/2019 2:58:16 PM +00:00
  Found canonical issue #17342 from event details
  Found canonical issue via GraphQL event details
  Found duplicate reference, linking to canonical issue
  Successfully closed issue #18331 as duplicate and removed label using GraphQL
  ✓ Issue #18331 updated successfully
Processing issue #18313: String StartsWith problem with square brackets
  Found marked_as_duplicate event at 10/10/2019 5:08:34 PM +00:00
  Found canonical issue #17948 from event details
  Found canonical issue via GraphQL event details
  Found duplicate reference, linking to canonical issue
  Successfully closed issue #18313 as duplicate and removed label using GraphQL
  ✓ Issue #18313 updated successfully
Processing issue #18306: Developers can customize type mapping
  Found marked_as_duplicate event at 10/10/2019 3:17:27 PM +00:00
  Found canonical issue #240 from event details
  Found canonical issue via GraphQL event details
  Found duplicate reference, linking to canonical issue
  Successfully closed issue #18306 as duplicate and removed label using GraphQL
  ✓ Issue #18306 updated successfully
Processing issue #18297: "InvalidCastException" on "add migration" after update to EF 3.0
  Found marked_as_duplicate event at 10/15/2019 12:18:58 AM +00:00
  Found canonical issue #17851 from event details
  Found canonical issue via GraphQL event details
  Found duplicate reference, linking to canonical issue
  Successfully closed issue #18297 as duplicate and removed label using GraphQL
  ✓ Issue #18297 updated successfully
Processing issue #18295: Using an IQueryable<TChild> as IQueryable<TParent> (covariance) throws "Expression of type ... cannot be used for return type ..." when calling FirstOrDefaultAsync
  Found marked_as_duplicate event at 10/9/2019 4:06:33 PM +00:00
  Found canonical issue #17644 from event details
  Found canonical issue via GraphQL event details
  Found duplicate reference, linking to canonical issue
  Successfully closed issue #18295 as duplicate and removed label using GraphQL
  ✓ Issue #18295 updated successfully
Processing issue #18276: EF Core transition guidance for .Net Framework Applications impacted by new .Net Standard 2.1 requirement
  Successfully closed issue #18276 as duplicate and removed label using GraphQL
  ✓ Issue #18276 updated successfully
Processing issue #18275: Breaking Change - EF Core 3.0 Not Handling Entity Interfaces Correctly.
  Found marked_as_duplicate event at 10/10/2019 10:17:29 PM +00:00
  Found canonical issue #18087 from event details
  Found canonical issue via GraphQL event details
  Found duplicate reference, linking to canonical issue
  Successfully closed issue #18275 as duplicate and removed label using GraphQL
  ✓ Issue #18275 updated successfully
Processing issue #18266: v3.0 Query Translation Error for SqlServer provider?
  Found marked_as_duplicate event at 10/8/2019 8:37:39 PM +00:00
  Found canonical issue #18022 from event details
  Found canonical issue via GraphQL event details
  Found duplicate reference, linking to canonical issue
  Successfully closed issue #18266 as duplicate and removed label using GraphQL
  ✓ Issue #18266 updated successfully
Processing issue #18264: Add new Entity when using EntityFrameworkCore.Proxies
  Successfully closed issue #18264 as duplicate and removed label using GraphQL
  ✓ Issue #18264 updated successfully
Processing issue #18244: [question] Expression Rewriting
  Successfully closed issue #18244 as duplicate and removed label using GraphQL
  ✓ Issue #18244 updated successfully
Processing issue #18239: Sub-optimal query with unnecessary not null
  Found marked_as_duplicate event at 10/14/2019 8:02:04 PM +00:00
  Found canonical issue #17543 from event details
  Found canonical issue via GraphQL event details
  Found duplicate reference, linking to canonical issue
  Successfully closed issue #18239 as duplicate and removed label using GraphQL
  ✓ Issue #18239 updated successfully
Processing issue #18234: Why EF Core query with explicit Cultureinfo is not converted to SQL?
  Found marked_as_duplicate event at 10/7/2019 4:27:16 PM +00:00
  Found canonical issue #1222 from event details
  Found canonical issue via GraphQL event details
  Found duplicate reference, linking to canonical issue
  Successfully closed issue #18234 as duplicate and removed label using GraphQL
  ✓ Issue #18234 updated successfully
Processing issue #18222: -Connection string argument for Update-Database
  Found marked_as_duplicate event at 10/7/2019 4:25:34 PM +00:00
  Found canonical issue #10750 from event details
  Found canonical issue via GraphQL event details
  Found duplicate reference, linking to canonical issue
  Successfully closed issue #18222 as duplicate and removed label using GraphQL
  ✓ Issue #18222 updated successfully
Processing issue #18221: Performance issue when querying varbinary(MAX), varchar(MAX), nvarchar(MAX) or XML with Async
  Successfully closed issue #18221 as duplicate and removed label using GraphQL
  ✓ Issue #18221 updated successfully
Processing issue #18220: The call is ambiguous between the following methods or properties (IAsyncEnumerable, IQueryable)
  Successfully closed issue #18220 as duplicate and removed label using GraphQL
  ✓ Issue #18220 updated successfully
Processing issue #18218: ExecutesSqlRaw throwing weird error about "SqlParameterCollection only accepts non-null SqlParameter type objects"
  Found marked_as_duplicate event at 10/7/2019 10:26:09 AM +00:00
  Found canonical issue #16812 from event details
  Found canonical issue via GraphQL event details
  Found duplicate reference, linking to canonical issue
  Successfully closed issue #18218 as duplicate and removed label using GraphQL
  ✓ Issue #18218 updated successfully
Processing issue #18200: Incorrect SQL generated when using SUM with comparison operator
  Successfully closed issue #18200 as duplicate and removed label using GraphQL
  ✓ Issue #18200 updated successfully
Processing issue #18198: HashSet parameter in query not recognized by EF
  Found marked_as_duplicate event at 10/3/2019 3:52:40 AM +00:00
  Found canonical issue #17877 from event details
  Found canonical issue via GraphQL event details
  Found duplicate reference, linking to canonical issue
  Successfully closed issue #18198 as duplicate and removed label using GraphQL
  ✓ Issue #18198 updated successfully
Processing issue #18186: How do we call stored procedures in .NET Core 3.0?
  Successfully closed issue #18186 as duplicate and removed label using GraphQL
  ✓ Issue #18186 updated successfully
Processing issue #18174: Executing Stored Procedure in EFCore 3.0
  Found marked_as_duplicate event at 10/1/2019 11:53:24 PM +00:00
  Found canonical issue #17558 from event details
  Found canonical issue via GraphQL event details
  Found duplicate reference, linking to canonical issue
  Successfully closed issue #18174 as duplicate and removed label using GraphQL
  ✓ Issue #18174 updated successfully
Processing issue #18159: AddMigration doesn't create all indexes when using different filters or names
  Successfully closed issue #18159 as duplicate and removed label using GraphQL
  ✓ Issue #18159 updated successfully
Processing issue #18143: Owned entities cannot be tracked without their owner. exceptions when using inheritance
  Found marked_as_duplicate event at 9/30/2019 6:23:13 PM +00:00
  Found canonical issue #18024 from event details
  Found canonical issue via GraphQL event details
  Found duplicate reference, linking to canonical issue
  Successfully closed issue #18143 as duplicate and removed label using GraphQL
  ✓ Issue #18143 updated successfully
Processing issue #18130: .netCore Upgrade from 2.2 -> 3.0 has caused using Include to throw exceptions
  Found marked_as_duplicate event at 9/30/2019 8:31:48 PM +00:00
  Found canonical issue #16920 from event details
  Found canonical issue via GraphQL event details
  Found duplicate reference, linking to canonical issue
  Successfully closed issue #18130 as duplicate and removed label using GraphQL
  ✓ Issue #18130 updated successfully
Processing issue #18129: Undoing migration results in exception
  Successfully closed issue #18129 as duplicate and removed label using GraphQL
  ✓ Issue #18129 updated successfully
Processing issue #18128: Property of type Enum List fails to Map/Convert
  Found marked_as_duplicate event at 9/30/2019 1:25:56 AM +00:00
  Found canonical issue #14762 from event details
  Found canonical issue via GraphQL event details
  Found duplicate reference, linking to canonical issue
  Successfully closed issue #18128 as duplicate and removed label using GraphQL
  ✓ Issue #18128 updated successfully
Processing issue #18122: EF Core 3.0 regression failure
  Found marked_as_duplicate event at 9/29/2019 4:33:42 PM +00:00
  Found canonical issue #17783 from event details
  Found canonical issue via GraphQL event details
  Found duplicate reference, linking to canonical issue
  Successfully closed issue #18122 as duplicate and removed label using GraphQL
  ✓ Issue #18122 updated successfully
Processing issue #18116: 3.0 Upgrade - Entity with HasNoKey() (formerly a query type) tries to create tables when adding migration
  Successfully closed issue #18116 as duplicate and removed label using GraphQL
  ✓ Issue #18116 updated successfully
Processing issue #18107: error migration
  Successfully closed issue #18107 as duplicate and removed label using GraphQL
  ✓ Issue #18107 updated successfully
Processing issue #18102: Client side GroupBy is not supported in EF 3.0
  Found marked_as_duplicate event at 9/27/2019 4:50:31 PM +00:00
  Found canonical issue #17068 from event details
  Found canonical issue via GraphQL event details
  Found duplicate reference, linking to canonical issue
  Successfully closed issue #18102 as duplicate and removed label using GraphQL
  ✓ Issue #18102 updated successfully
Processing issue #18096: 3.0 generates invalid SQL
  Found marked_as_duplicate event at 9/27/2019 4:57:08 PM +00:00
  Found canonical issue #17531 from event details
  Found canonical issue via GraphQL event details
  Found duplicate reference, linking to canonical issue
  Successfully closed issue #18096 as duplicate and removed label using GraphQL
  ✓ Issue #18096 updated successfully
Processing issue #18091: Union fails after update to 3.0
  Successfully closed issue #18091 as duplicate and removed label using GraphQL
  ✓ Issue #18091 updated successfully
Processing issue #18068: Linux Segmentation fault - Running on either runtime:2.2 or runtime:3.0 Docker image
  Found marked_as_duplicate event at 9/27/2019 10:04:49 PM +00:00
  Found canonical issue #16667 from event details
  Found canonical issue via GraphQL event details
  Found duplicate reference, linking to canonical issue
  Successfully closed issue #18068 as duplicate and removed label using GraphQL
  ✓ Issue #18068 updated successfully
Processing issue #18066: Updating a property that is an owned type throws an exception if the property is null.
  Successfully closed issue #18066 as duplicate and removed label using GraphQL
  ✓ Issue #18066 updated successfully
Processing issue #18060: Tools ignore $(BaseIntermediateOutputPath)
  Found marked_as_duplicate event at 11/20/2019 7:57:57 PM +00:00
  Found canonical issue #18840 from event details
  Found canonical issue via GraphQL event details
  Found duplicate reference, linking to canonical issue
  Successfully closed issue #18060 as duplicate and removed label using GraphQL
  ✓ Issue #18060 updated successfully
Processing issue #18056: Projection with Constructor Initialization and Property Initialization
  Found marked_as_duplicate event at 9/26/2019 5:10:54 PM +00:00
  Found canonical issue #17620 from event details
  Found canonical issue via GraphQL event details
  Found duplicate reference, linking to canonical issue
  Successfully closed issue #18056 as duplicate and removed label using GraphQL
  ✓ Issue #18056 updated successfully
Processing issue #18039: Invalid attempt to call ReadAsync when reader is closed.
  Found marked_as_duplicate event at 9/26/2019 8:36:48 PM +00:00
  Found canonical issue #18070 from event details
  Found canonical issue via GraphQL event details
  Found duplicate reference, linking to canonical issue
  Successfully closed issue #18039 as duplicate and removed label using GraphQL
  ✓ Issue #18039 updated successfully
Processing issue #18037: ef core 3 linq query
  Successfully closed issue #18037 as duplicate and removed label using GraphQL
  ✓ Issue #18037 updated successfully
Processing issue #18033: Cosmos: Refactor SqlQuery generation from SqlParameter generation
  Successfully closed issue #18033 as duplicate and removed label using GraphQL
  ✓ Issue #18033 updated successfully
Processing issue #18023: GroupJoin throws InvalidOperationException
  Successfully closed issue #18023 as duplicate and removed label using GraphQL
  ✓ Issue #18023 updated successfully
Processing issue #18021: Add migration fails with 'Unable to cast object of type 'System.Single' to type 'System.Int32'
  Found marked_as_duplicate event at 9/24/2019 6:29:34 PM +00:00
  Found canonical issue #17851 from event details
  Found canonical issue via GraphQL event details
  Found duplicate reference, linking to canonical issue
  Successfully closed issue #18021 as duplicate and removed label using GraphQL
  ✓ Issue #18021 updated successfully
Processing issue #18020: EF Core 3 string compare doesnt work
  Successfully closed issue #18020 as duplicate and removed label using GraphQL
  ✓ Issue #18020 updated successfully
Processing issue #18017: 20x slowdown in gigantic query after updating to EF Core 3 compared to 2.2
  Successfully closed issue #18017 as duplicate and removed label using GraphQL
  ✓ Issue #18017 updated successfully
Processing issue #18015: Support of parameterizied queries
  Successfully closed issue #18015 as duplicate and removed label using GraphQL
  ✓ Issue #18015 updated successfully
Processing issue #17995: Create haskey with nested owned types
  Found marked_as_duplicate event at 9/27/2019 9:57:27 PM +00:00
  Found canonical issue #13566 from event details
  Found canonical issue via GraphQL event details
  Found duplicate reference, linking to canonical issue
  Successfully closed issue #17995 as duplicate and removed label using GraphQL
  ✓ Issue #17995 updated successfully
Processing issue #17988: DefaultIfEmpty().Max() InvalidOperationException throws 'Sequence contains no elements.'
  Found marked_as_duplicate event at 8/28/2020 1:43:57 AM +00:00
  Found canonical issue #20589 from event details
  Found canonical issue via GraphQL event details
  Found duplicate reference, linking to canonical issue
  Successfully closed issue #17988 as duplicate and removed label using GraphQL
  ✓ Issue #17988 updated successfully
Processing issue #17984: I can't use "dotnet ef database update --environment RELEASE"
  Found marked_as_duplicate event at 9/21/2019 6:22:32 PM +00:00
  Found canonical issue #15026 from event details
  Found canonical issue via GraphQL event details
  Found duplicate reference, linking to canonical issue
  Successfully closed issue #17984 as duplicate and removed label using GraphQL
  ✓ Issue #17984 updated successfully
Processing issue #17980: Null Reference Exception when attempting to query entity with Owned List
  Successfully closed issue #17980 as duplicate and removed label using GraphQL
  ✓ Issue #17980 updated successfully
Processing issue #17949: Consider making checked enums optional
  Successfully closed issue #17949 as duplicate and removed label using GraphQL
  ✓ Issue #17949 updated successfully
Processing issue #17939: Query : Contains can not be translated to "in" clause 
  Found marked_as_duplicate event at 9/19/2019 4:35:10 PM +00:00
  Found canonical issue #17877 from event details
  Found canonical issue via GraphQL event details
  Found duplicate reference, linking to canonical issue
  Successfully closed issue #17939 as duplicate and removed label using GraphQL
  ✓ Issue #17939 updated successfully
Processing issue #17933: GroupJoin fails in trivial case
  Successfully closed issue #17933 as duplicate and removed label using GraphQL
  ✓ Issue #17933 updated successfully
Processing issue #17908: How to override specific fluent configuration
  Found marked_as_duplicate event at 9/19/2019 3:09:44 AM +00:00
  Found canonical issue #7605 from event details
  Found canonical issue via GraphQL event details
  Found duplicate reference, linking to canonical issue
  Successfully closed issue #17908 as duplicate and removed label using GraphQL
  ✓ Issue #17908 updated successfully
Processing issue #17885: Return a table value parameter as a IQueryable
  Successfully closed issue #17885 as duplicate and removed label using GraphQL
  ✓ Issue #17885 updated successfully
Processing issue #17881: Missing using directive when scaffolding entities from database tables with --context-dir and -o arguments
  Found marked_as_duplicate event at 9/17/2019 4:52:28 PM +00:00
  Found canonical issue #17839 from event details
  Found canonical issue via GraphQL event details
  Found duplicate reference, linking to canonical issue
  Successfully closed issue #17881 as duplicate and removed label using GraphQL
  ✓ Issue #17881 updated successfully
Processing issue #17880: Error CS0120 when scaffolding with data annotations from database tables, nameof operator
  Found marked_as_duplicate event at 9/17/2019 4:55:28 PM +00:00
  Found canonical issue #17847 from event details
  Found canonical issue via GraphQL event details
  Found duplicate reference, linking to canonical issue
  Successfully closed issue #17880 as duplicate and removed label using GraphQL
  ✓ Issue #17880 updated successfully
Processing issue #17879: Expression with value converter could not be translated
  Successfully closed issue #17879 as duplicate and removed label using GraphQL
  ✓ Issue #17879 updated successfully
Processing issue #17877: HashSet<enum>.Contains could not be translated
  Found marked_as_duplicate event at 6/16/2025 9:48:02 AM +00:00
  Found canonical issue #17939 from event details
  Found canonical issue via GraphQL event details
  Found duplicate reference, linking to canonical issue
  Successfully closed issue #17877 as duplicate and removed label using GraphQL
  ✓ Issue #17877 updated successfully
Processing issue #17865: Missing API net core 3.0 .WithMany (How to define many to many relationships using modelbuilder
  Successfully closed issue #17865 as duplicate and removed label using GraphQL
  ✓ Issue #17865 updated successfully
Processing issue #17864: EF Core SQLite + NetTopologySuite error
  Found marked_as_duplicate event at 1/10/2020 8:50:36 PM +00:00
  Found canonical issue #15691 from event details
  Found canonical issue via GraphQL event details
  Found duplicate reference, linking to canonical issue
  Successfully closed issue #17864 as duplicate and removed label using GraphQL
  ✓ Issue #17864 updated successfully
Processing issue #17863: Code Generator doesn't emit '<auto-generated />' on files.
  Successfully closed issue #17863 as duplicate and removed label using GraphQL
  ✓ Issue #17863 updated successfully
Processing issue #17853: Restore ability to explicitly configure field name that differs from property name
  Successfully closed issue #17853 as duplicate and removed label using GraphQL
  ✓ Issue #17853 updated successfully
Processing issue #17829: Blazor Server project (preview9) fails with Cosmos DB for Identity
  Found marked_as_duplicate event at 9/13/2019 4:20:00 PM +00:00
  Found canonical issue #17435 from event details
  Found canonical issue via GraphQL event details
  Found duplicate reference, linking to canonical issue
  Successfully closed issue #17829 as duplicate and removed label using GraphQL
  ✓ Issue #17829 updated successfully
Successfully processed 100 issues
Processing issues in dotnet/efcore...
Found 100 issues with 'closed-duplicate' label
Processing issue #17827: Scaffolding using "Name" connectionString throws ArgumentNullException (Parameter 'connectionString')
  Found marked_as_duplicate event at 9/13/2019 4:21:56 PM +00:00
  Found canonical issue #17375 from event details
  Found canonical issue via GraphQL event details
  Found duplicate reference, linking to canonical issue
  Successfully closed issue #17827 as duplicate and removed label using GraphQL
  ✓ Issue #17827 updated successfully
Processing issue #17826: migrationBuilder.InsertData generates SQL with 'Invalid column name' in idempotent scripts 
  Found marked_as_duplicate event at 9/13/2019 10:10:53 PM +00:00
  Found canonical issue #12911 from event details
  Found canonical issue via GraphQL event details
  Found duplicate reference, linking to canonical issue
  Successfully closed issue #17826 as duplicate and removed label using GraphQL
  ✓ Issue #17826 updated successfully
Processing issue #17802: ToDictionary and ToDictionaryAsync do not generated expected SQl
  Found marked_as_duplicate event at 9/21/2019 12:52:15 AM +00:00
  Found canonical issue #16730 from event details
  Found canonical issue via GraphQL event details
  Found duplicate reference, linking to canonical issue
  Successfully closed issue #17802 as duplicate and removed label using GraphQL
  ✓ Issue #17802 updated successfully
Processing issue #17790: Feature Request: - For SqlServer generate join on table variable instead of generating WHERE IN clause when .Contains is used in the EF query
  Found marked_as_duplicate event at 9/21/2019 12:57:21 AM +00:00
  Found canonical issue #13239 from event details
  Found canonical issue via GraphQL event details
  Found duplicate reference, linking to canonical issue
  Successfully closed issue #17790 as duplicate and removed label using GraphQL
  ✓ Issue #17790 updated successfully
Processing issue #17786: Using HasDiscriminator and OwnsOne on the same configuration causes unnecessary SQL JOINS
  Found marked_as_duplicate event at 9/12/2019 3:15:49 AM +00:00
  Found canonical issue #15374 from event details
  Found canonical issue via GraphQL event details
  Found duplicate reference, linking to canonical issue
  Successfully closed issue #17786 as duplicate and removed label using GraphQL
  ✓ Issue #17786 updated successfully
Processing issue #17781: Link to SQL additional recognized syntax
  Found marked_as_duplicate event at 9/12/2019 5:53:55 PM +00:00
  Found canonical issue #12657 from event details
  Found canonical issue via GraphQL event details
  Found duplicate reference, linking to canonical issue
  Successfully closed issue #17781 as duplicate and removed label using GraphQL
  ✓ Issue #17781 updated successfully
Processing issue #17773: Creating two tables with same name and different schema messes up the migrations if tables have FKs between them
  Found marked_as_duplicate event at 10/3/2019 9:09:29 PM +00:00
  Found canonical issue #14027 from event details
  Found canonical issue via GraphQL event details
  Found duplicate reference, linking to canonical issue
  Successfully closed issue #17773 as duplicate and removed label using GraphQL
  ✓ Issue #17773 updated successfully
Processing issue #17736: how to count specific column in entity framework core
  Successfully closed issue #17736 as duplicate and removed label using GraphQL
  ✓ Issue #17736 updated successfully
Processing issue #17704: Update of NULL owned entity throws - wants owned entity to be Added
  Found marked_as_duplicate event at 9/8/2019 11:26:56 PM +00:00
  Found canonical issue #17422 from event details
  Found canonical issue via GraphQL event details
  Found duplicate reference, linking to canonical issue
  Successfully closed issue #17704 as duplicate and removed label using GraphQL
  ✓ Issue #17704 updated successfully
Processing issue #17692: Document exception types thrown where useful
  Successfully closed issue #17692 as duplicate and removed label using GraphQL
  ✓ Issue #17692 updated successfully
Processing issue #17664: Include with Join stopped working on preview9
  Found marked_as_duplicate event at 9/9/2019 5:45:53 PM +00:00
  Found canonical issue #16920 from event details
  Found canonical issue via GraphQL event details
  Found duplicate reference, linking to canonical issue
  Successfully closed issue #17664 as duplicate and removed label using GraphQL
  ✓ Issue #17664 updated successfully
Processing issue #17660: [CosmosDb] Child properties in inheritance hierarchy are not saved to CosmosDB
  Successfully closed issue #17660 as duplicate and removed label using GraphQL
  ✓ Issue #17660 updated successfully
Processing issue #17646: [CosmosDb] Linq expression IsDefined() can't be translated
  Successfully closed issue #17646 as duplicate and removed label using GraphQL
  ✓ Issue #17646 updated successfully
Processing issue #17645: In-Memory DB provider throws InvalidOperationException
  Successfully closed issue #17645 as duplicate and removed label using GraphQL
  ✓ Issue #17645 updated successfully
Processing issue #17642: How do I define this relationship?
  Successfully closed issue #17642 as duplicate and removed label using GraphQL
  ✓ Issue #17642 updated successfully
Processing issue #17633: Generated SQL missing comparison with GUID values
  Successfully closed issue #17633 as duplicate and removed label using GraphQL
  ✓ Issue #17633 updated successfully
Processing issue #17626: Allow DbContext.Update to delete related entities
  Successfully closed issue #17626 as duplicate and removed label using GraphQL
  ✓ Issue #17626 updated successfully
Processing issue #17618: Review Test Coverage
  Found marked_as_duplicate event at 9/17/2020 11:01:27 PM +00:00
  Found canonical issue #17018 from event details
  Found canonical issue via GraphQL event details
  Found duplicate reference, linking to canonical issue
  Successfully closed issue #17618 as duplicate and removed label using GraphQL
  ✓ Issue #17618 updated successfully
Processing issue #17612: GroupBy Issue
  Successfully closed issue #17612 as duplicate and removed label using GraphQL
  ✓ Issue #17612 updated successfully
Processing issue #17609: OwnedType Include throws exception "is not a member of type"
  Found marked_as_duplicate event at 9/4/2019 2:49:32 PM +00:00
  Found canonical issue #17467 from event details
  Found canonical issue via GraphQL event details
  Found duplicate reference, linking to canonical issue
  Successfully closed issue #17609 as duplicate and removed label using GraphQL
  ✓ Issue #17609 updated successfully
Processing issue #17557: Free variables are no longer translated to bind variables if they are defined by the type
  Successfully closed issue #17557 as duplicate and removed label using GraphQL
  ✓ Issue #17557 updated successfully
Processing issue #17552: `InvalidOperationException: Include has been used on non entity queryable.`  for >= `3.0.0-preview9.19401.4`
  Successfully closed issue #17552 as duplicate and removed label using GraphQL
  ✓ Issue #17552 updated successfully
Processing issue #17516: Support `DbContext.FromSqlRaw`
  Found marked_as_duplicate event at 8/30/2019 1:41:40 AM +00:00
  Found canonical issue #10753 from event details
  Found canonical issue via GraphQL event details
  Found duplicate reference, linking to canonical issue
  Successfully closed issue #17516 as duplicate and removed label using GraphQL
  ✓ Issue #17516 updated successfully
Processing issue #17492: .Sum() should coalesce by default instead of returning NULL
  Found marked_as_duplicate event at 8/29/2019 5:58:53 PM +00:00
  Found canonical issue #12657 from event details
  Found canonical issue via GraphQL event details
  Found duplicate reference, linking to canonical issue
  Successfully closed issue #17492 as duplicate and removed label using GraphQL
  ✓ Issue #17492 updated successfully
Processing issue #17580: Updating Owned Types Example
  Successfully closed issue #17580 as duplicate and removed label using GraphQL
  ✓ Issue #17580 updated successfully
Processing issue #17463: InMemory: investigate failing Include tests
  Found marked_as_duplicate event at 8/29/2019 5:53:54 PM +00:00
  Found canonical issue #16963 from event details
  Found canonical issue via GraphQL event details
  Found duplicate reference, linking to canonical issue
  Successfully closed issue #17463 as duplicate and removed label using GraphQL
  ✓ Issue #17463 updated successfully
Processing issue #17460: InMemory: investigate NREs in ComplexNavigations tests
  Successfully closed issue #17460 as duplicate and removed label using GraphQL
  ✓ Issue #17460 updated successfully
Processing issue #17453: InMemory: investigate nested collection tests that give too many results
  Found marked_as_duplicate event at 8/29/2019 5:55:11 PM +00:00
  Found canonical issue #16963 from event details
  Found canonical issue via GraphQL event details
  Found duplicate reference, linking to canonical issue
  Successfully closed issue #17453 as duplicate and removed label using GraphQL
  ✓ Issue #17453 updated successfully
Processing issue #17443: is it possible to ensure the order when adding new rows?
  Found marked_as_duplicate event at 8/27/2019 6:28:50 PM +00:00
  Found canonical issue #7894 from event details
  Found canonical issue via GraphQL event details
  Found duplicate reference, linking to canonical issue
  Successfully closed issue #17443 as duplicate and removed label using GraphQL
  ✓ Issue #17443 updated successfully
Processing issue #17434: Allow a query filter to be specified in one place for multiple types
  Successfully closed issue #17434 as duplicate and removed label using GraphQL
  ✓ Issue #17434 updated successfully
Processing issue #17424: In Memory: Null reference exception with FirstOrDefault()
  Found marked_as_duplicate event at 8/26/2019 3:26:18 PM +00:00
  Found canonical issue #16099 from event details
  Found canonical issue via GraphQL event details
  Found duplicate reference, linking to canonical issue
  Successfully closed issue #17424 as duplicate and removed label using GraphQL
  ✓ Issue #17424 updated successfully
Processing issue #17414: Group By generated SQL error (Incorrect syntax near the keyword 'AS')
  Successfully closed issue #17414 as duplicate and removed label using GraphQL
  ✓ Issue #17414 updated successfully
Processing issue #17382: Left Join with Where before DefaultIfEmpty not working
  Found marked_as_duplicate event at 8/22/2019 2:15:39 PM +00:00
  Found canonical issue #17112 from event details
  Found canonical issue via GraphQL event details
  Found duplicate reference, linking to canonical issue
  Successfully closed issue #17382 as duplicate and removed label using GraphQL
  ✓ Issue #17382 updated successfully
Processing issue #17373: Poor performance because of DbCommand.ExecuteReaderAsync() when reading big string
  Successfully closed issue #17373 as duplicate and removed label using GraphQL
  ✓ Issue #17373 updated successfully
Processing issue #17332: EF Core 3 Preview 8 QueryFilter not working
  Successfully closed issue #17332 as duplicate and removed label using GraphQL
  ✓ Issue #17332 updated successfully
Processing issue #17322: Query: detect cycles in defining queries and query filters
  Found marked_as_duplicate event at 8/21/2019 2:01:04 AM +00:00
  Found canonical issue #17042 from event details
  Found canonical issue via GraphQL event details
  Found duplicate reference, linking to canonical issue
  Successfully closed issue #17322 as duplicate and removed label using GraphQL
  ✓ Issue #17322 updated successfully
Processing issue #17260: Cosmos: add keyless type support
  Successfully closed issue #17260 as duplicate and removed label using GraphQL
  ✓ Issue #17260 updated successfully
Processing issue #17259: Cosmos: add support for query filters
  Successfully closed issue #17259 as duplicate and removed label using GraphQL
  ✓ Issue #17259 updated successfully
Processing issue #17258: InMemory: NotImplementedException With Count In Collection Projection (VIA Constructor)
  Found marked_as_duplicate event at 8/23/2019 5:34:43 PM +00:00
  Found canonical issue #16963 from event details
  Found canonical issue via GraphQL event details
  Found duplicate reference, linking to canonical issue
  Successfully closed issue #17258 as duplicate and removed label using GraphQL
  ✓ Issue #17258 updated successfully
Processing issue #17243: Streaming_chained_sync_query throws
  Found marked_as_duplicate event at 9/11/2019 1:18:14 AM +00:00
  Found canonical issue #16314 from event details
  Found canonical issue via GraphQL event details
  Found duplicate reference, linking to canonical issue
  Successfully closed issue #17243 as duplicate and removed label using GraphQL
  ✓ Issue #17243 updated successfully
Processing issue #17242: Select_Subquery_Single throws
  Found marked_as_duplicate event at 9/11/2019 12:26:47 AM +00:00
  Found canonical issue #16314 from event details
  Found canonical issue via GraphQL event details
  Found duplicate reference, linking to canonical issue
  Successfully closed issue #17242 as duplicate and removed label using GraphQL
  ✓ Issue #17242 updated successfully
Processing issue #17241: Select_correlated_subquery_ordered throws
  Successfully closed issue #17241 as duplicate and removed label using GraphQL
  ✓ Issue #17241 updated successfully
Processing issue #17230: Sqlite: Throw exception for apply joins not being supported
  Found marked_as_duplicate event at 11/6/2020 6:52:34 AM +00:00
  Found canonical issue #19178 from event details
  Found canonical issue via GraphQL event details
  Found duplicate reference, linking to canonical issue
  Successfully closed issue #17230 as duplicate and removed label using GraphQL
  ✓ Issue #17230 updated successfully
Processing issue #17222: InMemory preview 8 :Operation is not valid due to the current state of the object
  Successfully closed issue #17222 as duplicate and removed label using GraphQL
  ✓ Issue #17222 updated successfully
Processing issue #17220: Feature proposal - [REVENG] Add a default pluralizer implementation
  Successfully closed issue #17220 as duplicate and removed label using GraphQL
  ✓ Issue #17220 updated successfully
Processing issue #17215: Support FromSql with table splitting
  Found marked_as_duplicate event at 5/13/2022 11:15:17 PM +00:00
  Found canonical issue #18616 from event details
  Found canonical issue via GraphQL event details
  Found duplicate reference, linking to canonical issue
  Successfully closed issue #17215 as duplicate and removed label using GraphQL
  ✓ Issue #17215 updated successfully
Processing issue #17212: Invalid ThenInclude() Nullable Reference Type Warning
  Found marked_as_duplicate event at 11/23/2022 9:55:25 AM +00:00
  Found canonical issue #21663 from event details
  Found canonical issue via GraphQL event details
  Found duplicate reference, linking to canonical issue
  Successfully closed issue #17212 as duplicate and removed label using GraphQL
  ✓ Issue #17212 updated successfully
Processing issue #17201: Add Support for null owned types
  Found marked_as_duplicate event at 8/16/2019 6:44:07 PM +00:00
  Found canonical issue #9005 from event details
  Found canonical issue via GraphQL event details
  Found duplicate reference, linking to canonical issue
  Successfully closed issue #17201 as duplicate and removed label using GraphQL
  ✓ Issue #17201 updated successfully
Processing issue #17197: EF Core 3.0 Preview 8: Where condition including a boolean.ToString() throw exception 
  Found marked_as_duplicate event at 8/16/2019 4:14:12 PM +00:00
  Found canonical issue #14205 from event details
  Found canonical issue via GraphQL event details
  Found duplicate reference, linking to canonical issue
  Successfully closed issue #17197 as duplicate and removed label using GraphQL
  ✓ Issue #17197 updated successfully
Processing issue #17196: Regressoion: select to new type fails query.Select(q => new Object { Name = q })
  Found marked_as_duplicate event at 8/16/2019 2:08:45 PM +00:00
  Found canonical issue #16789 from event details
  Found canonical issue via GraphQL event details
  Found duplicate reference, linking to canonical issue
  Successfully closed issue #17196 as duplicate and removed label using GraphQL
  ✓ Issue #17196 updated successfully
Processing issue #17254: Identity exception when using an InMemory database
  Found marked_as_duplicate event at 8/19/2019 4:49:54 PM +00:00
  Found canonical issue #16963 from event details
  Found canonical issue via GraphQL event details
  Found duplicate reference, linking to canonical issue
  Successfully closed issue #17254 as duplicate and removed label using GraphQL
  ✓ Issue #17254 updated successfully
Processing issue #17195: Aggregate function distinct count throw exception 'NonNavSource'
  Found marked_as_duplicate event at 8/16/2019 2:10:03 PM +00:00
  Found canonical issue #15249 from event details
  Found canonical issue via GraphQL event details
  Found duplicate reference, linking to canonical issue
  Successfully closed issue #17195 as duplicate and removed label using GraphQL
  ✓ Issue #17195 updated successfully
Processing issue #17194: HasConversion support for nested properties
  Found marked_as_duplicate event at 11/15/2019 8:53:50 PM +00:00
  Found canonical issue #13850 from event details
  Found canonical issue via GraphQL event details
  Found duplicate reference, linking to canonical issue
  Successfully closed issue #17194 as duplicate and removed label using GraphQL
  ✓ Issue #17194 updated successfully
Processing issue #17184: Adding an -exclude option to db first scaffold
  Found marked_as_duplicate event at 8/15/2019 8:20:27 PM +00:00
  Found canonical issue #6182 from event details
  Found canonical issue via GraphQL event details
  Found duplicate reference, linking to canonical issue
  Successfully closed issue #17184 as duplicate and removed label using GraphQL
  ✓ Issue #17184 updated successfully
Processing issue #17176: preview8 join giving not implemented 
  Found marked_as_duplicate event at 3/16/2020 8:31:47 PM +00:00
  Found canonical issue #19930 from event details
  Found canonical issue via GraphQL event details
  Found duplicate reference, linking to canonical issue
  Successfully closed issue #17176 as duplicate and removed label using GraphQL
  ✓ Issue #17176 updated successfully
Processing issue #17175: preview8 - Seed data error 'The model must be finalized before GetTypeMapping can be used'
  Found marked_as_duplicate event at 8/15/2019 2:31:16 PM +00:00
  Found canonical issue #17145 from event details
  Found canonical issue via GraphQL event details
  Found duplicate reference, linking to canonical issue
  Successfully closed issue #17175 as duplicate and removed label using GraphQL
  ✓ Issue #17175 updated successfully
Processing issue #17174: preview8 - 'dotnet ef migrations add / remove' error 'The model must be finalized before GetTypeMapping can be used'
  Successfully closed issue #17174 as duplicate and removed label using GraphQL
  ✓ Issue #17174 updated successfully
Processing issue #17173: InvalidOperationException LINQ with Join (Regression in EF Core 3.0 Preview 6)
  Found marked_as_duplicate event at 8/16/2019 6:44:50 PM +00:00
  Found canonical issue #16330 from event details
  Found canonical issue via GraphQL event details
  Found duplicate reference, linking to canonical issue
  Successfully closed issue #17173 as duplicate and removed label using GraphQL
  ✓ Issue #17173 updated successfully
Processing issue #17165: OwnedType throws error entity type is sharing the table
  Successfully closed issue #17165 as duplicate and removed label using GraphQL
  ✓ Issue #17165 updated successfully
Processing issue #17150: SelectMany in Preview 8
  Successfully closed issue #17150 as duplicate and removed label using GraphQL
  ✓ Issue #17150 updated successfully
Processing issue #17147: DB-Scaffold output doesn't work with C#8 nullable flag
  Found marked_as_duplicate event at 8/14/2019 5:20:22 PM +00:00
  Found canonical issue #15520 from event details
  Found canonical issue via GraphQL event details
  Found duplicate reference, linking to canonical issue
  Successfully closed issue #17147 as duplicate and removed label using GraphQL
  ✓ Issue #17147 updated successfully
Processing issue #17144: Exception when applying Count() or CountAsync() to IQueriable<T>
  Found marked_as_duplicate event at 8/14/2019 4:56:13 PM +00:00
  Found canonical issue #16722 from event details
  Found canonical issue via GraphQL event details
  Found duplicate reference, linking to canonical issue
  Successfully closed issue #17144 as duplicate and removed label using GraphQL
  ✓ Issue #17144 updated successfully
Processing issue #17135: TPH Inheritance with shared backing columns call all converters of all derived types
  Successfully closed issue #17135 as duplicate and removed label using GraphQL
  ✓ Issue #17135 updated successfully
Processing issue #17127: Cannot apply DbContext to existing database
  Successfully closed issue #17127 as duplicate and removed label using GraphQL
  ✓ Issue #17127 updated successfully
Processing issue #17256: Entity Framework Core Package Manager Console string mishandling
  Successfully closed issue #17256 as duplicate and removed label using GraphQL
  ✓ Issue #17256 updated successfully
Processing issue #17094: InvalidOperationException after upgrading to net core 3.0
  Found marked_as_duplicate event at 8/12/2019 4:56:16 PM +00:00
  Found canonical issue #17090 from event details
  Found canonical issue via GraphQL event details
  Found duplicate reference, linking to canonical issue
  Successfully closed issue #17094 as duplicate and removed label using GraphQL
  ✓ Issue #17094 updated successfully
Processing issue #17056: SingleOrDefaultAsync throws NullReference Exception if source is empty
  Found marked_as_duplicate event at 8/9/2019 3:55:49 PM +00:00
  Found canonical issue #16099 from event details
  Found canonical issue via GraphQL event details
  Found duplicate reference, linking to canonical issue
  Successfully closed issue #17056 as duplicate and removed label using GraphQL
  ✓ Issue #17056 updated successfully
Processing issue #17055: InMemory ArgumentException with OwnedType and InMemoryDatabaseRoot
  Found marked_as_duplicate event at 5/25/2020 8:36:27 PM +00:00
  Found canonical issue #20784 from event details
  Found canonical issue via GraphQL event details
  Found duplicate reference, linking to canonical issue
  Successfully closed issue #17055 as duplicate and removed label using GraphQL
  ✓ Issue #17055 updated successfully
Processing issue #17047: Query: investigate/fix failures in FiltersInheritanceInMemoryTest test suite
  Successfully closed issue #17047 as duplicate and removed label using GraphQL
  ✓ Issue #17047 updated successfully
Processing issue #17046: Migration fails on changing computed value to non-computed value property
  Found marked_as_duplicate event at 8/9/2019 2:30:05 PM +00:00
  Found canonical issue #14075 from event details
  Found canonical issue via GraphQL event details
  Found duplicate reference, linking to canonical issue
  Successfully closed issue #17046 as duplicate and removed label using GraphQL
  ✓ Issue #17046 updated successfully
Processing issue #17031: Support join with enumerable on client
  Found marked_as_duplicate event at 6/13/2023 9:59:53 AM +00:00
  Found canonical issue #30426 from event details
  Found canonical issue via GraphQL event details
  Found duplicate reference, linking to canonical issue
  Successfully closed issue #17031 as duplicate and removed label using GraphQL
  ✓ Issue #17031 updated successfully
Processing issue #17025: Getting a string[] from a UDF
  Found marked_as_duplicate event at 8/9/2019 6:20:42 PM +00:00
  Found canonical issue #4319 from event details
  Found canonical issue via GraphQL event details
  Found duplicate reference, linking to canonical issue
  Successfully closed issue #17025 as duplicate and removed label using GraphQL
  ✓ Issue #17025 updated successfully
Processing issue #16994: InMemory: Translate Owned navigations in query
  Successfully closed issue #16994 as duplicate and removed label using GraphQL
  ✓ Issue #16994 updated successfully
Processing issue #16990: [Question] How to .Include if .Find is used?
  Found marked_as_duplicate event at 8/6/2019 7:07:42 PM +00:00
  Found canonical issue #6935 from event details
  Found canonical issue via GraphQL event details
  Found duplicate reference, linking to canonical issue
  Successfully closed issue #16990 as duplicate and removed label using GraphQL
  ✓ Issue #16990 updated successfully
Processing issue #16979: Owned types are not loaded
  Successfully closed issue #16979 as duplicate and removed label using GraphQL
  ✓ Issue #16979 updated successfully
Processing issue #16973: Any() throws exception: Operation is not valid due to the current state of the object
  Successfully closed issue #16973 as duplicate and removed label using GraphQL
  ✓ Issue #16973 updated successfully
Processing issue #16962: IAsyncQueryProvider what is expected in TResult IAsyncQueryProvider.ExecuteAsyn
  Found marked_as_duplicate event at 8/5/2019 8:14:21 PM +00:00
  Found canonical issue #16864 from event details
  Found canonical issue via GraphQL event details
  Found duplicate reference, linking to canonical issue
  Successfully closed issue #16962 as duplicate and removed label using GraphQL
  ✓ Issue #16962 updated successfully
Processing issue #16961: Aggregate nullable nested data in select
  Found marked_as_duplicate event at 8/9/2019 6:26:11 PM +00:00
  Found canonical issue #12657 from event details
  Found canonical issue via GraphQL event details
  Found duplicate reference, linking to canonical issue
  Successfully closed issue #16961 as duplicate and removed label using GraphQL
  ✓ Issue #16961 updated successfully
Processing issue #16944: InMemory provider with data (via HasData()) fails when .EnsureCreated() is called on it
  Found marked_as_duplicate event at 8/5/2019 4:08:33 PM +00:00
  Found canonical issue #16025 from event details
  Found canonical issue via GraphQL event details
  Found duplicate reference, linking to canonical issue
  Successfully closed issue #16944 as duplicate and removed label using GraphQL
  ✓ Issue #16944 updated successfully
Processing issue #16943: [Required]/IsRequired() on properties of owned entities is ignored
  Found marked_as_duplicate event at 6/16/2025 9:46:24 AM +00:00
  Found canonical issue #18373 from event details
  Found canonical issue via GraphQL event details
  Found duplicate reference, linking to canonical issue
  Successfully closed issue #16943 as duplicate and removed label using GraphQL
  ✓ Issue #16943 updated successfully
Processing issue #16942: Empty DbSet throw System.NullReferenceException when accessed even with SingleOrDefault and similar
  Successfully closed issue #16942 as duplicate and removed label using GraphQL
  ✓ Issue #16942 updated successfully
Processing issue #16941: Database Creation Parameters
  Found marked_as_duplicate event at 8/5/2019 2:46:51 PM +00:00
  Found canonical issue #6577 from event details
  Found canonical issue via GraphQL event details
  Found duplicate reference, linking to canonical issue
  Successfully closed issue #16941 as duplicate and removed label using GraphQL
  ✓ Issue #16941 updated successfully
Processing issue #16932: `IncludeAssets` seems to break IPluralizer
  Successfully closed issue #16932 as duplicate and removed label using GraphQL
  ✓ Issue #16932 updated successfully
Processing issue #16911: Extend Scaffold-DbContext to create separate EntityTypeBuilders
  Successfully closed issue #16911 as duplicate and removed label using GraphQL
  ✓ Issue #16911 updated successfully
Processing issue #16908: Bug: Cannot create user while using InMemoryDatabase
  Found marked_as_duplicate event at 8/5/2019 8:07:25 PM +00:00
  Found canonical issue #16963 from event details
  Found canonical issue via GraphQL event details
  Found duplicate reference, linking to canonical issue
  Successfully closed issue #16908 as duplicate and removed label using GraphQL
  ✓ Issue #16908 updated successfully
Processing issue #16899: Query: Apply Include only once on given entity
  Found marked_as_duplicate event at 3/16/2020 8:17:46 PM +00:00
  Found canonical issue #15783 from event details
  Found canonical issue via GraphQL event details
  Found duplicate reference, linking to canonical issue
  Successfully closed issue #16899 as duplicate and removed label using GraphQL
  ✓ Issue #16899 updated successfully
Processing issue #16896: Projection throws NullReferenceException
  Successfully closed issue #16896 as duplicate and removed label using GraphQL
  ✓ Issue #16896 updated successfully
Processing issue #16894: preview7 regression: Nullable`1 types treated as required
  Successfully closed issue #16894 as duplicate and removed label using GraphQL
  ✓ Issue #16894 updated successfully
Processing issue #16884: Ignore Models from external dbcontexts
  Found marked_as_duplicate event at 8/1/2019 3:17:55 PM +00:00
  Found canonical issue #2725 from event details
  Found canonical issue via GraphQL event details
  Found duplicate reference, linking to canonical issue
  Successfully closed issue #16884 as duplicate and removed label using GraphQL
  ✓ Issue #16884 updated successfully
Processing issue #16863: How to Create One to Many Mapping in relation to stored procedure
  Successfully closed issue #16863 as duplicate and removed label using GraphQL
  ✓ Issue #16863 updated successfully
Processing issue #16857: remove-migration: The model must be finalized before 'GetTypeMapping' can be used
  Found marked_as_duplicate event at 7/30/2019 9:10:07 PM +00:00
  Found canonical issue #16737 from event details
  Found canonical issue via GraphQL event details
  Found duplicate reference, linking to canonical issue
  Successfully closed issue #16857 as duplicate and removed label using GraphQL
  ✓ Issue #16857 updated successfully
Processing issue #16840: ArgumentException:  Argument type 'System.Collections.Generic.List`1[<>f__AnonymousType1`2...]]' does not match the corresponding member, with correlated subquery
  Found marked_as_duplicate event at 8/5/2019 8:01:03 PM +00:00
  Found canonical issue #16314 from event details
  Found canonical issue via GraphQL event details
  Found duplicate reference, linking to canonical issue
  Successfully closed issue #16840 as duplicate and removed label using GraphQL
  ✓ Issue #16840 updated successfully
Processing issue #16821: Cosmos Db Provider 
  Found marked_as_duplicate event at 7/29/2019 7:05:25 PM +00:00
  Found canonical issue #16783 from event details
  Found canonical issue via GraphQL event details
  Found duplicate reference, linking to canonical issue
  Successfully closed issue #16821 as duplicate and removed label using GraphQL
  ✓ Issue #16821 updated successfully
Processing issue #16817: Entities for projection collection are tracked, but collection remains empty
  Successfully closed issue #16817 as duplicate and removed label using GraphQL
  ✓ Issue #16817 updated successfully
Processing issue #16795: ODBC database provider
  Successfully closed issue #16795 as duplicate and removed label using GraphQL
  ✓ Issue #16795 updated successfully
Processing issue #16770: Problem with complex owned types mapping EF Core 3.0 Preview7
  Successfully closed issue #16770 as duplicate and removed label using GraphQL
  ✓ Issue #16770 updated successfully
Processing issue #16763: 3.0 preview 7 - Unable to have navigation property or cascade delete when using TPH
  Successfully closed issue #16763 as duplicate and removed label using GraphQL
  ✓ Issue #16763 updated successfully
Processing issue #16754: OwnsOne failed with two Tables
  Found marked_as_duplicate event at 7/25/2019 11:59:04 PM +00:00
  Found canonical issue #15285 from event details
  Found canonical issue via GraphQL event details
  Found duplicate reference, linking to canonical issue
  Successfully closed issue #16754 as duplicate and removed label using GraphQL
  ✓ Issue #16754 updated successfully
Processing issue #16747: complex query causes NullReferenceException
  Found marked_as_duplicate event at 7/30/2019 7:20:19 PM +00:00
  Found canonical issue #15855 from event details
  Found canonical issue via GraphQL event details
  Found duplicate reference, linking to canonical issue
  Successfully closed issue #16747 as duplicate and removed label using GraphQL
  ✓ Issue #16747 updated successfully
Processing issue #16741: why does remove Non-existent entity  throw an exception
  Successfully closed issue #16741 as duplicate and removed label using GraphQL
  ✓ Issue #16741 updated successfully
Successfully processed 100 issues
Processing issues in dotnet/efcore...
Found 100 issues with 'closed-duplicate' label
Processing issue #16731: GroupJoin - The method or operation is not implemented
  Successfully closed issue #16731 as duplicate and removed label using GraphQL
  ✓ Issue #16731 updated successfully
Processing issue #16720: update rule
  Successfully closed issue #16720 as duplicate and removed label using GraphQL
  ✓ Issue #16720 updated successfully
Processing issue #16719: Selecting navigation properties results in System.InvalidOperationException: Operation is not valid due to the current state of the object
  Found marked_as_duplicate event at 7/30/2019 6:26:55 PM +00:00
  Found canonical issue #15249 from event details
  Found canonical issue via GraphQL event details
  Found duplicate reference, linking to canonical issue
  Successfully closed issue #16719 as duplicate and removed label using GraphQL
  ✓ Issue #16719 updated successfully
Processing issue #16714: Add interception for connection creation
  Successfully closed issue #16714 as duplicate and removed label using GraphQL
  ✓ Issue #16714 updated successfully
Processing issue #16698: Multiple references to nested owned entities generates broken migration
  Successfully closed issue #16698 as duplicate and removed label using GraphQL
  ✓ Issue #16698 updated successfully
Processing issue #16689: Inmemory DB throws ArgumentException when adding an item in a second service collection
  Found marked_as_duplicate event at 7/22/2019 6:46:36 PM +00:00
  Found canonical issue #6872 from event details
  Found canonical issue via GraphQL event details
  Found duplicate reference, linking to canonical issue
  Successfully closed issue #16689 as duplicate and removed label using GraphQL
  ✓ Issue #16689 updated successfully
Processing issue #16672: Move (SELECT 1) ordering from relational to SqlServer provider
  Found marked_as_duplicate event at 1/5/2020 7:23:45 PM +00:00
  Found canonical issue #19332 from event details
  Found canonical issue via GraphQL event details
  Found duplicate reference, linking to canonical issue
  Successfully closed issue #16672 as duplicate and removed label using GraphQL
  ✓ Issue #16672 updated successfully
Processing issue #16669: Projection: issues with multi-column foreign keys
  Successfully closed issue #16669 as duplicate and removed label using GraphQL
  ✓ Issue #16669 updated successfully
Processing issue #16665: [Bug] System.Linq.IQueryable SelectMany provokes a System.NullReferenceException at evaluation
  Successfully closed issue #16665 as duplicate and removed label using GraphQL
  ✓ Issue #16665 updated successfully
Processing issue #16664: "Onswone" Select failed with two tables
  Found marked_as_duplicate event at 7/19/2019 7:05:36 PM +00:00
  Found canonical issue #15285 from event details
  Found canonical issue via GraphQL event details
  Found duplicate reference, linking to canonical issue
  Successfully closed issue #16664 as duplicate and removed label using GraphQL
  ✓ Issue #16664 updated successfully
Processing issue #16648: Wrong distance values with GroupBy 
  Found marked_as_duplicate event at 7/18/2019 3:02:57 PM +00:00
  Found canonical issue #12088 from event details
  Found canonical issue via GraphQL event details
  Found duplicate reference, linking to canonical issue
  Successfully closed issue #16648 as duplicate and removed label using GraphQL
  ✓ Issue #16648 updated successfully
Processing issue #17575: "The specified deps.json ... does not exist" Error on Visual Studio 2019 Migration
  Found marked_as_duplicate event at 9/18/2019 10:34:05 PM +00:00
  Found canonical issue #16386 from event details
  Found canonical issue via GraphQL event details
  Found duplicate reference, linking to canonical issue
  Successfully closed issue #17575 as duplicate and removed label using GraphQL
  ✓ Issue #17575 updated successfully
Processing issue #16639: Sqlite: ValueConverters are not taken into account with DateTime.Now
  Found marked_as_duplicate event at 7/17/2019 3:13:01 PM +00:00
  Found canonical issue #10434 from event details
  Found canonical issue via GraphQL event details
  Found duplicate reference, linking to canonical issue
  Successfully closed issue #16639 as duplicate and removed label using GraphQL
  ✓ Issue #16639 updated successfully
Processing issue #16637: Is it possible to provide custom expression for not mapped property?
  Successfully closed issue #16637 as duplicate and removed label using GraphQL
  ✓ Issue #16637 updated successfully
Processing issue #16635: Nested owned types are reset during DetectChanges
  Successfully closed issue #16635 as duplicate and removed label using GraphQL
  ✓ Issue #16635 updated successfully
Processing issue #16632: Scaffolding Issue With Temporal Table Hidden Columns - Value cannot be null.
  Successfully closed issue #16632 as duplicate and removed label using GraphQL
  ✓ Issue #16632 updated successfully
Processing issue #16628: [EFCore, Npgsql] ValueGeneratedOnAdd being incorrectly generated by Migration?
  Successfully closed issue #16628 as duplicate and removed label using GraphQL
  ✓ Issue #16628 updated successfully
Processing issue #16613: EF Migrations - complex data updates
  Successfully closed issue #16613 as duplicate and removed label using GraphQL
  ✓ Issue #16613 updated successfully
Processing issue #16605: Linq statements with nested ThenIncludes() generate SQL that fails
  Found marked_as_duplicate event at 7/19/2019 7:50:26 PM +00:00
  Found canonical issue #15611 from event details
  Found canonical issue via GraphQL event details
  Found duplicate reference, linking to canonical issue
  Successfully closed issue #16605 as duplicate and removed label using GraphQL
  ✓ Issue #16605 updated successfully
Processing issue #16581: Discriminator enum throws exception when named 'Discriminator'
  Found marked_as_duplicate event at 7/12/2019 4:11:47 PM +00:00
  Found canonical issue #15553 from event details
  Found canonical issue via GraphQL event details
  Found duplicate reference, linking to canonical issue
  Successfully closed issue #16581 as duplicate and removed label using GraphQL
  ✓ Issue #16581 updated successfully
Processing issue #16575: InMemory: Reading value from server may need to apply default
  Successfully closed issue #16575 as duplicate and removed label using GraphQL
  ✓ Issue #16575 updated successfully
Processing issue #16570: Consider relaxing "SQL statements other than SELECT are recognized automatically as non-composable" for CTE
  Found marked_as_duplicate event at 7/11/2019 4:20:18 PM +00:00
  Found canonical issue #4976 from event details
  Found canonical issue via GraphQL event details
  Found duplicate reference, linking to canonical issue
  Successfully closed issue #16570 as duplicate and removed label using GraphQL
  ✓ Issue #16570 updated successfully
Processing issue #16554: ExecutionStrategy is not called for ToXXXAsync when AsNoTracking configured
  Found marked_as_duplicate event at 7/12/2019 5:20:00 PM +00:00
  Found canonical issue #14730 from event details
  Found canonical issue via GraphQL event details
  Found duplicate reference, linking to canonical issue
  Successfully closed issue #16554 as duplicate and removed label using GraphQL
  ✓ Issue #16554 updated successfully
Processing issue #16553: Custom model in FromSql method
  Successfully closed issue #16553 as duplicate and removed label using GraphQL
  ✓ Issue #16553 updated successfully
Processing issue #16543: Existing ids are not taken into account when generating new ids.
  Successfully closed issue #16543 as duplicate and removed label using GraphQL
  ✓ Issue #16543 updated successfully
Processing issue #16540: Many-to-Many relationship returns infinitely recursive object graph
  Found marked_as_duplicate event at 7/12/2019 3:55:52 PM +00:00
  Found canonical issue #11564 from event details
  Found canonical issue via GraphQL event details
  Found duplicate reference, linking to canonical issue
  Successfully closed issue #16540 as duplicate and removed label using GraphQL
  ✓ Issue #16540 updated successfully
Processing issue #16533: NullReferenceException on UserManager:CreateAsync using In-Memory provider
  Successfully closed issue #16533 as duplicate and removed label using GraphQL
  ✓ Issue #16533 updated successfully
Processing issue #16529: Support Ordering of Child Navigation Properties When Using .Include()
  Found marked_as_duplicate event at 7/9/2019 6:28:59 PM +00:00
  Found canonical issue #2919 from event details
  Found canonical issue via GraphQL event details
  Found duplicate reference, linking to canonical issue
  Successfully closed issue #16529 as duplicate and removed label using GraphQL
  ✓ Issue #16529 updated successfully
Processing issue #16516: Multiple Include collection causes SqlNullValueException
  Successfully closed issue #16516 as duplicate and removed label using GraphQL
  ✓ Issue #16516 updated successfully
Processing issue #16507: Is there anything like IPostLoadEventListener in Entity Framework Core
  Found marked_as_duplicate event at 7/8/2019 4:10:34 PM +00:00
  Found canonical issue #15911 from event details
  Found canonical issue via GraphQL event details
  Found duplicate reference, linking to canonical issue
  Successfully closed issue #16507 as duplicate and removed label using GraphQL
  ✓ Issue #16507 updated successfully
Processing issue #16496: Improve startup time by caching compiled queries on disk
  Successfully closed issue #16496 as duplicate and removed label using GraphQL
  ✓ Issue #16496 updated successfully
Processing issue #16483: Navigation Collection Cleared after first SaveChanges
  Successfully closed issue #16483 as duplicate and removed label using GraphQL
  ✓ Issue #16483 updated successfully
Processing issue #16461: HasQueryFilter not working
  Successfully closed issue #16461 as duplicate and removed label using GraphQL
  ✓ Issue #16461 updated successfully
Processing issue #16360: Owned types on an owner sub-type are not loaded
  Successfully closed issue #16360 as duplicate and removed label using GraphQL
  ✓ Issue #16360 updated successfully
Processing issue #16343: Querying Data in a System-Versioned Temporal Table
  Found marked_as_duplicate event at 6/29/2019 4:52:50 PM +00:00
  Found canonical issue #4693 from event details
  Found canonical issue via GraphQL event details
  Found duplicate reference, linking to canonical issue
  Successfully closed issue #16343 as duplicate and removed label using GraphQL
  ✓ Issue #16343 updated successfully
Processing issue #16331: Consider supporting deleting database snapshot files of old migrations
  Successfully closed issue #16331 as duplicate and removed label using GraphQL
  ✓ Issue #16331 updated successfully
Processing issue #16329: EFCore Use timestamps to control concurrency problems
  Successfully closed issue #16329 as duplicate and removed label using GraphQL
  ✓ Issue #16329 updated successfully
Processing issue #16328: Query: include with non-mapped projection throws during compilation
  Successfully closed issue #16328 as duplicate and removed label using GraphQL
  ✓ Issue #16328 updated successfully
Processing issue #16321: Query: add support for owned/weak entities
  Found marked_as_duplicate event at 6/28/2019 7:56:49 PM +00:00
  Found canonical issue #15285 from event details
  Found canonical issue via GraphQL event details
  Found duplicate reference, linking to canonical issue
  Successfully closed issue #16321 as duplicate and removed label using GraphQL
  ✓ Issue #16321 updated successfully
Processing issue #16315: Global Query Filters do not work with EF Preview 6
  Found marked_as_duplicate event at 6/28/2019 7:57:44 PM +00:00
  Found canonical issue #15264 from event details
  Found canonical issue via GraphQL event details
  Found duplicate reference, linking to canonical issue
  Successfully closed issue #16315 as duplicate and removed label using GraphQL
  ✓ Issue #16315 updated successfully
Processing issue #16313: Query: Correlated subquery with skip/take requires window functions
  Found marked_as_duplicate event at 3/16/2020 8:33:53 PM +00:00
  Found canonical issue #17326 from event details
  Found canonical issue via GraphQL event details
  Found duplicate reference, linking to canonical issue
  Successfully closed issue #16313 as duplicate and removed label using GraphQL
  ✓ Issue #16313 updated successfully
Processing issue #16294: Feature Request: Add OrWhere to Entity Framework
  Found marked_as_duplicate event at 6/27/2019 3:37:00 PM +00:00
  Found canonical issue #13915 from event details
  Found canonical issue via GraphQL event details
  Found duplicate reference, linking to canonical issue
  Successfully closed issue #16294 as duplicate and removed label using GraphQL
  ✓ Issue #16294 updated successfully
Processing issue #16293: Query: correlated SelectMany is not supported
  Found marked_as_duplicate event at 6/28/2019 7:58:16 PM +00:00
  Found canonical issue #15081 from event details
  Found canonical issue via GraphQL event details
  Found duplicate reference, linking to canonical issue
  Successfully closed issue #16293 as duplicate and removed label using GraphQL
  ✓ Issue #16293 updated successfully
Processing issue #16286: Improve exceptions we throw when something cannot be translated to the server query
  Successfully closed issue #16286 as duplicate and removed label using GraphQL
  ✓ Issue #16286 updated successfully
Processing issue #16279: InvalidOperationException when attempting to filter on decimal data type
  Successfully closed issue #16279 as duplicate and removed label using GraphQL
  ✓ Issue #16279 updated successfully
Processing issue #16277: Entity freamework InvalidOperationException When using Include
  Found marked_as_duplicate event at 6/26/2019 4:02:25 PM +00:00
  Found canonical issue #15871 from event details
  Found canonical issue via GraphQL event details
  Found duplicate reference, linking to canonical issue
  Successfully closed issue #16277 as duplicate and removed label using GraphQL
  ✓ Issue #16277 updated successfully
Processing issue #16270: In Memory Database Doesn't Use Value Conversion
  Successfully closed issue #16270 as duplicate and removed label using GraphQL
  ✓ Issue #16270 updated successfully
Processing issue #16283: code first migrations in ef core with more than one one to one relationship between the same entities only adds one relationship
  Found marked_as_duplicate event at 6/26/2019 5:45:47 PM +00:00
  Found canonical issue #16278 from event details
  Found canonical issue via GraphQL event details
  Found duplicate reference, linking to canonical issue
  Successfully closed issue #16283 as duplicate and removed label using GraphQL
  ✓ Issue #16283 updated successfully
Processing issue #16221: Query: simplify comparisons which are result of null semantics in predicates
  Successfully closed issue #16221 as duplicate and removed label using GraphQL
  ✓ Issue #16221 updated successfully
Processing issue #16216: Missing reference error when inheriting from CSharpMigrationsGenerator
  Successfully closed issue #16216 as duplicate and removed label using GraphQL
  ✓ Issue #16216 updated successfully
Processing issue #16211: Ef Core automatically includes collection causing performance issue due to response size
  Found marked_as_duplicate event at 6/24/2019 4:19:45 PM +00:00
  Found canonical issue #13577 from event details
  Found canonical issue via GraphQL event details
  Found duplicate reference, linking to canonical issue
  Successfully closed issue #16211 as duplicate and removed label using GraphQL
  ✓ Issue #16211 updated successfully
Processing issue #16194: OwnsMany with inheritance/discriminator
  Successfully closed issue #16194 as duplicate and removed label using GraphQL
  ✓ Issue #16194 updated successfully
Processing issue #16190: Sqlite - multiple include throw not implemented exception in Preview6
  Successfully closed issue #16190 as duplicate and removed label using GraphQL
  ✓ Issue #16190 updated successfully
Processing issue #16176: Feature Request: Insert SQL commands in sql text stream 
  Found marked_as_duplicate event at 6/20/2019 3:59:26 PM +00:00
  Found canonical issue #703 from event details
  Found canonical issue via GraphQL event details
  Found duplicate reference, linking to canonical issue
  Successfully closed issue #16176 as duplicate and removed label using GraphQL
  ✓ Issue #16176 updated successfully
Processing issue #16163: Question: entities relationships between 2 assemblies (libraries)
  Successfully closed issue #16163 as duplicate and removed label using GraphQL
  ✓ Issue #16163 updated successfully
Processing issue #16160: .Net Core 2.1 EntityFramework Error - Casting User Defined Types and at runtime getting Type dbo.Flag is not a defined system type.
  Found marked_as_duplicate event at 6/19/2019 2:46:35 PM +00:00
  Found canonical issue #12633 from event details
  Found canonical issue via GraphQL event details
  Found duplicate reference, linking to canonical issue
  Successfully closed issue #16160 as duplicate and removed label using GraphQL
  ✓ Issue #16160 updated successfully
Processing issue #16139: HasQueryFilter not working from Entity Framework Core 3.0 Preview 6
  Found marked_as_duplicate event at 6/18/2019 8:21:14 PM +00:00
  Found canonical issue #15264 from event details
  Found canonical issue via GraphQL event details
  Found duplicate reference, linking to canonical issue
  Successfully closed issue #16139 as duplicate and removed label using GraphQL
  ✓ Issue #16139 updated successfully
Processing issue #16126: Operation is not valid due to the current state of the object
  Found marked_as_duplicate event at 6/20/2019 9:15:10 PM +00:00
  Found canonical issue #10001 from event details
  Found canonical issue via GraphQL event details
  Found duplicate reference, linking to canonical issue
  Successfully closed issue #16126 as duplicate and removed label using GraphQL
  ✓ Issue #16126 updated successfully
Processing issue #16125: .NET Core 3.0.100-preview6-012264 upgrade breaks Culture Comparison
  Successfully closed issue #16125 as duplicate and removed label using GraphQL
  ✓ Issue #16125 updated successfully
Processing issue #16124: Include cause invalid queries
  Successfully closed issue #16124 as duplicate and removed label using GraphQL
  ✓ Issue #16124 updated successfully
Processing issue #16115: Global Query is not working in preview6
  Found marked_as_duplicate event at 6/17/2019 7:01:23 PM +00:00
  Found canonical issue #15264 from event details
  Found canonical issue via GraphQL event details
  Found duplicate reference, linking to canonical issue
  Successfully closed issue #16115 as duplicate and removed label using GraphQL
  ✓ Issue #16115 updated successfully
Processing issue #16106: Exception must be reducible node when upgrading to Preview6
  Successfully closed issue #16106 as duplicate and removed label using GraphQL
  ✓ Issue #16106 updated successfully
Processing issue #16102: Preview 6 "Object reference not set to an instance of an object."
  Successfully closed issue #16102 as duplicate and removed label using GraphQL
  ✓ Issue #16102 updated successfully
Processing issue #16094: Query: optimize translation of OfType - remove redundant discriminator predicate elements
  Found marked_as_duplicate event at 3/16/2020 7:38:41 PM +00:00
  Found canonical issue #15808 from event details
  Found canonical issue via GraphQL event details
  Found duplicate reference, linking to canonical issue
  Successfully closed issue #16094 as duplicate and removed label using GraphQL
  ✓ Issue #16094 updated successfully
Processing issue #16090: Query: Invalid include path failures
  Successfully closed issue #16090 as duplicate and removed label using GraphQL
  ✓ Issue #16090 updated successfully
Processing issue #16087: Preview 6 - NotImplementedException on nullable query
  Successfully closed issue #16087 as duplicate and removed label using GraphQL
  ✓ Issue #16087 updated successfully
Processing issue #16081: Query: discriminator predicate can be pulled out of subquery for some cases (cross join or inner join)
  Found marked_as_duplicate event at 8/23/2019 12:37:18 AM +00:00
  Found canonical issue #17161 from event details
  Found canonical issue via GraphQL event details
  Found duplicate reference, linking to canonical issue
  Successfully closed issue #16081 as duplicate and removed label using GraphQL
  ✓ Issue #16081 updated successfully
Processing issue #16073: Preview 6 - No data exists for the row/column.
  Successfully closed issue #16073 as duplicate and removed label using GraphQL
  ✓ Issue #16073 updated successfully
Processing issue #16072: Preview 6 - The data is NULL at ordinal 5
  Successfully closed issue #16072 as duplicate and removed label using GraphQL
  ✓ Issue #16072 updated successfully
Processing issue #16068: The instance of entity type 'SUsers' cannot be tracked because another instance with the key value '{Id: 1}' is already being tracked. When attaching existing entities, ensure that only one entity instance with a given key value is attached.
  Successfully closed issue #16068 as duplicate and removed label using GraphQL
  ✓ Issue #16068 updated successfully
Processing issue #16067: Concurrency Exception when saving changes in Insert operation in a table with INSTEAD OF INSERT Trigger
  Found marked_as_duplicate event at 6/13/2019 2:21:13 PM +00:00
  Found canonical issue #12064 from event details
  Found canonical issue via GraphQL event details
  Found duplicate reference, linking to canonical issue
  Successfully closed issue #16067 as duplicate and removed label using GraphQL
  ✓ Issue #16067 updated successfully
Processing issue #16064: Microsoft.EntityFrameworkCore.Cosmos 3.0.0-preview6.19304.10, All Query Show  The method or operation is not implemented.
  Successfully closed issue #16064 as duplicate and removed label using GraphQL
  ✓ Issue #16064 updated successfully
Processing issue #16062: Switch to use reflection nullability API
  Successfully closed issue #16062 as duplicate and removed label using GraphQL
  ✓ Issue #16062 updated successfully
Processing issue #16061: Preview6 - System.NotImplementedException: The method or operation is not implemented in SqlExpressions.SelectExpression.ApplyCollectionJoin
  Successfully closed issue #16061 as duplicate and removed label using GraphQL
  ✓ Issue #16061 updated successfully
Processing issue #16060: 3.0.0-preview6.19304.10 Azure Cosmos DB Provider FindAsync Throws NotImplementedException
  Successfully closed issue #16060 as duplicate and removed label using GraphQL
  ✓ Issue #16060 updated successfully
Processing issue #16059: Preview 6: Multiple .Include() calls cause NotImplementedException
  Successfully closed issue #16059 as duplicate and removed label using GraphQL
  ✓ Issue #16059 updated successfully
Processing issue #16034: Enable ForceIndex extension
  Found marked_as_duplicate event at 6/11/2019 4:13:04 PM +00:00
  Found canonical issue #6717 from event details
  Found canonical issue via GraphQL event details
  Found duplicate reference, linking to canonical issue
  Successfully closed issue #16034 as duplicate and removed label using GraphQL
  ✓ Issue #16034 updated successfully
Processing issue #16030: GroupBy generating duplicate column OrderBy
  Found marked_as_duplicate event at 9/4/2019 6:58:03 PM +00:00
  Found canonical issue #17068 from event details
  Found canonical issue via GraphQL event details
  Found duplicate reference, linking to canonical issue
  Successfully closed issue #16030 as duplicate and removed label using GraphQL
  ✓ Issue #16030 updated successfully
Processing issue #16018: Using the same reference in two any-clauses makes EF generate duplicate SQL parameters with the same name.
  Found marked_as_duplicate event at 6/10/2019 4:41:02 PM +00:00
  Found canonical issue #14645 from event details
  Found canonical issue via GraphQL event details
  Found duplicate reference, linking to canonical issue
  Successfully closed issue #16018 as duplicate and removed label using GraphQL
  ✓ Issue #16018 updated successfully
Processing issue #16017: How to use a DbFunction to return an IQueryable?
  Successfully closed issue #16017 as duplicate and removed label using GraphQL
  ✓ Issue #16017 updated successfully
Processing issue #17572: This is missing how to Opt-In
  Found marked_as_duplicate event at 9/2/2019 5:48:46 PM +00:00
  Found canonical issue #16009 from event details
  Found canonical issue via GraphQL event details
  Found duplicate reference, linking to canonical issue
  Successfully closed issue #17572 as duplicate and removed label using GraphQL
  ✓ Issue #17572 updated successfully
Processing issue #15988: Implement event for before DBCommand is executed
  Successfully closed issue #15988 as duplicate and removed label using GraphQL
  ✓ Issue #15988 updated successfully
Processing issue #15985: Seeding entity with required shadow property throws exception even if the backing field is set
  Successfully closed issue #15985 as duplicate and removed label using GraphQL
  ✓ Issue #15985 updated successfully
Processing issue #15962: Combined Keys in Value-Objects
  Successfully closed issue #15962 as duplicate and removed label using GraphQL
  ✓ Issue #15962 updated successfully
Processing issue #15938: Entity Equality: support GroupBy
  Successfully closed issue #15938 as duplicate and removed label using GraphQL
  ✓ Issue #15938 updated successfully
Processing issue #15935: Xamarin.Forms App for Android crashes with disabled Shared Mono runtime
  Found marked_as_duplicate event at 6/6/2019 7:43:36 PM +00:00
  Found canonical issue #12460 from event details
  Found canonical issue via GraphQL event details
  Found duplicate reference, linking to canonical issue
  Successfully closed issue #15935 as duplicate and removed label using GraphQL
  ✓ Issue #15935 updated successfully
Processing issue #15933: Using Query Filter with left join generated by navigation property
  Found marked_as_duplicate event at 6/4/2019 2:26:33 PM +00:00
  Found canonical issue #13517 from event details
  Found canonical issue via GraphQL event details
  Found duplicate reference, linking to canonical issue
  Successfully closed issue #15933 as duplicate and removed label using GraphQL
  ✓ Issue #15933 updated successfully
Processing issue #15904: 'Invalid column name' error when querying against column with unicode character
  Found marked_as_duplicate event at 6/13/2019 2:18:47 AM +00:00
  Found canonical issue #12233 from event details
  Found canonical issue via GraphQL event details
  Found duplicate reference, linking to canonical issue
  Successfully closed issue #15904 as duplicate and removed label using GraphQL
  ✓ Issue #15904 updated successfully
Processing issue #17570: Add-Migration isn't compatible with Cross-DbContext
  Found marked_as_duplicate event at 9/2/2019 5:36:55 PM +00:00
  Found canonical issue #2725 from event details
  Found canonical issue via GraphQL event details
  Found duplicate reference, linking to canonical issue
  Successfully closed issue #17570 as duplicate and removed label using GraphQL
  ✓ Issue #17570 updated successfully
Processing issue #15876: [Owned] attribute does not play nicely with lazy loading and nullable references in C# 8.0
  Successfully closed issue #15876 as duplicate and removed label using GraphQL
  ✓ Issue #15876 updated successfully
Processing issue #15872: Query: GroupJoin support
  Successfully closed issue #15872 as duplicate and removed label using GraphQL
  ✓ Issue #15872 updated successfully
Processing issue #15865: Query: error when creating QueryExecutor in async for queries with FirstOrDefault<object> projecting anonymous type when
  Found marked_as_duplicate event at 5/31/2019 6:11:50 PM +00:00
  Found canonical issue #15535 from event details
  Found canonical issue via GraphQL event details
  Found duplicate reference, linking to canonical issue
  Successfully closed issue #15865 as duplicate and removed label using GraphQL
  ✓ Issue #15865 updated successfully
Processing issue #15858: Work item for entity lifecycle hooks
  Successfully closed issue #15858 as duplicate and removed label using GraphQL
  ✓ Issue #15858 updated successfully
Processing issue #15851: Query: "Null TypeMapping in Sql Tree" for contains query with List parameter
  Successfully closed issue #15851 as duplicate and removed label using GraphQL
  ✓ Issue #15851 updated successfully
Processing issue #15850: Query: "Null TypeMapping in Sql Tree" for query with conditional expression that doesn't get optimized out as null propagation
  Successfully closed issue #15850 as duplicate and removed label using GraphQL
  ✓ Issue #15850 updated successfully
Processing issue #15849: Query: invalid sql (expecting search condition) for query projecting a single element from the collection of bool properties
  Successfully closed issue #15849 as duplicate and removed label using GraphQL
  ✓ Issue #15849 updated successfully
Processing issue #15841: Zero value not store in db. default value saved.
  Found marked_as_duplicate event at 6/3/2019 4:31:07 PM +00:00
  Found canonical issue #15839 from event details
  Found canonical issue via GraphQL event details
  Found duplicate reference, linking to canonical issue
  Successfully closed issue #15841 as duplicate and removed label using GraphQL
  ✓ Issue #15841 updated successfully
Processing issue #15838: EF Core Scaffold-DbContext command (database-first) does not add proper [DatabaseGenerated(DatabaseGeneratedOption.Computed)] on generated class properties
  Successfully closed issue #15838 as duplicate and removed label using GraphQL
  ✓ Issue #15838 updated successfully
Processing issue #15827: Create DBContext and models like EF POCO Generator (using EF Core)
  Successfully closed issue #15827 as duplicate and removed label using GraphQL
  ✓ Issue #15827 updated successfully
Processing issue #17569: Missing Exception information
  Found marked_as_duplicate event at 9/2/2019 5:28:36 PM +00:00
  Found canonical issue #17564 from event details
  Found canonical issue via GraphQL event details
  Found duplicate reference, linking to canonical issue
  Successfully closed issue #17569 as duplicate and removed label using GraphQL
  ✓ Issue #17569 updated successfully
Successfully processed 100 issues
Processing issues in dotnet/efcore...
Found 100 issues with 'closed-duplicate' label
Processing issue #15776: Feature request: Create SQL database within existing Azure SQL Elastic Pool
  Successfully closed issue #15776 as duplicate and removed label using GraphQL
  ✓ Issue #15776 updated successfully
Processing issue #15757: Add list of nested owned types
  Successfully closed issue #15757 as duplicate and removed label using GraphQL
  ✓ Issue #15757 updated successfully
Processing issue #15753: Map to customized (dynamically generated but with same structure) tables entity framework core
  Successfully closed issue #15753 as duplicate and removed label using GraphQL
  ✓ Issue #15753 updated successfully
Processing issue #15749: macOS Test Failures
  Found marked_as_duplicate event at 8/1/2019 10:08:06 PM +00:00
  Found canonical issue #16667 from event details
  Found canonical issue via GraphQL event details
  Found duplicate reference, linking to canonical issue
  Successfully closed issue #15749 as duplicate and removed label using GraphQL
  ✓ Issue #15749 updated successfully
Processing issue #15739: SDK mismatch <- posted originally @dotnet/cli
  Found marked_as_duplicate event at 5/17/2019 9:07:55 PM +00:00
  Found canonical issue #15448 from event details
  Found canonical issue via GraphQL event details
  Found duplicate reference, linking to canonical issue
  Successfully closed issue #15739 as duplicate and removed label using GraphQL
  ✓ Issue #15739 updated successfully
Processing issue #15736: Throw better exception for stale Fluent API builders
  Successfully closed issue #15736 as duplicate and removed label using GraphQL
  ✓ Issue #15736 updated successfully
Processing issue #15735: using DataDirectory in DataSource
  Found marked_as_duplicate event at 5/16/2019 4:13:18 PM +00:00
  Found canonical issue #13840 from event details
  Found canonical issue via GraphQL event details
  Found duplicate reference, linking to canonical issue
  Successfully closed issue #15735 as duplicate and removed label using GraphQL
  ✓ Issue #15735 updated successfully
Processing issue #15730: Query: improve translation of StartsWith/EndsWith
  Successfully closed issue #15730 as duplicate and removed label using GraphQL
  ✓ Issue #15730 updated successfully
Processing issue #15728: Query: compilation error (null type mapping) for query with join where key selectors are anonymous types and one of them is constat
  Found marked_as_duplicate event at 5/15/2019 8:59:41 PM +00:00
  Found canonical issue #14672 from event details
  Found canonical issue via GraphQL event details
  Found duplicate reference, linking to canonical issue
  Successfully closed issue #15728 as duplicate and removed label using GraphQL
  ✓ Issue #15728 updated successfully
Processing issue #15725: Scenario of code first against existing legacy database
  Successfully closed issue #15725 as duplicate and removed label using GraphQL
  ✓ Issue #15725 updated successfully
Processing issue #15707: EF Core 3.0 preview 5 cannot tanslate equality operator on System.Guid to sql
  Successfully closed issue #15707 as duplicate and removed label using GraphQL
  ✓ Issue #15707 updated successfully
Processing issue #15692: Queries in which a table is joined to itself throw a duplicate parameter exception
  Found marked_as_duplicate event at 5/11/2019 3:15:52 PM +00:00
  Found canonical issue #14645 from event details
  Found canonical issue via GraphQL event details
  Found duplicate reference, linking to canonical issue
  Successfully closed issue #15692 as duplicate and removed label using GraphQL
  ✓ Issue #15692 updated successfully
Processing issue #15683: Query with All and Any evaluates locally
  Found marked_as_duplicate event at 12/10/2019 12:33:10 AM +00:00
  Found canonical issue #19070 from event details
  Found canonical issue via GraphQL event details
  Found duplicate reference, linking to canonical issue
  Successfully closed issue #15683 as duplicate and removed label using GraphQL
  ✓ Issue #15683 updated successfully
Processing issue #15682: FromSql composability fails when the initial SELECT is followed by a non platform line ending
  Found marked_as_duplicate event at 5/10/2019 3:14:09 PM +00:00
  Found canonical issue #14489 from event details
  Found canonical issue via GraphQL event details
  Found duplicate reference, linking to canonical issue
  Successfully closed issue #15682 as duplicate and removed label using GraphQL
  ✓ Issue #15682 updated successfully
Processing issue #17567: EF Core Doc's Omit System Exceptions
  Found marked_as_duplicate event at 9/2/2019 5:07:35 PM +00:00
  Found canonical issue #17564 from event details
  Found canonical issue via GraphQL event details
  Found duplicate reference, linking to canonical issue
  Successfully closed issue #17567 as duplicate and removed label using GraphQL
  ✓ Issue #17567 updated successfully
Processing issue #15664: Reconsider UseSqlServer SqlConnectionStringBuilder overloads
  Successfully closed issue #15664 as duplicate and removed label using GraphQL
  ✓ Issue #15664 updated successfully
Processing issue #15663: Add OwnedNavigationBuilder.ToView()
  Successfully closed issue #15663 as duplicate and removed label using GraphQL
  ✓ Issue #15663 updated successfully
Processing issue #15646: Execute filtering for properties with conversions in DB
  Found marked_as_duplicate event at 5/9/2019 4:46:51 PM +00:00
  Found canonical issue #12045 from event details
  Found canonical issue via GraphQL event details
  Found duplicate reference, linking to canonical issue
  Successfully closed issue #15646 as duplicate and removed label using GraphQL
  ✓ Issue #15646 updated successfully
Processing issue #15607: Enable required dependents when using table splitting
  Found marked_as_duplicate event at 9/8/2019 9:15:43 PM +00:00
  Found canonical issue #12100 from event details
  Found canonical issue via GraphQL event details
  Found duplicate reference, linking to canonical issue
  Successfully closed issue #15607 as duplicate and removed label using GraphQL
  ✓ Issue #15607 updated successfully
Processing issue #15593: Add support for STRING_SPLIT when using .Contains()
  Found marked_as_duplicate event at 4/4/2023 9:34:24 AM +00:00
  Found canonical issue #13617 from event details
  Found canonical issue via GraphQL event details
  Found duplicate reference, linking to canonical issue
  Successfully closed issue #15593 as duplicate and removed label using GraphQL
  ✓ Issue #15593 updated successfully
Processing issue #15587: N+1 on subqueries that use `.Take()` and/or `.Skip()` 
  Found marked_as_duplicate event at 5/2/2019 10:26:04 PM +00:00
  Found canonical issue #11340 from event details
  Found canonical issue via GraphQL event details
  Found duplicate reference, linking to canonical issue
  Successfully closed issue #15587 as duplicate and removed label using GraphQL
  ✓ Issue #15587 updated successfully
Processing issue #15571: Non-optimal navigation properties query translation
  Successfully closed issue #15571 as duplicate and removed label using GraphQL
  ✓ Issue #15571 updated successfully
Processing issue #15560: Query: Convert Enumerable to Queryable method calls
  Found marked_as_duplicate event at 5/14/2019 11:49:13 PM +00:00
  Found canonical issue #15705 from event details
  Found canonical issue via GraphQL event details
  Found duplicate reference, linking to canonical issue
  Successfully closed issue #15560 as duplicate and removed label using GraphQL
  ✓ Issue #15560 updated successfully
Processing issue #15541: Unexpected result for EF Core Include, Orderby and Take for one to many
  Successfully closed issue #15541 as duplicate and removed label using GraphQL
  ✓ Issue #15541 updated successfully
Processing issue #17566: How do you sort or filter a .Include()?
  Found marked_as_duplicate event at 9/2/2019 4:54:32 PM +00:00
  Found canonical issue #1833 from event details
  Found canonical issue via GraphQL event details
  Found duplicate reference, linking to canonical issue
  Successfully closed issue #17566 as duplicate and removed label using GraphQL
  ✓ Issue #17566 updated successfully
Processing issue #15528: Casting integer to double for division in queries can lead to unexpected / wrong results
  Found marked_as_duplicate event at 4/29/2019 9:53:43 PM +00:00
  Found canonical issue #13908 from event details
  Found canonical issue via GraphQL event details
  Found duplicate reference, linking to canonical issue
  Successfully closed issue #15528 as duplicate and removed label using GraphQL
  ✓ Issue #15528 updated successfully
Processing issue #15521: Generate better SQL for table splitting with required dependent
  Successfully closed issue #15521 as duplicate and removed label using GraphQL
  ✓ Issue #15521 updated successfully
Processing issue #15518: Nested or interleaved execution of no tracking query triggers concurrency guard exception
  Successfully closed issue #15518 as duplicate and removed label using GraphQL
  ✓ Issue #15518 updated successfully
Processing issue #15516: Is it possible in the scaffold command to implement INotifyPropertyChanged interface?
  Successfully closed issue #15516 as duplicate and removed label using GraphQL
  ✓ Issue #15516 updated successfully
Processing issue #15509: single query with auto-calculation does not support tracking
  Found marked_as_duplicate event at 4/29/2019 3:14:44 AM +00:00
  Found canonical issue #11186 from event details
  Found canonical issue via GraphQL event details
  Found duplicate reference, linking to canonical issue
  Successfully closed issue #15509 as duplicate and removed label using GraphQL
  ✓ Issue #15509 updated successfully
Processing issue #15502: Reverse enginnering scaffolding command fails for EF Core 3 Preview 4
  Found marked_as_duplicate event at 4/26/2019 9:17:35 AM +00:00
  Found canonical issue #15414 from event details
  Found canonical issue via GraphQL event details
  Found duplicate reference, linking to canonical issue
  Successfully closed issue #15502 as duplicate and removed label using GraphQL
  ✓ Issue #15502 updated successfully
Processing issue #15490: Problem with System.Int16 (short) parameter
  Found marked_as_duplicate event at 4/24/2019 8:24:29 PM +00:00
  Found canonical issue #15330 from event details
  Found canonical issue via GraphQL event details
  Found duplicate reference, linking to canonical issue
  Successfully closed issue #15490 as duplicate and removed label using GraphQL
  ✓ Issue #15490 updated successfully
Processing issue #15486: Groupby after distinct with projection to a different column name fails
  Found marked_as_duplicate event at 4/24/2019 5:57:10 PM +00:00
  Found canonical issue #12826 from event details
  Found canonical issue via GraphQL event details
  Found duplicate reference, linking to canonical issue
  Successfully closed issue #15486 as duplicate and removed label using GraphQL
  ✓ Issue #15486 updated successfully
Processing issue #15473: Microsoft.EntityFrameworkCore.Cosmos 3.0.0-preview4.19216.3 Value cannot be null.Parameter name: stream
  Found marked_as_duplicate event at 9/19/2019 4:57:56 AM +00:00
  Found canonical issue #17435 from event details
  Found canonical issue via GraphQL event details
  Found duplicate reference, linking to canonical issue
  Successfully closed issue #15473 as duplicate and removed label using GraphQL
  ✓ Issue #15473 updated successfully
Processing issue #17565: Case Insensitivity
  Found marked_as_duplicate event at 9/2/2019 4:51:45 PM +00:00
  Found canonical issue #6153 from event details
  Found canonical issue via GraphQL event details
  Found duplicate reference, linking to canonical issue
  Successfully closed issue #17565 as duplicate and removed label using GraphQL
  ✓ Issue #17565 updated successfully
Processing issue #15426: Firstotdefault async error
  Found marked_as_duplicate event at 4/24/2019 9:17:07 PM +00:00
  Found canonical issue #1222 from event details
  Found canonical issue via GraphQL event details
  Found duplicate reference, linking to canonical issue
  Successfully closed issue #15426 as duplicate and removed label using GraphQL
  ✓ Issue #15426 updated successfully
Processing issue #15421: Namespace and dotnet ef dbcontext scaffold 
  Found marked_as_duplicate event at 4/21/2019 11:04:30 PM +00:00
  Found canonical issue #9723 from event details
  Found canonical issue via GraphQL event details
  Found duplicate reference, linking to canonical issue
  Successfully closed issue #15421 as duplicate and removed label using GraphQL
  ✓ Issue #15421 updated successfully
Processing issue #15420: namespace
  Successfully closed issue #15420 as duplicate and removed label using GraphQL
  ✓ Issue #15420 updated successfully
Processing issue #15419: namspace
  Successfully closed issue #15419 as duplicate and removed label using GraphQL
  ✓ Issue #15419 updated successfully
Processing issue #15402: Refresh schema on each request
  Successfully closed issue #15402 as duplicate and removed label using GraphQL
  ✓ Issue #15402 updated successfully
Processing issue #15396: [Feature Request] attach entity return query
  Successfully closed issue #15396 as duplicate and removed label using GraphQL
  ✓ Issue #15396 updated successfully
Processing issue #15385: Generated Guid Keys
  Found marked_as_duplicate event at 4/17/2019 2:28:19 PM +00:00
  Found canonical issue #10070 from event details
  Found canonical issue via GraphQL event details
  Found duplicate reference, linking to canonical issue
  Successfully closed issue #15385 as duplicate and removed label using GraphQL
  ✓ Issue #15385 updated successfully
Processing issue #15379: GroupBy query using a named type for the result is executed locally.
  Found marked_as_duplicate event at 4/16/2019 8:42:43 PM +00:00
  Found canonical issue #8107 from event details
  Found canonical issue via GraphQL event details
  Found duplicate reference, linking to canonical issue
  Successfully closed issue #15379 as duplicate and removed label using GraphQL
  ✓ Issue #15379 updated successfully
Processing issue #15365: Discriminator support for many values to shared types
  Successfully closed issue #15365 as duplicate and removed label using GraphQL
  ✓ Issue #15365 updated successfully
Processing issue #15360: How can you use character set support when creating a database
  Successfully closed issue #15360 as duplicate and removed label using GraphQL
  ✓ Issue #15360 updated successfully
Processing issue #15343: QueryRewrite: enable inmemory tests failing with NRE and "Nullable object must have a value"
  Successfully closed issue #15343 as duplicate and removed label using GraphQL
  ✓ Issue #15343 updated successfully
Processing issue #15323: Behaviour of bool fields with HasDefaultValue(true) option
  Found marked_as_duplicate event at 4/11/2019 12:28:13 PM +00:00
  Found canonical issue #7089 from event details
  Found canonical issue via GraphQL event details
  Found duplicate reference, linking to canonical issue
  Successfully closed issue #15323 as duplicate and removed label using GraphQL
  ✓ Issue #15323 updated successfully
Processing issue #15305: InMemoryDatabase auto increment with initial seed
  Found marked_as_duplicate event at 4/10/2019 3:30:35 PM +00:00
  Found canonical issue #6872 from event details
  Found canonical issue via GraphQL event details
  Found duplicate reference, linking to canonical issue
  Successfully closed issue #15305 as duplicate and removed label using GraphQL
  ✓ Issue #15305 updated successfully
Processing issue #15280: How to cascade update?
  Found marked_as_duplicate event at 4/8/2019 3:58:26 PM +00:00
  Found canonical issue #10551 from event details
  Found canonical issue via GraphQL event details
  Found duplicate reference, linking to canonical issue
  Successfully closed issue #15280 as duplicate and removed label using GraphQL
  ✓ Issue #15280 updated successfully
Processing issue #15275: Expression tree pre-processor
  Found marked_as_duplicate event at 4/8/2019 5:23:55 PM +00:00
  Found canonical issue #14528 from event details
  Found canonical issue via GraphQL event details
  Found duplicate reference, linking to canonical issue
  Successfully closed issue #15275 as duplicate and removed label using GraphQL
  ✓ Issue #15275 updated successfully
Processing issue #15273: Stored Procedure Mapping
  Found marked_as_duplicate event at 4/8/2019 5:22:20 PM +00:00
  Found canonical issue #14525 from event details
  Found canonical issue via GraphQL event details
  Found duplicate reference, linking to canonical issue
  Successfully closed issue #15273 as duplicate and removed label using GraphQL
  ✓ Issue #15273 updated successfully
Processing issue #15263: HasQueryFilter ignores ToQuery declaration
  Found marked_as_duplicate event at 4/8/2019 5:21:01 PM +00:00
  Found canonical issue #13361 from event details
  Found canonical issue via GraphQL event details
  Found duplicate reference, linking to canonical issue
  Successfully closed issue #15263 as duplicate and removed label using GraphQL
  ✓ Issue #15263 updated successfully
Processing issue #15255: Filtering by owned entity attribute using SQLite is evaluated in memory
  Successfully closed issue #15255 as duplicate and removed label using GraphQL
  ✓ Issue #15255 updated successfully
Processing issue #15247: Need async entrypoint for custom configuration of DbContext
  Successfully closed issue #15247 as duplicate and removed label using GraphQL
  ✓ Issue #15247 updated successfully
Processing issue #15240: Ef core (inmemory) issue when running all tests at once
  Successfully closed issue #15240 as duplicate and removed label using GraphQL
  ✓ Issue #15240 updated successfully
Processing issue #15239: QueryFilter: Override similar FromSql, to be applied globally
  Successfully closed issue #15239 as duplicate and removed label using GraphQL
  ✓ Issue #15239 updated successfully
Processing issue #15231: The LINQ expression 'Sum()' could not be translated and will be evaluated locally.
  Found marked_as_duplicate event at 4/11/2019 12:17:47 AM +00:00
  Found canonical issue #15279 from event details
  Found canonical issue via GraphQL event details
  Found duplicate reference, linking to canonical issue
  Successfully closed issue #15231 as duplicate and removed label using GraphQL
  ✓ Issue #15231 updated successfully
Processing issue #15228: How to deploy EF Migration at Release Time With Azure Pipelines
  Successfully closed issue #15228 as duplicate and removed label using GraphQL
  ✓ Issue #15228 updated successfully
Processing issue #15227: Nesting HasQueryFilter On Navigation Properties
  Found marked_as_duplicate event at 4/1/2019 9:15:04 PM +00:00
  Found canonical issue #13361 from event details
  Found canonical issue via GraphQL event details
  Found duplicate reference, linking to canonical issue
  Successfully closed issue #15227 as duplicate and removed label using GraphQL
  ✓ Issue #15227 updated successfully
Processing issue #15221: FindAsync() should return ValueTask
  Successfully closed issue #15221 as duplicate and removed label using GraphQL
  ✓ Issue #15221 updated successfully
Processing issue #15220: Cannot insert explicit value for identity column when ValueGenerationStrategy is set to IdentityColumn
  Successfully closed issue #15220 as duplicate and removed label using GraphQL
  ✓ Issue #15220 updated successfully
Processing issue #15203: SQL Function calls get client evaluated if projecting entire entity despite EvaluatableExpressionFilter properly returning false for them
  Found marked_as_duplicate event at 3/29/2019 4:15:09 PM +00:00
  Found canonical issue #11186 from event details
  Found canonical issue via GraphQL event details
  Found duplicate reference, linking to canonical issue
  Successfully closed issue #15203 as duplicate and removed label using GraphQL
  ✓ Issue #15203 updated successfully
Processing issue #15185: QueryRewrite: implement entity equality
  Found marked_as_duplicate event at 5/14/2019 4:06:53 PM +00:00
  Found canonical issue #15588 from event details
  Found canonical issue via GraphQL event details
  Found duplicate reference, linking to canonical issue
  Successfully closed issue #15185 as duplicate and removed label using GraphQL
  ✓ Issue #15185 updated successfully
Processing issue #15183: Enhance warning for non-nullable store-generated bool properties to also cover enums
  Successfully closed issue #15183 as duplicate and removed label using GraphQL
  ✓ Issue #15183 updated successfully
Processing issue #15170: Eager loading include with using UseLazyLoadingProxies
  Successfully closed issue #15170 as duplicate and removed label using GraphQL
  ✓ Issue #15170 updated successfully
Processing issue #15160: Using EF 6 and EF Core together with same model classes
  Successfully closed issue #15160 as duplicate and removed label using GraphQL
  ✓ Issue #15160 updated successfully
Processing issue #15158: Count on properties is evaluated on sql for each of item.
  Successfully closed issue #15158 as duplicate and removed label using GraphQL
  ✓ Issue #15158 updated successfully
Processing issue #15157: Cannot add owned type to index
  Found marked_as_duplicate event at 3/26/2019 5:04:26 PM +00:00
  Found canonical issue #11336 from event details
  Found canonical issue via GraphQL event details
  Found duplicate reference, linking to canonical issue
  Successfully closed issue #15157 as duplicate and removed label using GraphQL
  ✓ Issue #15157 updated successfully
Processing issue #15156: How to specify SQL server index column order?
  Found marked_as_duplicate event at 3/26/2019 4:54:35 PM +00:00
  Found canonical issue #4150 from event details
  Found canonical issue via GraphQL event details
  Found duplicate reference, linking to canonical issue
  Successfully closed issue #15156 as duplicate and removed label using GraphQL
  ✓ Issue #15156 updated successfully
Processing issue #15150: Unexpected behavior when loading an entity with an ownership relation directly through navigation properties
  Successfully closed issue #15150 as duplicate and removed label using GraphQL
  ✓ Issue #15150 updated successfully
Processing issue #15146: The type initializer for 'Microsoft.EntityFrameworkCore.EntityFrameworkQueryableExtensions' threw an exception.
  Successfully closed issue #15146 as duplicate and removed label using GraphQL
  ✓ Issue #15146 updated successfully
Processing issue #15095: NullReferenceException when using LINQ and a variable
  Successfully closed issue #15095 as duplicate and removed label using GraphQL
  ✓ Issue #15095 updated successfully
Processing issue #17562: Is there a way to use an in memory database with an inherited DBContext?
  Found marked_as_duplicate event at 9/2/2019 4:21:34 PM +00:00
  Found canonical issue #6872 from event details
  Found canonical issue via GraphQL event details
  Found duplicate reference, linking to canonical issue
  Successfully closed issue #17562 as duplicate and removed label using GraphQL
  ✓ Issue #17562 updated successfully
Processing issue #15065: AmbiguousMatchException: Ambiguous match found.
  Found marked_as_duplicate event at 3/18/2019 8:36:50 PM +00:00
  Found canonical issue #15008 from event details
  Found canonical issue via GraphQL event details
  Found duplicate reference, linking to canonical issue
  Successfully closed issue #15065 as duplicate and removed label using GraphQL
  ✓ Issue #15065 updated successfully
Processing issue #15059: Speed up insert operation (BulkSaveChanges)
  Found marked_as_duplicate event at 6/16/2025 9:18:13 AM +00:00
  Found canonical issue #24316 from event details
  Found canonical issue via GraphQL event details
  Found duplicate reference, linking to canonical issue
  Successfully closed issue #15059 as duplicate and removed label using GraphQL
  ✓ Issue #15059 updated successfully
Processing issue #15047: System.Interactive.Async dependency breaks .NET Core 3.0 IAsyncEnumerator in .NET Core 3.0 preview 3
  Successfully closed issue #15047 as duplicate and removed label using GraphQL
  ✓ Issue #15047 updated successfully
Processing issue #15014: ClientEval when use access annonymous type from an subQuery after Take()
  Found marked_as_duplicate event at 3/13/2019 8:12:26 PM +00:00
  Found canonical issue #14515 from event details
  Found canonical issue via GraphQL event details
  Found duplicate reference, linking to canonical issue
  Successfully closed issue #15014 as duplicate and removed label using GraphQL
  ✓ Issue #15014 updated successfully
Processing issue #15002: Multiple queries on Many to Many relationship
  Found marked_as_duplicate event at 3/15/2019 6:24:54 PM +00:00
  Found canonical issue #13232 from event details
  Found canonical issue via GraphQL event details
  Found duplicate reference, linking to canonical issue
  Successfully closed issue #15002 as duplicate and removed label using GraphQL
  ✓ Issue #15002 updated successfully
Processing issue #14994: Migration issue with multiple nested "OwnsOne" after upgrading to v.2.2.2
  Found marked_as_duplicate event at 10/21/2019 4:43:45 PM +00:00
  Found canonical issue #18183 from event details
  Found canonical issue via GraphQL event details
  Found duplicate reference, linking to canonical issue
  Successfully closed issue #14994 as duplicate and removed label using GraphQL
  ✓ Issue #14994 updated successfully
Processing issue #14987: The binary operator Equal is not defined for the types 'System.Nullable`1[System.Int32]' and 'System.Object'.
  Found marked_as_duplicate event at 12/10/2019 12:10:38 AM +00:00
  Found canonical issue #13860 from event details
  Found canonical issue via GraphQL event details
  Found duplicate reference, linking to canonical issue
  Successfully closed issue #14987 as duplicate and removed label using GraphQL
  ✓ Issue #14987 updated successfully
Processing issue #14985: how about an example?
  Found marked_as_duplicate event at 3/11/2019 9:48:43 PM +00:00
  Found canonical issue #14986 from event details
  Found canonical issue via GraphQL event details
  Found duplicate reference, linking to canonical issue
  Successfully closed issue #14985 as duplicate and removed label using GraphQL
  ✓ Issue #14985 updated successfully
Processing issue #14979: If username contain Apostrophe, SQlite throws Syntax error
  Successfully closed issue #14979 as duplicate and removed label using GraphQL
  ✓ Issue #14979 updated successfully
Processing issue #14946: Nested Owned entity within a non-tablesplitting owned entity doesn't updated
  Successfully closed issue #14946 as duplicate and removed label using GraphQL
  ✓ Issue #14946 updated successfully
Processing issue #14938: Scaffold-DbContext: accept a text file with TableName|CollectionName|EntityName maps
  Successfully closed issue #14938 as duplicate and removed label using GraphQL
  ✓ Issue #14938 updated successfully
Processing issue #14907: Add support for TPT.
  Found marked_as_duplicate event at 3/4/2019 5:08:24 PM +00:00
  Found canonical issue #2266 from event details
  Found canonical issue via GraphQL event details
  Found duplicate reference, linking to canonical issue
  Successfully closed issue #14907 as duplicate and removed label using GraphQL
  ✓ Issue #14907 updated successfully
Processing issue #14877: ReferenceOwnershipBuilder HasDiscriminator
  Found marked_as_duplicate event at 2/28/2019 9:16:06 PM +00:00
  Found canonical issue #9630 from event details
  Found canonical issue via GraphQL event details
  Found duplicate reference, linking to canonical issue
  Successfully closed issue #14877 as duplicate and removed label using GraphQL
  ✓ Issue #14877 updated successfully
Processing issue #14863: In Entity Framework Core 2, I can't seem to remove a foreign key from within OnModelCreating using IMutableEntityType's RemoveForeignKey method.
  Successfully closed issue #14863 as duplicate and removed label using GraphQL
  ✓ Issue #14863 updated successfully
Processing issue #14861: Investigate how ConfigureAwait(false) impacts calling back into user code on .NET Core
  Successfully closed issue #14861 as duplicate and removed label using GraphQL
  ✓ Issue #14861 updated successfully
Processing issue #14857: Compiled Query with Struct Parameter Evaluating In-Memory
  Found marked_as_duplicate event at 2/27/2019 8:49:05 PM +00:00
  Found canonical issue #13976 from event details
  Found canonical issue via GraphQL event details
  Found duplicate reference, linking to canonical issue
  Successfully closed issue #14857 as duplicate and removed label using GraphQL
  ✓ Issue #14857 updated successfully
Processing issue #14846: Cosmos DB discussion:PartitionKey
  Successfully closed issue #14846 as duplicate and removed label using GraphQL
  ✓ Issue #14846 updated successfully
Processing issue #14840: Scoped dependency gets same instance every request with GetService<T>();
  Found marked_as_duplicate event at 2/26/2019 8:51:42 PM +00:00
  Found canonical issue #14169 from event details
  Found canonical issue via GraphQL event details
  Found duplicate reference, linking to canonical issue
  Successfully closed issue #14840 as duplicate and removed label using GraphQL
  ✓ Issue #14840 updated successfully
Processing issue #14835: Migration Classes are made Public by Default
  Found marked_as_duplicate event at 2/26/2019 3:43:33 PM +00:00
  Found canonical issue #13955 from event details
  Found canonical issue via GraphQL event details
  Found duplicate reference, linking to canonical issue
  Successfully closed issue #14835 as duplicate and removed label using GraphQL
  ✓ Issue #14835 updated successfully
Processing issue #14829: Polygon.Intersects fails with SqlServer
  Successfully closed issue #14829 as duplicate and removed label using GraphQL
  ✓ Issue #14829 updated successfully
Processing issue #14822: Relational: Lifecycle hook for initializing a connection
  Successfully closed issue #14822 as duplicate and removed label using GraphQL
  ✓ Issue #14822 updated successfully
Processing issue #14809: "dotnet ef" console output does not look good on dark backgrounds
  Successfully closed issue #14809 as duplicate and removed label using GraphQL
  ✓ Issue #14809 updated successfully
Processing issue #14765: Is it possible to configure EF Core to delete principal when dependent entity is deleted in one-to-one relationship?
  Successfully closed issue #14765 as duplicate and removed label using GraphQL
  ✓ Issue #14765 updated successfully
Processing issue #14759: Read Query with Include can cause deadlock when reaching max DB sessions count.
  Found marked_as_duplicate event at 3/1/2019 10:30:45 PM +00:00
  Found canonical issue #12098 from event details
  Found canonical issue via GraphQL event details
  Found duplicate reference, linking to canonical issue
  Successfully closed issue #14759 as duplicate and removed label using GraphQL
  ✓ Issue #14759 updated successfully
Processing issue #14758:  must be reducible node on one descendant class
  Successfully closed issue #14758 as duplicate and removed label using GraphQL
  ✓ Issue #14758 updated successfully
Processing issue #14750: Any/AnyAsync and concurrency problem
  Found marked_as_duplicate event at 2/21/2019 6:59:38 PM +00:00
  Found canonical issue #14464 from event details
  Found canonical issue via GraphQL event details
  Found duplicate reference, linking to canonical issue
  Successfully closed issue #14750 as duplicate and removed label using GraphQL
  ✓ Issue #14750 updated successfully
Processing issue #14737: ToListAsync finished with exeptions
  Successfully closed issue #14737 as duplicate and removed label using GraphQL
  ✓ Issue #14737 updated successfully
Successfully processed 100 issues
Processing issues in dotnet/efcore...
Found 100 issues with 'closed-duplicate' label
Processing issue #14736: Many to many: can not resolve other "many" side
  Successfully closed issue #14736 as duplicate and removed label using GraphQL
  ✓ Issue #14736 updated successfully
Processing issue #14717: Remove Newtonsoft.Json from the shared framework
  Found marked_as_duplicate event at 2/15/2019 10:09:37 PM +00:00
  Found canonical issue #14571 from event details
  Found canonical issue via GraphQL event details
  Found duplicate reference, linking to canonical issue
  Successfully closed issue #14717 as duplicate and removed label using GraphQL
  ✓ Issue #14717 updated successfully
Processing issue #14707: Global conversion for a custom type
  Found marked_as_duplicate event at 2/14/2019 7:35:59 PM +00:00
  Found canonical issue #10784 from event details
  Found canonical issue via GraphQL event details
  Found duplicate reference, linking to canonical issue
  Successfully closed issue #14707 as duplicate and removed label using GraphQL
  ✓ Issue #14707 updated successfully
Processing issue #14700: GroupBy could not be translated and will be evaluated locally
  Found marked_as_duplicate event at 2/14/2019 6:20:44 PM +00:00
  Found canonical issue #11976 from event details
  Found canonical issue via GraphQL event details
  Found duplicate reference, linking to canonical issue
  Successfully closed issue #14700 as duplicate and removed label using GraphQL
  ✓ Issue #14700 updated successfully
Processing issue #14695: EF Core 2.2 group by with where condition evaluated locally
  Found marked_as_duplicate event at 2/14/2019 2:20:39 AM +00:00
  Found canonical issue #12088 from event details
  Found canonical issue via GraphQL event details
  Found duplicate reference, linking to canonical issue
  Successfully closed issue #14695 as duplicate and removed label using GraphQL
  ✓ Issue #14695 updated successfully
Processing issue #14688: Variable names must be unique within a query batch or stored procedure
  Found marked_as_duplicate event at 2/20/2019 9:56:42 PM +00:00
  Found canonical issue #14645 from event details
  Found canonical issue via GraphQL event details
  Found duplicate reference, linking to canonical issue
  Successfully closed issue #14688 as duplicate and removed label using GraphQL
  ✓ Issue #14688 updated successfully
Processing issue #14686: null-coalescing operator in LINQ query giving SQLException error
  Found marked_as_duplicate event at 2/14/2019 2:22:09 AM +00:00
  Found canonical issue #12826 from event details
  Found canonical issue via GraphQL event details
  Found duplicate reference, linking to canonical issue
  Successfully closed issue #14686 as duplicate and removed label using GraphQL
  ✓ Issue #14686 updated successfully
Processing issue #14679: Azure Functions V2.0 with EntityFramework Core unable to create migration
  Found marked_as_duplicate event at 2/22/2019 7:56:12 PM +00:00
  Found canonical issue #14084 from event details
  Found canonical issue via GraphQL event details
  Found duplicate reference, linking to canonical issue
  Successfully closed issue #14679 as duplicate and removed label using GraphQL
  ✓ Issue #14679 updated successfully
Processing issue #14674: SqliteCommand.ExecuteReaderAsync with CommandBehavior.CloseConnection appears broken
  Successfully closed issue #14674 as duplicate and removed label using GraphQL
  ✓ Issue #14674 updated successfully
Processing issue #14670: .Include returns one level deep on FirstOrDefaultAsync() but endless level deep on ToListAsync()
  Found marked_as_duplicate event at 2/11/2019 5:57:52 PM +00:00
  Found canonical issue #11564 from event details
  Found canonical issue via GraphQL event details
  Found duplicate reference, linking to canonical issue
  Successfully closed issue #14670 as duplicate and removed label using GraphQL
  ✓ Issue #14670 updated successfully
Processing issue #14667: EF Core ignores 'Include' method after using 'SelectMany'
  Found marked_as_duplicate event at 2/11/2019 6:35:24 PM +00:00
  Found canonical issue #12737 from event details
  Found canonical issue via GraphQL event details
  Found duplicate reference, linking to canonical issue
  Successfully closed issue #14667 as duplicate and removed label using GraphQL
  ✓ Issue #14667 updated successfully
Processing issue #14640: Memory Leak in EF Core?
  Found marked_as_duplicate event at 2/11/2019 6:09:11 PM +00:00
  Found canonical issue #12098 from event details
  Found canonical issue via GraphQL event details
  Found duplicate reference, linking to canonical issue
  Successfully closed issue #14640 as duplicate and removed label using GraphQL
  ✓ Issue #14640 updated successfully
Processing issue #14639: Remove entities without requiring them to be loaded
  Found marked_as_duplicate event at 2/7/2019 6:21:05 PM +00:00
  Found canonical issue #795 from event details
  Found canonical issue via GraphQL event details
  Found duplicate reference, linking to canonical issue
  Successfully closed issue #14639 as duplicate and removed label using GraphQL
  ✓ Issue #14639 updated successfully
Processing issue #14635: 2.2: System.Data.SqlTypes.SqlNullValueException: 'Data is Null. This method or property cannot be called on Null values.'
  Successfully closed issue #14635 as duplicate and removed label using GraphQL
  ✓ Issue #14635 updated successfully
Processing issue #14601: Inheritance using a navigation Property
  Successfully closed issue #14601 as duplicate and removed label using GraphQL
  ✓ Issue #14601 updated successfully
Processing issue #14599: Add Update Method to DbSet
  Found marked_as_duplicate event at 2/4/2019 4:59:08 PM +00:00
  Found canonical issue #795 from event details
  Found canonical issue via GraphQL event details
  Found duplicate reference, linking to canonical issue
  Successfully closed issue #14599 as duplicate and removed label using GraphQL
  ✓ Issue #14599 updated successfully
Processing issue #14596: Remove With Condition
  Found marked_as_duplicate event at 2/4/2019 4:59:44 PM +00:00
  Found canonical issue #795 from event details
  Found canonical issue via GraphQL event details
  Found duplicate reference, linking to canonical issue
  Successfully closed issue #14596 as duplicate and removed label using GraphQL
  ✓ Issue #14596 updated successfully
Processing issue #14580: Xamarin: 'dlopen failed: library "mod_spatialite.so" not found
  Successfully closed issue #14580 as duplicate and removed label using GraphQL
  ✓ Issue #14580 updated successfully
Processing issue #14563: More information needed in an exception
  Found marked_as_duplicate event at 1/31/2019 4:21:36 PM +00:00
  Found canonical issue #14226 from event details
  Found canonical issue via GraphQL event details
  Found duplicate reference, linking to canonical issue
  Successfully closed issue #14563 as duplicate and removed label using GraphQL
  ✓ Issue #14563 updated successfully
Processing issue #14562: Initializing new empty List in query projection - results in shared instance among items.
  Found marked_as_duplicate event at 1/31/2019 4:22:55 PM +00:00
  Found canonical issue #7983 from event details
  Found canonical issue via GraphQL event details
  Found duplicate reference, linking to canonical issue
  Successfully closed issue #14562 as duplicate and removed label using GraphQL
  ✓ Issue #14562 updated successfully
Processing issue #14560: Remove obsolete member in test/EFCore.Specification.Tests/TestUtilities/Xunit/SkippedTestCase.cs
  Found marked_as_duplicate event at 2/4/2019 5:39:24 PM +00:00
  Found canonical issue #14559 from event details
  Found canonical issue via GraphQL event details
  Found duplicate reference, linking to canonical issue
  Successfully closed issue #14560 as duplicate and removed label using GraphQL
  ✓ Issue #14560 updated successfully
Processing issue #14559: Evaluate obsolete APIs from 2.2 and consider removing them in 3.0.0
  Found marked_as_duplicate event at 6/16/2025 9:59:55 AM +00:00
  Found canonical issue #14560 from event details
  Found canonical issue via GraphQL event details
  Found duplicate reference, linking to canonical issue
  Successfully closed issue #14559 as duplicate and removed label using GraphQL
  ✓ Issue #14559 updated successfully
Processing issue #14553: Migration raises null object reference error if OwnsMany is used and the owned entity has a reference to the owner entity.
  Found marked_as_duplicate event at 10/21/2019 8:39:14 PM +00:00
  Found canonical issue #13912 from event details
  Found canonical issue via GraphQL event details
  Found duplicate reference, linking to canonical issue
  Successfully closed issue #14553 as duplicate and removed label using GraphQL
  ✓ Issue #14553 updated successfully
Processing issue #14538: Lock row Mysql 
  Found marked_as_duplicate event at 1/30/2019 8:21:43 PM +00:00
  Found canonical issue #6717 from event details
  Found canonical issue via GraphQL event details
  Found duplicate reference, linking to canonical issue
  Successfully closed issue #14538 as duplicate and removed label using GraphQL
  ✓ Issue #14538 updated successfully
Processing issue #14530: GroupBy forces local evaluation if selecting navigation property as key
  Found marked_as_duplicate event at 1/28/2019 6:11:34 PM +00:00
  Found canonical issue #13761 from event details
  Found canonical issue via GraphQL event details
  Found duplicate reference, linking to canonical issue
  Successfully closed issue #14530 as duplicate and removed label using GraphQL
  ✓ Issue #14530 updated successfully
Processing issue #14516: TPT NOW!
  Successfully closed issue #14516 as duplicate and removed label using GraphQL
  ✓ Issue #14516 updated successfully
Processing issue #14514: Adding IgnoreQueryFilters causes query to be evaluated locally
  Found marked_as_duplicate event at 1/25/2019 6:48:42 AM +00:00
  Found canonical issue #14515 from event details
  Found canonical issue via GraphQL event details
  Found duplicate reference, linking to canonical issue
  Successfully closed issue #14514 as duplicate and removed label using GraphQL
  ✓ Issue #14514 updated successfully
Processing issue #14517: Make Update-Database able to update any database
  Found marked_as_duplicate event at 1/25/2019 6:05:50 PM +00:00
  Found canonical issue #10750 from event details
  Found canonical issue via GraphQL event details
  Found duplicate reference, linking to canonical issue
  Successfully closed issue #14517 as duplicate and removed label using GraphQL
  ✓ Issue #14517 updated successfully
Processing issue #14485: AsNoTracking() before OrderBy() forces client-side evaluation
  Found marked_as_duplicate event at 1/25/2019 6:48:11 AM +00:00
  Found canonical issue #14515 from event details
  Found canonical issue via GraphQL event details
  Found duplicate reference, linking to canonical issue
  Successfully closed issue #14485 as duplicate and removed label using GraphQL
  ✓ Issue #14485 updated successfully
Processing issue #14481: Reconsider navigations on query type
  Successfully closed issue #14481 as duplicate and removed label using GraphQL
  ✓ Issue #14481 updated successfully
Processing issue #14477: AsNoTracking after projection causes no translation for skip order where
  Found marked_as_duplicate event at 1/26/2019 1:31:17 AM +00:00
  Found canonical issue #14118 from event details
  Found canonical issue via GraphQL event details
  Found duplicate reference, linking to canonical issue
  Successfully closed issue #14477 as duplicate and removed label using GraphQL
  ✓ Issue #14477 updated successfully
Processing issue #14468: Query (relational): join subquery with returning an anonymous type
  Found marked_as_duplicate event at 1/23/2019 7:29:48 PM +00:00
  Found canonical issue #8094 from event details
  Found canonical issue via GraphQL event details
  Found duplicate reference, linking to canonical issue
  Successfully closed issue #14468 as duplicate and removed label using GraphQL
  ✓ Issue #14468 updated successfully
Processing issue #14464: Option to avoid attempting to insert duplicate rows
  Found marked_as_duplicate event at 6/16/2025 9:58:25 AM +00:00
  Found canonical issue #14750 from event details
  Found canonical issue via GraphQL event details
  Found duplicate reference, linking to canonical issue
  Successfully closed issue #14464 as duplicate and removed label using GraphQL
  ✓ Issue #14464 updated successfully
Processing issue #14462: Include not working properly with InMemoryDatabase
  Successfully closed issue #14462 as duplicate and removed label using GraphQL
  ✓ Issue #14462 updated successfully
Processing issue #14458: InvalidCastException on creating migration with entity with explicit interface implementation
  Successfully closed issue #14458 as duplicate and removed label using GraphQL
  ✓ Issue #14458 updated successfully
Processing issue #14454: Perf: Sequential read from DbDataReader
  Found marked_as_duplicate event at 8/22/2019 10:25:32 PM +00:00
  Found canonical issue #885 from event details
  Found canonical issue via GraphQL event details
  Found duplicate reference, linking to canonical issue
  Successfully closed issue #14454 as duplicate and removed label using GraphQL
  ✓ Issue #14454 updated successfully
Processing issue #14440: Support for joining tables from multiple databases
  Found marked_as_duplicate event at 1/17/2019 6:19:26 PM +00:00
  Found canonical issue #4019 from event details
  Found canonical issue via GraphQL event details
  Found duplicate reference, linking to canonical issue
  Successfully closed issue #14440 as duplicate and removed label using GraphQL
  ✓ Issue #14440 updated successfully
Processing issue #14410: local evaluation and include
  Successfully closed issue #14410 as duplicate and removed label using GraphQL
  ✓ Issue #14410 updated successfully
Processing issue #14405: Add option to ignore all properties for model
  Successfully closed issue #14405 as duplicate and removed label using GraphQL
  ✓ Issue #14405 updated successfully
Processing issue #14403: usesQueryComposition variable in .FromSql considers Recursive CTEs query to be stored procedures
  Successfully closed issue #14403 as duplicate and removed label using GraphQL
  ✓ Issue #14403 updated successfully
Processing issue #14398: DataTime conversion exception with subqueries
  Found marked_as_duplicate event at 1/14/2019 11:21:22 PM +00:00
  Found canonical issue #12797 from event details
  Found canonical issue via GraphQL event details
  Found duplicate reference, linking to canonical issue
  Successfully closed issue #14398 as duplicate and removed label using GraphQL
  ✓ Issue #14398 updated successfully
Processing issue #14392: Error querying filtered entities OfType<T>
  Successfully closed issue #14392 as duplicate and removed label using GraphQL
  ✓ Issue #14392 updated successfully
Processing issue #14390: DetachedLazyLoadingWarning error happening when it shouldn't
  Found marked_as_duplicate event at 1/12/2019 12:31:08 AM +00:00
  Found canonical issue #12761 from event details
  Found canonical issue via GraphQL event details
  Found duplicate reference, linking to canonical issue
  Successfully closed issue #14390 as duplicate and removed label using GraphQL
  ✓ Issue #14390 updated successfully
Processing issue #14384: GroupBy couldn't be translated and will be evaluated locally
  Found marked_as_duplicate event at 1/11/2019 8:00:40 PM +00:00
  Found canonical issue #12089 from event details
  Found canonical issue via GraphQL event details
  Found duplicate reference, linking to canonical issue
  Successfully closed issue #14384 as duplicate and removed label using GraphQL
  ✓ Issue #14384 updated successfully
Processing issue #14365: QueryClientEvaluationWarning Exception when the 'Dto' has a base class
  Found marked_as_duplicate event at 1/10/2019 8:04:55 PM +00:00
  Found canonical issue #12230 from event details
  Found canonical issue via GraphQL event details
  Found duplicate reference, linking to canonical issue
  Successfully closed issue #14365 as duplicate and removed label using GraphQL
  ✓ Issue #14365 updated successfully
Processing issue #14355: SqlNullValueException when one column of a composite FK is NULL
  Successfully closed issue #14355 as duplicate and removed label using GraphQL
  ✓ Issue #14355 updated successfully
Processing issue #14350: [Bug] EntityFramework Navigation Property randomly not include the collection data
  Found marked_as_duplicate event at 1/9/2019 7:28:42 AM +00:00
  Found canonical issue #13082 from event details
  Found canonical issue via GraphQL event details
  Found duplicate reference, linking to canonical issue
  Successfully closed issue #14350 as duplicate and removed label using GraphQL
  ✓ Issue #14350 updated successfully
Processing issue #14333: DateTimeOffset? is evaluted locally since EFCore 2.2.0
  Found marked_as_duplicate event at 1/6/2019 5:56:26 PM +00:00
  Found canonical issue #14082 from event details
  Found canonical issue via GraphQL event details
  Found duplicate reference, linking to canonical issue
  Successfully closed issue #14333 as duplicate and removed label using GraphQL
  ✓ Issue #14333 updated successfully
Processing issue #14332: Incorrect SQL Generation (DISTINCT)
  Found marked_as_duplicate event at 1/6/2019 5:55:04 PM +00:00
  Found canonical issue #8094 from event details
  Found canonical issue via GraphQL event details
  Found duplicate reference, linking to canonical issue
  Successfully closed issue #14332 as duplicate and removed label using GraphQL
  ✓ Issue #14332 updated successfully
Processing issue #14326: Multiple queries being generated when entire element selected
  Found marked_as_duplicate event at 1/7/2019 7:48:10 PM +00:00
  Found canonical issue #11186 from event details
  Found canonical issue via GraphQL event details
  Found duplicate reference, linking to canonical issue
  Successfully closed issue #14326 as duplicate and removed label using GraphQL
  ✓ Issue #14326 updated successfully
Processing issue #14321: Projection fails when using oData $expand=X($select=Y) when having nullable foreign keys together with DTO projection
  Successfully closed issue #14321 as duplicate and removed label using GraphQL
  ✓ Issue #14321 updated successfully
Processing issue #14302: Incomplete data returned by using a custom ValueObject (EntityIdentity)
  Found marked_as_duplicate event at 1/4/2019 10:08:29 PM +00:00
  Found canonical issue #13546 from event details
  Found canonical issue via GraphQL event details
  Found duplicate reference, linking to canonical issue
  Successfully closed issue #14302 as duplicate and removed label using GraphQL
  ✓ Issue #14302 updated successfully
Processing issue #14283: EF Core - Migration - Subsequent migrations re-creates table that is already created by another migration (Foreign Key)
  Found marked_as_duplicate event at 1/2/2019 9:30:08 PM +00:00
  Found canonical issue #2725 from event details
  Found canonical issue via GraphQL event details
  Found duplicate reference, linking to canonical issue
  Successfully closed issue #14283 as duplicate and removed label using GraphQL
  ✓ Issue #14283 updated successfully
Processing issue #14279: varchar not null does not allow empty strings
  Successfully closed issue #14279 as duplicate and removed label using GraphQL
  ✓ Issue #14279 updated successfully
Processing issue #14265: Cannot use owned types for query types.
  Successfully closed issue #14265 as duplicate and removed label using GraphQL
  ✓ Issue #14265 updated successfully
Processing issue #14261: Lazy loading property can not be updated.
  Successfully closed issue #14261 as duplicate and removed label using GraphQL
  ✓ Issue #14261 updated successfully
Processing issue #14260: Allow shared object (no Foreign Key) relationships
  Successfully closed issue #14260 as duplicate and removed label using GraphQL
  ✓ Issue #14260 updated successfully
Processing issue #14250: OrderBy expression could not be translated and will be evaluated locally
  Found marked_as_duplicate event at 12/26/2018 8:01:41 PM +00:00
  Found canonical issue #8094 from event details
  Found canonical issue via GraphQL event details
  Found duplicate reference, linking to canonical issue
  Successfully closed issue #14250 as duplicate and removed label using GraphQL
  ✓ Issue #14250 updated successfully
Processing issue #14249: Default initialization of HashSets in constructor is wasting memory
  Successfully closed issue #14249 as duplicate and removed label using GraphQL
  ✓ Issue #14249 updated successfully
Processing issue #14247: Join statement generates invalid sql
  Found marked_as_duplicate event at 12/26/2018 7:57:12 PM +00:00
  Found canonical issue #8094 from event details
  Found canonical issue via GraphQL event details
  Found duplicate reference, linking to canonical issue
  Successfully closed issue #14247 as duplicate and removed label using GraphQL
  ✓ Issue #14247 updated successfully
Processing issue #14246: Violation of PRIMARY KEY constraint '%PKNAME%'. Cannot insert duplicate key in object '%TABLENAME%'. The duplicate key value is (1).
  Found marked_as_duplicate event at 12/26/2018 8:05:44 PM +00:00
  Found canonical issue #14086 from event details
  Found canonical issue via GraphQL event details
  Found duplicate reference, linking to canonical issue
  Successfully closed issue #14246 as duplicate and removed label using GraphQL
  ✓ Issue #14246 updated successfully
Processing issue #14243: Invalid query generated for simple group by
  Found marked_as_duplicate event at 1/4/2019 10:11:29 PM +00:00
  Found canonical issue #12089 from event details
  Found canonical issue via GraphQL event details
  Found duplicate reference, linking to canonical issue
  Successfully closed issue #14243 as duplicate and removed label using GraphQL
  ✓ Issue #14243 updated successfully
Processing issue #14240: Issues when comparing byte[] to byte[] in queries
  Successfully closed issue #14240 as duplicate and removed label using GraphQL
  ✓ Issue #14240 updated successfully
Processing issue #14239: System.Interactive.Async causes compile error for IAsyncEnumerable on .NET Core 3.0
  Successfully closed issue #14239 as duplicate and removed label using GraphQL
  ✓ Issue #14239 updated successfully
Processing issue #14238: How to get English text of label from database based on table reference and field name as dynamically using function 
  Found marked_as_duplicate event at 1/4/2019 7:03:18 PM +00:00
  Found canonical issue #14251 from event details
  Found canonical issue via GraphQL event details
  Found duplicate reference, linking to canonical issue
  Successfully closed issue #14238 as duplicate and removed label using GraphQL
  ✓ Issue #14238 updated successfully
Processing issue #14236: Feature request: allow owned entities to be structs
  Successfully closed issue #14236 as duplicate and removed label using GraphQL
  ✓ Issue #14236 updated successfully
Processing issue #14235: Feature request: IQueryable navigation properties
  Successfully closed issue #14235 as duplicate and removed label using GraphQL
  ✓ Issue #14235 updated successfully
Processing issue #14210: Modifying an alternate key in a "disconnected" scenario appears to save successfully but actually doesn't
  Successfully closed issue #14210 as duplicate and removed label using GraphQL
  ✓ Issue #14210 updated successfully
Processing issue #14201: EF Core 2.2 DbContext Properties<string> "missing"
  Successfully closed issue #14201 as duplicate and removed label using GraphQL
  ✓ Issue #14201 updated successfully
Processing issue #14200: support migration for sqlite
  Found marked_as_duplicate event at 12/19/2018 7:11:25 PM +00:00
  Found canonical issue #329 from event details
  Found canonical issue via GraphQL event details
  Found duplicate reference, linking to canonical issue
  Successfully closed issue #14200 as duplicate and removed label using GraphQL
  ✓ Issue #14200 updated successfully
Processing issue #14187: EF Core 2.2 Linq Join + GroupBy + Where clause evaluating at client side
  Found marked_as_duplicate event at 12/17/2018 6:26:43 AM +00:00
  Found canonical issue #10012 from event details
  Found canonical issue via GraphQL event details
  Found duplicate reference, linking to canonical issue
  Successfully closed issue #14187 as duplicate and removed label using GraphQL
  ✓ Issue #14187 updated successfully
Processing issue #14182: An exception is thrown when adding an entity to the context with a SqlHeirarchyId property
  Successfully closed issue #14182 as duplicate and removed label using GraphQL
  ✓ Issue #14182 updated successfully
Processing issue #14181: ef migrations add fails when using SqlHierarchyId
  Successfully closed issue #14181 as duplicate and removed label using GraphQL
  ✓ Issue #14181 updated successfully
Processing issue #14179: multiple identical primary key columns in the select result  after use OwnsOne
  Found marked_as_duplicate event at 12/23/2018 7:18:19 AM +00:00
  Found canonical issue #12880 from event details
  Found canonical issue via GraphQL event details
  Found duplicate reference, linking to canonical issue
  Successfully closed issue #14179 as duplicate and removed label using GraphQL
  ✓ Issue #14179 updated successfully
Processing issue #14178: Microsoft.Data.Sqlite: BackupDatabase should allow reporting of progress
  Successfully closed issue #14178 as duplicate and removed label using GraphQL
  ✓ Issue #14178 updated successfully
Processing issue #14172: .groupBy() Throw an error when used with 2 level of .FirstOrDefault()
  Found marked_as_duplicate event at 12/14/2018 10:08:41 PM +00:00
  Found canonical issue #12089 from event details
  Found canonical issue via GraphQL event details
  Found duplicate reference, linking to canonical issue
  Successfully closed issue #14172 as duplicate and removed label using GraphQL
  ✓ Issue #14172 updated successfully
Processing issue #14171: Logical NOT before contains does not include NULL check
  Successfully closed issue #14171 as duplicate and removed label using GraphQL
  ✓ Issue #14171 updated successfully
Processing issue #14168: Nested owned entities are not eager loaded when root entity is not projected out
  Found marked_as_duplicate event at 12/18/2018 12:11:06 AM +00:00
  Found canonical issue #13546 from event details
  Found canonical issue via GraphQL event details
  Found duplicate reference, linking to canonical issue
  Successfully closed issue #14168 as duplicate and removed label using GraphQL
  ✓ Issue #14168 updated successfully
Processing issue #17512: Consider adding examples of filters in XML docs for HasFilter and CreateIndex
  Found marked_as_duplicate event at 8/30/2019 8:21:46 PM +00:00
  Found canonical issue #17508 from event details
  Found canonical issue via GraphQL event details
  Found duplicate reference, linking to canonical issue
  Successfully closed issue #17512 as duplicate and removed label using GraphQL
  ✓ Issue #17512 updated successfully
Processing issue #14151: Global Query Filters filtering related entities
  Found marked_as_duplicate event at 12/12/2018 4:23:13 PM +00:00
  Found canonical issue #11691 from event details
  Found canonical issue via GraphQL event details
  Found duplicate reference, linking to canonical issue
  Successfully closed issue #14151 as duplicate and removed label using GraphQL
  ✓ Issue #14151 updated successfully
Processing issue #14150: Change EF Core codebase to use C# nullable references
  Successfully closed issue #14150 as duplicate and removed label using GraphQL
  ✓ Issue #14150 updated successfully
Processing issue #14149: Bug in Union, Concat, etc... in EF core
  Found marked_as_duplicate event at 12/12/2018 4:24:40 PM +00:00
  Found canonical issue #6812 from event details
  Found canonical issue via GraphQL event details
  Found duplicate reference, linking to canonical issue
  Successfully closed issue #14149 as duplicate and removed label using GraphQL
  ✓ Issue #14149 updated successfully
Processing issue #14148: EF Core 2.2: Linq subquery join with groupby could not be translated and will be evaluated locally
  Found marked_as_duplicate event at 12/12/2018 9:38:49 PM +00:00
  Found canonical issue #10012 from event details
  Found canonical issue via GraphQL event details
  Found duplicate reference, linking to canonical issue
  Successfully closed issue #14148 as duplicate and removed label using GraphQL
  ✓ Issue #14148 updated successfully
Processing issue #14145: Owned Collections as Many to Many Relationship
  Successfully closed issue #14145 as duplicate and removed label using GraphQL
  ✓ Issue #14145 updated successfully
Processing issue #14124: Owned shared entities doesn't appear to work with parent Entities with composite primary key.
  Found marked_as_duplicate event at 12/8/2018 7:04:48 PM +00:00
  Found canonical issue #14010 from event details
  Found canonical issue via GraphQL event details
  Found duplicate reference, linking to canonical issue
  Successfully closed issue #14124 as duplicate and removed label using GraphQL
  ✓ Issue #14124 updated successfully
Processing issue #14115: OwnsMany primitive type support?
  Successfully closed issue #14115 as duplicate and removed label using GraphQL
  ✓ Issue #14115 updated successfully
Processing issue #14100: Inheritance creating duplicate foreign keys and indexes
  Found marked_as_duplicate event at 12/7/2018 9:02:57 PM +00:00
  Found canonical issue #12963 from event details
  Found canonical issue via GraphQL event details
  Found duplicate reference, linking to canonical issue
  Successfully closed issue #14100 as duplicate and removed label using GraphQL
  ✓ Issue #14100 updated successfully
Processing issue #14099: .Net Core 2.1.6+EF Core 2.2.0 , memory leak happened
  Found marked_as_duplicate event at 12/6/2018 4:11:16 PM +00:00
  Found canonical issue #13048 from event details
  Found canonical issue via GraphQL event details
  Found duplicate reference, linking to canonical issue
  Successfully closed issue #14099 as duplicate and removed label using GraphQL
  ✓ Issue #14099 updated successfully
Processing issue #14097: Interpolated string in ExecuteSqlCommand do not work as expected
  Successfully closed issue #14097 as duplicate and removed label using GraphQL
  ✓ Issue #14097 updated successfully
Processing issue #14096: Only the 1st Owned Entity property can be configured by Fluent API
  Found marked_as_duplicate event at 12/6/2018 2:11:34 AM +00:00
  Found canonical issue #9148 from event details
  Found canonical issue via GraphQL event details
  Found duplicate reference, linking to canonical issue
  Successfully closed issue #14096 as duplicate and removed label using GraphQL
  ✓ Issue #14096 updated successfully
Processing issue #14094: Cannot use Dictionary property with Cosmos EFCore provider
  Successfully closed issue #14094 as duplicate and removed label using GraphQL
  ✓ Issue #14094 updated successfully
Processing issue #14091: iOS: Upgrade to 2.2.0 from 2.1.3, ArgumentNullException in SqliteDateTimeAddTranslator
  Successfully closed issue #14091 as duplicate and removed label using GraphQL
  ✓ Issue #14091 updated successfully
Processing issue #14088: Proposal for better API or error message.
  Successfully closed issue #14088 as duplicate and removed label using GraphQL
  ✓ Issue #14088 updated successfully
Processing issue #14083: ArgumentException when SQLite database filter by aggregation property
  Found marked_as_duplicate event at 12/5/2018 5:41:57 PM +00:00
  Found canonical issue #12089 from event details
  Found canonical issue via GraphQL event details
  Found duplicate reference, linking to canonical issue
  Successfully closed issue #14083 as duplicate and removed label using GraphQL
  ✓ Issue #14083 updated successfully
Processing issue #14074: Allow Interface type for NoSQL/Cosmos DB
  Successfully closed issue #14074 as duplicate and removed label using GraphQL
  ✓ Issue #14074 updated successfully
Processing issue #14063: SqlQuery<TClass>(Type elementType, string sql, params object[] parameters) not supported in Ef core
  Found marked_as_duplicate event at 12/3/2018 6:38:24 PM +00:00
  Found canonical issue #10753 from event details
  Found canonical issue via GraphQL event details
  Found duplicate reference, linking to canonical issue
  Successfully closed issue #14063 as duplicate and removed label using GraphQL
  ✓ Issue #14063 updated successfully
Processing issue #14062: Empty collections with one:many include and condition
  Successfully closed issue #14062 as duplicate and removed label using GraphQL
  ✓ Issue #14062 updated successfully
Processing issue #14035: Increment number value
  Successfully closed issue #14035 as duplicate and removed label using GraphQL
  ✓ Issue #14035 updated successfully
Processing issue #14031: Owned objects attached with wrong state
  Successfully closed issue #14031 as duplicate and removed label using GraphQL
  ✓ Issue #14031 updated successfully
Processing issue #14020: Getting "Value cannot be null.Parameter name: querySource" 
  Found marked_as_duplicate event at 6/6/2019 12:32:47 AM +00:00
  Found canonical issue #12148 from event details
  Found canonical issue via GraphQL event details
  Found duplicate reference, linking to canonical issue
  Successfully closed issue #14020 as duplicate and removed label using GraphQL
  ✓ Issue #14020 updated successfully
Successfully processed 100 issues
Processing issues in dotnet/efcore...
Found 100 issues with 'closed-duplicate' label
Processing issue #14002: Custom scalar database function sometimes evaluated on client
  Found marked_as_duplicate event at 11/25/2018 1:31:27 AM +00:00
  Found canonical issue #11186 from event details
  Found canonical issue via GraphQL event details
  Found duplicate reference, linking to canonical issue
  Successfully closed issue #14002 as duplicate and removed label using GraphQL
  ✓ Issue #14002 updated successfully
Processing issue #13997: Suboptimal SQL generated in LEFT JOIN on SQL Server
  Successfully closed issue #13997 as duplicate and removed label using GraphQL
  ✓ Issue #13997 updated successfully
Processing issue #13996: AddData trying to insert timestamp/rowversion 
  Found marked_as_duplicate event at 11/26/2018 5:51:16 PM +00:00
  Found canonical issue #11969 from event details
  Found canonical issue via GraphQL event details
  Found duplicate reference, linking to canonical issue
  Successfully closed issue #13996 as duplicate and removed label using GraphQL
  ✓ Issue #13996 updated successfully
Processing issue #13993: [BUG+REPRO] Objects created from a SELECT without any data are shared instances and are reused across queries
  Successfully closed issue #13993 as duplicate and removed label using GraphQL
  ✓ Issue #13993 updated successfully
Processing issue #13980: Lazy loading with derived types
  Found marked_as_duplicate event at 11/20/2018 1:28:40 AM +00:00
  Found canonical issue #12761 from event details
  Found canonical issue via GraphQL event details
  Found duplicate reference, linking to canonical issue
  Successfully closed issue #13980 as duplicate and removed label using GraphQL
  ✓ Issue #13980 updated successfully
Processing issue #13974: Notifying EF that child entity should not be added
  Successfully closed issue #13974 as duplicate and removed label using GraphQL
  ✓ Issue #13974 updated successfully
Processing issue #13971: Optimize include queries to not rerun original query
  Found marked_as_duplicate event at 11/16/2018 8:12:59 PM +00:00
  Found canonical issue #12776 from event details
  Found canonical issue via GraphQL event details
  Found duplicate reference, linking to canonical issue
  Successfully closed issue #13971 as duplicate and removed label using GraphQL
  ✓ Issue #13971 updated successfully
Processing issue #13965: Disable Client Evaluation by default
  Successfully closed issue #13965 as duplicate and removed label using GraphQL
  ✓ Issue #13965 updated successfully
Processing issue #13963: "Cannot perform an aggregate function" when using Sum() over different tables
  Found marked_as_duplicate event at 11/15/2018 6:56:27 PM +00:00
  Found canonical issue #11922 from event details
  Found canonical issue via GraphQL event details
  Found duplicate reference, linking to canonical issue
  Successfully closed issue #13963 as duplicate and removed label using GraphQL
  ✓ Issue #13963 updated successfully
Processing issue #13955: Migrations XMLDOC
  Found marked_as_duplicate event at 6/16/2025 9:58:14 AM +00:00
  Found canonical issue #14835 from event details
  Found canonical issue via GraphQL event details
  Found duplicate reference, linking to canonical issue
  Successfully closed issue #13955 as duplicate and removed label using GraphQL
  ✓ Issue #13955 updated successfully
Processing issue #13945: Generated migration code doesn't compile when combining owned entities with base types.
  Successfully closed issue #13945 as duplicate and removed label using GraphQL
  ✓ Issue #13945 updated successfully
Processing issue #13944: InvalidOperationException during sql migration generation when combining owned and base-types
  Successfully closed issue #13944 as duplicate and removed label using GraphQL
  ✓ Issue #13944 updated successfully
Processing issue #13932: Suggestion: There needs to be a way to suppress 3rd party tables, like AutoHistory from generated migrations.
  Found marked_as_duplicate event at 11/12/2018 4:30:08 PM +00:00
  Found canonical issue #2725 from event details
  Found canonical issue via GraphQL event details
  Found duplicate reference, linking to canonical issue
  Successfully closed issue #13932 as duplicate and removed label using GraphQL
  ✓ Issue #13932 updated successfully
Processing issue #13928: MSSQL. Translation of DateTime.AddDays(double)
  Found marked_as_duplicate event at 11/9/2018 6:31:16 PM +00:00
  Found canonical issue #11794 from event details
  Found canonical issue via GraphQL event details
  Found duplicate reference, linking to canonical issue
  Successfully closed issue #13928 as duplicate and removed label using GraphQL
  ✓ Issue #13928 updated successfully
Processing issue #13870: NullReferenceException with `Where` + `Sum` inside `Select`
  Successfully closed issue #13870 as duplicate and removed label using GraphQL
  ✓ Issue #13870 updated successfully
Processing issue #13869: Invalid sql with aliased ternary clause
  Found marked_as_duplicate event at 11/5/2018 8:14:00 PM +00:00
  Found canonical issue #12826 from event details
  Found canonical issue via GraphQL event details
  Found duplicate reference, linking to canonical issue
  Successfully closed issue #13869 as duplicate and removed label using GraphQL
  ✓ Issue #13869 updated successfully
Processing issue #13861: Linq expression(s) being evaluated locally
  Successfully closed issue #13861 as duplicate and removed label using GraphQL
  ✓ Issue #13861 updated successfully
Processing issue #13857: Query: Allow using DbSet/DbQuery inside query filter / defining query
  Found marked_as_duplicate event at 8/15/2019 12:31:25 AM +00:00
  Found canonical issue #17111 from event details
  Found canonical issue via GraphQL event details
  Found duplicate reference, linking to canonical issue
  Successfully closed issue #13857 as duplicate and removed label using GraphQL
  ✓ Issue #13857 updated successfully
Processing issue #13851: NullReferenceException on projection with custom method
  Found marked_as_duplicate event at 11/1/2018 3:42:38 PM +00:00
  Found canonical issue #13686 from event details
  Found canonical issue via GraphQL event details
  Found duplicate reference, linking to canonical issue
  Successfully closed issue #13851 as duplicate and removed label using GraphQL
  ✓ Issue #13851 updated successfully
Processing issue #13822: Override the DbConnection to use inside ambient transaction to prevent requirement of DTC
  Successfully closed issue #13822 as duplicate and removed label using GraphQL
  ✓ Issue #13822 updated successfully
Processing issue #13814: Auto incrementing primary key with value converter does not work
  Successfully closed issue #13814 as duplicate and removed label using GraphQL
  ✓ Issue #13814 updated successfully
Processing issue #13806: EF does not respect [Required(AllowEmptyStrings = false)] attribute in regard to empty strings
  Successfully closed issue #13806 as duplicate and removed label using GraphQL
  ✓ Issue #13806 updated successfully
Processing issue #13797: Unable to insert entities containing Point or Polygon properties with Null
  Found marked_as_duplicate event at 10/29/2018 3:46:53 PM +00:00
  Found canonical issue #13457 from event details
  Found canonical issue via GraphQL event details
  Found duplicate reference, linking to canonical issue
  Successfully closed issue #13797 as duplicate and removed label using GraphQL
  ✓ Issue #13797 updated successfully
Processing issue #13794: IDENTITY_INSERT error despite configuration
  Successfully closed issue #13794 as duplicate and removed label using GraphQL
  ✓ Issue #13794 updated successfully
Processing issue #13793: Disable automatic creation of FK indices
  Found marked_as_duplicate event at 6/16/2025 9:21:29 AM +00:00
  Found canonical issue #23550 from event details
  Found canonical issue via GraphQL event details
  Found duplicate reference, linking to canonical issue
  Successfully closed issue #13793 as duplicate and removed label using GraphQL
  ✓ Issue #13793 updated successfully
Processing issue #13792: Seed values for entity with enum Id is re-created in each migration
  Successfully closed issue #13792 as duplicate and removed label using GraphQL
  ✓ Issue #13792 updated successfully
Processing issue #13790: The 'MySqlDateTimeTypeMapping' does not support value conversions. Support for value conversions typically requires changes in the database provider.
  Found marked_as_duplicate event at 10/29/2018 6:50:16 PM +00:00
  Found canonical issue #13657 from event details
  Found canonical issue via GraphQL event details
  Found duplicate reference, linking to canonical issue
  Successfully closed issue #13790 as duplicate and removed label using GraphQL
  ✓ Issue #13790 updated successfully
Processing issue #13788: Allow plugins to specify themselves while scaffolding
  Successfully closed issue #13788 as duplicate and removed label using GraphQL
  ✓ Issue #13788 updated successfully
Processing issue #13778: Calling a function inside a query results after many calls in a memory leak
  Found marked_as_duplicate event at 10/26/2018 5:52:53 PM +00:00
  Found canonical issue #13048 from event details
  Found canonical issue via GraphQL event details
  Found duplicate reference, linking to canonical issue
  Successfully closed issue #13778 as duplicate and removed label using GraphQL
  ✓ Issue #13778 updated successfully
Processing issue #13767: Sqlite Spatial: Test Z and M
  Found marked_as_duplicate event at 11/5/2019 8:33:58 PM +00:00
  Found canonical issue #14257 from event details
  Found canonical issue via GraphQL event details
  Found duplicate reference, linking to canonical issue
  Successfully closed issue #13767 as duplicate and removed label using GraphQL
  ✓ Issue #13767 updated successfully
Processing issue #13761: Query: GroupBy with nested navigation properties is executed locally
  Found marked_as_duplicate event at 6/16/2025 10:00:03 AM +00:00
  Found canonical issue #14530 from event details
  Found canonical issue via GraphQL event details
  Found duplicate reference, linking to canonical issue
  Successfully closed issue #13761 as duplicate and removed label using GraphQL
  ✓ Issue #13761 updated successfully
Processing issue #13760: Slow execution using a single query
  Successfully closed issue #13760 as duplicate and removed label using GraphQL
  ✓ Issue #13760 updated successfully
Processing issue #13758: Value Objects are not eager Loaded
  Successfully closed issue #13758 as duplicate and removed label using GraphQL
  ✓ Issue #13758 updated successfully
Processing issue #13756: Could not load file or assembly System.ComponentModel.Annotations Version=4.2.0.0. Manifest definition does not match.
  Successfully closed issue #13756 as duplicate and removed label using GraphQL
  ✓ Issue #13756 updated successfully
Processing issue #13746: Query: NRE when executing a complex query with functions with arguments having optional navs on InMemory provider
  Found marked_as_duplicate event at 12/10/2019 10:29:26 PM +00:00
  Found canonical issue #17540 from event details
  Found canonical issue via GraphQL event details
  Found duplicate reference, linking to canonical issue
  Successfully closed issue #13746 as duplicate and removed label using GraphQL
  ✓ Issue #13746 updated successfully
Processing issue #13745: Query: Uncorrelated subquery returning entities produces ArgumentException: Argument type '...EntityQueryable`1[Repro13739.Entity]' does not match the corresponding member type '...DbSet`1[Repro13739.Entity]'
  Successfully closed issue #13745 as duplicate and removed label using GraphQL
  ✓ Issue #13745 updated successfully
Processing issue #13739: Select with total items count: unexpected behavior
  Found marked_as_duplicate event at 10/24/2018 7:26:40 PM +00:00
  Found canonical issue #11186 from event details
  Found canonical issue via GraphQL event details
  Found duplicate reference, linking to canonical issue
  Successfully closed issue #13739 as duplicate and removed label using GraphQL
  ✓ Issue #13739 updated successfully
Processing issue #13724: Inconsistent Date Handling with Dynamic Expressions
  Found marked_as_duplicate event at 10/23/2018 8:02:37 PM +00:00
  Found canonical issue #12211 from event details
  Found canonical issue via GraphQL event details
  Found duplicate reference, linking to canonical issue
  Successfully closed issue #13724 as duplicate and removed label using GraphQL
  ✓ Issue #13724 updated successfully
Processing issue #13715: InvalidOperationException when inserting array of data into database table 
  Found marked_as_duplicate event at 10/22/2018 10:46:46 PM +00:00
  Found canonical issue #13714 from event details
  Found canonical issue via GraphQL event details
  Found duplicate reference, linking to canonical issue
  Successfully closed issue #13715 as duplicate and removed label using GraphQL
  ✓ Issue #13715 updated successfully
Processing issue #13713: InvalidOperationException thrown when an array of objects is added to a single table.
  Successfully closed issue #13713 as duplicate and removed label using GraphQL
  ✓ Issue #13713 updated successfully
Processing issue #13710: DB2 does not support correlated subquery in order by clause
  Found marked_as_duplicate event at 10/22/2018 7:06:18 PM +00:00
  Found canonical issue #8032 from event details
  Found canonical issue via GraphQL event details
  Found duplicate reference, linking to canonical issue
  Successfully closed issue #13710 as duplicate and removed label using GraphQL
  ✓ Issue #13710 updated successfully
Processing issue #13708: Can't use order by Guid.NewGuid() when UseNetTopologySuite() is used
  Successfully closed issue #13708 as duplicate and removed label using GraphQL
  ✓ Issue #13708 updated successfully
Processing issue #13699: NullReferenceException when calling AddAsync with spatial data
  Found marked_as_duplicate event at 10/20/2018 6:22:41 PM +00:00
  Found canonical issue #13457 from event details
  Found canonical issue via GraphQL event details
  Found duplicate reference, linking to canonical issue
  Successfully closed issue #13699 as duplicate and removed label using GraphQL
  ✓ Issue #13699 updated successfully
Processing issue #13688: 2.2 Preview 3 Filter Dates - Null Reference Exception
  Successfully closed issue #13688 as duplicate and removed label using GraphQL
  ✓ Issue #13688 updated successfully
Processing issue #13682: Incorrect transformation to Sql
  Found marked_as_duplicate event at 10/19/2018 6:42:39 AM +00:00
  Found canonical issue #12826 from event details
  Found canonical issue via GraphQL event details
  Found duplicate reference, linking to canonical issue
  Successfully closed issue #13682 as duplicate and removed label using GraphQL
  ✓ Issue #13682 updated successfully
Processing issue #13667: The DbSet is not resetting if use DbContext from pool
  Found marked_as_duplicate event at 10/18/2018 6:33:11 PM +00:00
  Found canonical issue #12126 from event details
  Found canonical issue via GraphQL event details
  Found duplicate reference, linking to canonical issue
  Successfully closed issue #13667 as duplicate and removed label using GraphQL
  ✓ Issue #13667 updated successfully
Processing issue #13664: ExpressionEqualityComparer throws NotImplementedException
  Successfully closed issue #13664 as duplicate and removed label using GraphQL
  ✓ Issue #13664 updated successfully
Processing issue #13663: I think there is a design flaw in the Entity Framework Core command line tool.
  Found marked_as_duplicate event at 10/18/2018 3:19:04 PM +00:00
  Found canonical issue #831 from event details
  Found canonical issue via GraphQL event details
  Found duplicate reference, linking to canonical issue
  Successfully closed issue #13663 as duplicate and removed label using GraphQL
  ✓ Issue #13663 updated successfully
Processing issue #13654: Replace of PredicateReductionExpressionOptimizer
  Found marked_as_duplicate event at 10/17/2018 7:25:30 PM +00:00
  Found canonical issue #10513 from event details
  Found canonical issue via GraphQL event details
  Found duplicate reference, linking to canonical issue
  Successfully closed issue #13654 as duplicate and removed label using GraphQL
  ✓ Issue #13654 updated successfully
Processing issue #13647: dynamic query filter expression in include
  Successfully closed issue #13647 as duplicate and removed label using GraphQL
  ✓ Issue #13647 updated successfully
Processing issue #13645: Unexpectly delete data in EF Core
  Found marked_as_duplicate event at 10/16/2018 5:42:03 PM +00:00
  Found canonical issue #13643 from event details
  Found canonical issue via GraphQL event details
  Found duplicate reference, linking to canonical issue
  Successfully closed issue #13645 as duplicate and removed label using GraphQL
  ✓ Issue #13645 updated successfully
Processing issue #13627: ForeignKeyAttribute add cascadeDelete cascadeUpdate param
  Found marked_as_duplicate event at 10/16/2018 5:31:10 PM +00:00
  Found canonical issue #9621 from event details
  Found canonical issue via GraphQL event details
  Found duplicate reference, linking to canonical issue
  Successfully closed issue #13627 as duplicate and removed label using GraphQL
  ✓ Issue #13627 updated successfully
Processing issue #13619: Could not load file System.Interactive.Async
  Found marked_as_duplicate event at 10/15/2018 7:25:45 PM +00:00
  Found canonical issue #13268 from event details
  Found canonical issue via GraphQL event details
  Found duplicate reference, linking to canonical issue
  Successfully closed issue #13619 as duplicate and removed label using GraphQL
  ✓ Issue #13619 updated successfully
Processing issue #13618: In Memory Database Not Persisted with Injected Data when Testing
  Successfully closed issue #13618 as duplicate and removed label using GraphQL
  ✓ Issue #13618 updated successfully
Processing issue #13615: Seeding problem, there was no value provided for the required property
  Successfully closed issue #13615 as duplicate and removed label using GraphQL
  ✓ Issue #13615 updated successfully
Processing issue #13614: Seed fails if Entity has Owned
  Found marked_as_duplicate event at 10/15/2018 5:42:32 PM +00:00
  Found canonical issue #12004 from event details
  Found canonical issue via GraphQL event details
  Found duplicate reference, linking to canonical issue
  Successfully closed issue #13614 as duplicate and removed label using GraphQL
  ✓ Issue #13614 updated successfully
Processing issue #13608: IsConcurrencyToken defined on OwnedType does not work as expected
  Found marked_as_duplicate event at 10/12/2018 4:08:12 PM +00:00
  Found canonical issue #12865 from event details
  Found canonical issue via GraphQL event details
  Found duplicate reference, linking to canonical issue
  Successfully closed issue #13608 as duplicate and removed label using GraphQL
  ✓ Issue #13608 updated successfully
Processing issue #13606: SQL localdb attempting to create in c:\Users folder
  Found marked_as_duplicate event at 10/12/2018 1:57:51 AM +00:00
  Found canonical issue #384 from event details
  Found canonical issue via GraphQL event details
  Found duplicate reference, linking to canonical issue
  Successfully closed issue #13606 as duplicate and removed label using GraphQL
  ✓ Issue #13606 updated successfully
Processing issue #13592: EF ignores ValueGeneratedOnAdd 
  Successfully closed issue #13592 as duplicate and removed label using GraphQL
  ✓ Issue #13592 updated successfully
Processing issue #13588: Unexpected behaviour in where clause
  Found marked_as_duplicate event at 10/11/2018 4:09:22 PM +00:00
  Found canonical issue #13570 from event details
  Found canonical issue via GraphQL event details
  Found duplicate reference, linking to canonical issue
  Successfully closed issue #13588 as duplicate and removed label using GraphQL
  ✓ Issue #13588 updated successfully
Processing issue #13577: Prevent Collection Nav Props from Loading Unspecified Sub-Props
  Found marked_as_duplicate event at 6/16/2025 9:54:06 AM +00:00
  Found canonical issue #16211 from event details
  Found canonical issue via GraphQL event details
  Found duplicate reference, linking to canonical issue
  Successfully closed issue #13577 as duplicate and removed label using GraphQL
  ✓ Issue #13577 updated successfully
Processing issue #13566: Error when we use owned type as a alternate key.
  Found marked_as_duplicate event at 6/16/2025 9:47:53 AM +00:00
  Found canonical issue #17995 from event details
  Found canonical issue via GraphQL event details
  Found duplicate reference, linking to canonical issue
  Successfully closed issue #13566 as duplicate and removed label using GraphQL
  ✓ Issue #13566 updated successfully
Processing issue #13565: Detect Changes - Incorrect State
  Successfully closed issue #13565 as duplicate and removed label using GraphQL
  ✓ Issue #13565 updated successfully
Processing issue #13528: Exception when scaffolding SQLite database with FTS tables
  Found marked_as_duplicate event at 10/8/2018 6:53:50 PM +00:00
  Found canonical issue #13531 from event details
  Found canonical issue via GraphQL event details
  Found duplicate reference, linking to canonical issue
  Successfully closed issue #13528 as duplicate and removed label using GraphQL
  ✓ Issue #13528 updated successfully
Processing issue #13513: Memory leak when using fromSql with dynamic sql
  Found marked_as_duplicate event at 10/5/2018 5:18:14 PM +00:00
  Found canonical issue #12902 from event details
  Found canonical issue via GraphQL event details
  Found duplicate reference, linking to canonical issue
  Successfully closed issue #13513 as duplicate and removed label using GraphQL
  ✓ Issue #13513 updated successfully
Processing issue #13508: Nullable Alternate Keys / Navigation Properties on Unique Keys
  Found marked_as_duplicate event at 10/5/2018 4:49:02 PM +00:00
  Found canonical issue #4415 from event details
  Found canonical issue via GraphQL event details
  Found duplicate reference, linking to canonical issue
  Successfully closed issue #13508 as duplicate and removed label using GraphQL
  ✓ Issue #13508 updated successfully
Processing issue #13497: Table/Column annotations are empty in custom SqlServerMigrationsSqlGenerator
  Successfully closed issue #13497 as duplicate and removed label using GraphQL
  ✓ Issue #13497 updated successfully
Processing issue #13478: Navigation properties on other entities are not removed when OnDelete Restrict
  Found marked_as_duplicate event at 10/3/2018 3:55:52 PM +00:00
  Found canonical issue #12114 from event details
  Found canonical issue via GraphQL event details
  Found duplicate reference, linking to canonical issue
  Successfully closed issue #13478 as duplicate and removed label using GraphQL
  ✓ Issue #13478 updated successfully
Processing issue #17506: Hours Wasted assuming the framework could handle a complex object save(insert, or update)
  Found marked_as_duplicate event at 8/29/2019 8:53:51 PM +00:00
  Found canonical issue #5536 from event details
  Found canonical issue via GraphQL event details
  Found duplicate reference, linking to canonical issue
  Successfully closed issue #17506 as duplicate and removed label using GraphQL
  ✓ Issue #17506 updated successfully
Processing issue #13465: Pass connection string as argument to `dotnet ef database update`
  Found marked_as_duplicate event at 1/14/2019 8:37:42 PM +00:00
  Found canonical issue #10750 from event details
  Found canonical issue via GraphQL event details
  Found duplicate reference, linking to canonical issue
  Successfully closed issue #13465 as duplicate and removed label using GraphQL
  ✓ Issue #13465 updated successfully
Processing issue #13462: Insert default value for Shadow Property
  Found marked_as_duplicate event at 10/4/2018 12:24:02 AM +00:00
  Found canonical issue #11001 from event details
  Found canonical issue via GraphQL event details
  Found duplicate reference, linking to canonical issue
  Successfully closed issue #13462 as duplicate and removed label using GraphQL
  ✓ Issue #13462 updated successfully
Processing issue #13448: NullReferenceException when filtering foreign key on null parent type
  Found marked_as_duplicate event at 10/1/2018 9:38:02 PM +00:00
  Found canonical issue #12062 from event details
  Found canonical issue via GraphQL event details
  Found duplicate reference, linking to canonical issue
  Successfully closed issue #13448 as duplicate and removed label using GraphQL
  ✓ Issue #13448 updated successfully
Processing issue #13444: Sqlite Query: Don't apply BooleanExpressionTranslatingVisitor
  Found marked_as_duplicate event at 10/3/2018 6:41:10 PM +00:00
  Found canonical issue #10513 from event details
  Found canonical issue via GraphQL event details
  Found duplicate reference, linking to canonical issue
  Successfully closed issue #13444 as duplicate and removed label using GraphQL
  ✓ Issue #13444 updated successfully
Processing issue #13438: GroupBy Select OrderBy produces invalid SQL near the keyword 'AS'
  Successfully closed issue #13438 as duplicate and removed label using GraphQL
  ✓ Issue #13438 updated successfully
Processing issue #13415: Test failure: Save_partial_update_on_missing_record_throws
  Found marked_as_duplicate event at 9/28/2018 4:51:25 PM +00:00
  Found canonical issue #13407 from event details
  Found canonical issue via GraphQL event details
  Found duplicate reference, linking to canonical issue
  Successfully closed issue #13415 as duplicate and removed label using GraphQL
  ✓ Issue #13415 updated successfully
Processing issue #13409: DefaultIfEmpty with parameter throws if entity type has a shadow key
  Found marked_as_duplicate event at 11/21/2019 5:45:42 PM +00:00
  Found canonical issue #17783 from event details
  Found canonical issue via GraphQL event details
  Found duplicate reference, linking to canonical issue
  Successfully closed issue #13409 as duplicate and removed label using GraphQL
  ✓ Issue #13409 updated successfully
Processing issue #13405: Unit Tests Failed To Seed Initial Data 
  Found marked_as_duplicate event at 9/24/2018 8:57:52 PM +00:00
  Found canonical issue #703 from event details
  Found canonical issue via GraphQL event details
  Found duplicate reference, linking to canonical issue
  Successfully closed issue #13405 as duplicate and removed label using GraphQL
  ✓ Issue #13405 updated successfully
Processing issue #13400: EFCore.InMemory - Key does not get auto-incremented upon adding new item
  Found marked_as_duplicate event at 9/24/2018 5:50:54 PM +00:00
  Found canonical issue #6872 from event details
  Found canonical issue via GraphQL event details
  Found duplicate reference, linking to canonical issue
  Successfully closed issue #13400 as duplicate and removed label using GraphQL
  ✓ Issue #13400 updated successfully
Processing issue #13391: Many-to-One relationship with primary key must be required
  Successfully closed issue #13391 as duplicate and removed label using GraphQL
  ✓ Issue #13391 updated successfully
Processing issue #13386: Dbcontext with dynamic multi connection with from db
  Successfully closed issue #13386 as duplicate and removed label using GraphQL
  ✓ Issue #13386 updated successfully
Processing issue #13366: Allow removal of Cascade on Delete Convention
  Successfully closed issue #13366 as duplicate and removed label using GraphQL
  ✓ Issue #13366 updated successfully
Processing issue #13364: How to detect and ignore BooleanExpressionTranslatingVisitor in Accept method?
  Found marked_as_duplicate event at 9/19/2018 9:00:33 PM +00:00
  Found canonical issue #10513 from event details
  Found canonical issue via GraphQL event details
  Found duplicate reference, linking to canonical issue
  Successfully closed issue #13364 as duplicate and removed label using GraphQL
  ✓ Issue #13364 updated successfully
Processing issue #13357: EF Core 2.0.1 to 2.1.3 - Lost in translation
  Found marked_as_duplicate event at 9/18/2018 8:10:08 PM +00:00
  Found canonical issue #12304 from event details
  Found canonical issue via GraphQL event details
  Found duplicate reference, linking to canonical issue
  Successfully closed issue #13357 as duplicate and removed label using GraphQL
  ✓ Issue #13357 updated successfully
Processing issue #13334: Parameter count mismatch while seeding generic data EF Core 2.1.3
  Found marked_as_duplicate event at 9/20/2018 3:23:20 PM +00:00
  Found canonical issue #12003 from event details
  Found canonical issue via GraphQL event details
  Found duplicate reference, linking to canonical issue
  Successfully closed issue #13334 as duplicate and removed label using GraphQL
  ✓ Issue #13334 updated successfully
Processing issue #13323: Regular Azure Table Storage
  Successfully closed issue #13323 as duplicate and removed label using GraphQL
  ✓ Issue #13323 updated successfully
Processing issue #13322: .NET Framework 4.7.2 InMemory EnsureCreated with seeded data then Add new entity throws ArgumentException : An item with the same key has already been added.
  Successfully closed issue #13322 as duplicate and removed label using GraphQL
  ✓ Issue #13322 updated successfully
Processing issue #13320: InMemory implicitly deletes entity when changed to an invalid state
  Successfully closed issue #13320 as duplicate and removed label using GraphQL
  ✓ Issue #13320 updated successfully
Processing issue #13318: "The entity type was not found." when mixing cultures
  Successfully closed issue #13318 as duplicate and removed label using GraphQL
  ✓ Issue #13318 updated successfully
Processing issue #13313: Identity seed kept across inMemory databases
  Found marked_as_duplicate event at 9/13/2018 3:17:41 PM +00:00
  Found canonical issue #6872 from event details
  Found canonical issue via GraphQL event details
  Found duplicate reference, linking to canonical issue
  Successfully closed issue #13313 as duplicate and removed label using GraphQL
  ✓ Issue #13313 updated successfully
Processing issue #13287: Test failure: Update_on_bytes_concurrency_token_original_value_matches_does_not_throw
  Found marked_as_duplicate event at 9/11/2018 10:31:17 PM +00:00
  Found canonical issue #13262 from event details
  Found canonical issue via GraphQL event details
  Found duplicate reference, linking to canonical issue
  Successfully closed issue #13287 as duplicate and removed label using GraphQL
  ✓ Issue #13287 updated successfully
Processing issue #13275: Async on nested expressions freezes
  Successfully closed issue #13275 as duplicate and removed label using GraphQL
  ✓ Issue #13275 updated successfully
Processing issue #13260: Query: In-memory query compares byte arrays by reference
  Found marked_as_duplicate event at 3/16/2020 1:59:40 PM +00:00
  Found canonical issue #5806 from event details
  Found canonical issue via GraphQL event details
  Found duplicate reference, linking to canonical issue
  Successfully closed issue #13260 as duplicate and removed label using GraphQL
  ✓ Issue #13260 updated successfully
Processing issue #13256: Have a way to construct a rawsqlstring from a trusted source
  Successfully closed issue #13256 as duplicate and removed label using GraphQL
  ✓ Issue #13256 updated successfully
Processing issue #13251: Incorrect sql generated for query with groupby 
  Found marked_as_duplicate event at 9/7/2018 7:05:00 PM +00:00
  Found canonical issue #10012 from event details
  Found canonical issue via GraphQL event details
  Found duplicate reference, linking to canonical issue
  Successfully closed issue #13251 as duplicate and removed label using GraphQL
  ✓ Issue #13251 updated successfully
Processing issue #13229: Scaffold-DbContext  SqlServer decimal
  Found marked_as_duplicate event at 9/6/2018 4:07:41 PM +00:00
  Found canonical issue #12241 from event details
  Found canonical issue via GraphQL event details
  Found duplicate reference, linking to canonical issue
  Successfully closed issue #13229 as duplicate and removed label using GraphQL
  ✓ Issue #13229 updated successfully
Processing issue #13221: IsRowVersion is not working for SqlLite in memory
  Found marked_as_duplicate event at 9/5/2018 8:37:04 PM +00:00
  Found canonical issue #2195 from event details
  Found canonical issue via GraphQL event details
  Found duplicate reference, linking to canonical issue
  Successfully closed issue #13221 as duplicate and removed label using GraphQL
  ✓ Issue #13221 updated successfully
Processing issue #13208: Some DateTime values are not diffed correctly in seed data
  Found marked_as_duplicate event at 9/5/2018 8:00:38 PM +00:00
  Found canonical issue #12346 from event details
  Found canonical issue via GraphQL event details
  Found duplicate reference, linking to canonical issue
  Successfully closed issue #13208 as duplicate and removed label using GraphQL
  ✓ Issue #13208 updated successfully
Processing issue #13207: Include and ThenInclude not working after select
  Found marked_as_duplicate event at 9/5/2018 8:40:41 PM +00:00
  Found canonical issue #12737 from event details
  Found canonical issue via GraphQL event details
  Found duplicate reference, linking to canonical issue
  Successfully closed issue #13207 as duplicate and removed label using GraphQL
  ✓ Issue #13207 updated successfully
Processing issue #13206: ValueGeneratedOnAdd() not applied when seeding data with EntityTypeBuilder<T>.HasData()
  Found marked_as_duplicate event at 9/5/2018 8:02:37 PM +00:00
  Found canonical issue #11969 from event details
  Found canonical issue via GraphQL event details
  Found duplicate reference, linking to canonical issue
  Successfully closed issue #13206 as duplicate and removed label using GraphQL
  ✓ Issue #13206 updated successfully
Processing issue #13205: Foreign key exception at many to many add
  Successfully closed issue #13205 as duplicate and removed label using GraphQL
  ✓ Issue #13205 updated successfully
Successfully processed 100 issues
Processing issues in dotnet/efcore...
Found 100 issues with 'closed-duplicate' label
Processing issue #13202: Migration error when use owned type for value object
  Successfully closed issue #13202 as duplicate and removed label using GraphQL
  ✓ Issue #13202 updated successfully
Processing issue #13178: Migration change field length from field which is used in primary/foreign key
  Successfully closed issue #13178 as duplicate and removed label using GraphQL
  ✓ Issue #13178 updated successfully
Processing issue #13173: Getting "attempt was made to lazy-load navigation property on detached entity" error when using AsNoTracking despite using Include to eager fetch children
  Successfully closed issue #13173 as duplicate and removed label using GraphQL
  ✓ Issue #13173 updated successfully
Processing issue #13167: Supported method for coalescing left joins
  Successfully closed issue #13167 as duplicate and removed label using GraphQL
  ✓ Issue #13167 updated successfully
Processing issue #13165: InMemory provider doesn't work when mixing enabling/disabling proxies
  Successfully closed issue #13165 as duplicate and removed label using GraphQL
  ✓ Issue #13165 updated successfully
Processing issue #13150: Nested Switch Case With Aggregate Function Generates Incorrect Query
  Found marked_as_duplicate event at 8/29/2018 9:11:51 PM +00:00
  Found canonical issue #12826 from event details
  Found canonical issue via GraphQL event details
  Found duplicate reference, linking to canonical issue
  Successfully closed issue #13150 as duplicate and removed label using GraphQL
  ✓ Issue #13150 updated successfully
Processing issue #13148: Implementing IDataErrorInfo break the database creation
  Found marked_as_duplicate event at 8/29/2018 10:53:19 PM +00:00
  Found canonical issue #12605 from event details
  Found canonical issue via GraphQL event details
  Found duplicate reference, linking to canonical issue
  Successfully closed issue #13148 as duplicate and removed label using GraphQL
  ✓ Issue #13148 updated successfully
Processing issue #13141: NullReferenceException when filtering by null navigation property
  Successfully closed issue #13141 as duplicate and removed label using GraphQL
  ✓ Issue #13141 updated successfully
Processing issue #13140: The property '' on entity type could not be found in a SelectMany query since upgrading to EF 2.1
  Found marked_as_duplicate event at 9/6/2018 6:45:24 PM +00:00
  Found canonical issue #12575 from event details
  Found canonical issue via GraphQL event details
  Found duplicate reference, linking to canonical issue
  Successfully closed issue #13140 as duplicate and removed label using GraphQL
  ✓ Issue #13140 updated successfully
Processing issue #13139: Decreasing Model Build Time by 80%: Please provide a way to turn off conventions
  Successfully closed issue #13139 as duplicate and removed label using GraphQL
  ✓ Issue #13139 updated successfully
Processing issue #13135: Test failure: Remove_on_bytes_concurrency_token_original_value_matches_does_not_throw
  Successfully closed issue #13135 as duplicate and removed label using GraphQL
  ✓ Issue #13135 updated successfully
Processing issue #13131: Cosmos: Deal with missing property values
  Successfully closed issue #13131 as duplicate and removed label using GraphQL
  ✓ Issue #13131 updated successfully
Processing issue #13126: In memory DB seeding
  Successfully closed issue #13126 as duplicate and removed label using GraphQL
  ✓ Issue #13126 updated successfully
Processing issue #13121: Scaffolding Issue when using DatabaseNames
  Found marked_as_duplicate event at 8/27/2018 4:26:43 PM +00:00
  Found canonical issue #12102 from event details
  Found canonical issue via GraphQL event details
  Found duplicate reference, linking to canonical issue
  Successfully closed issue #13121 as duplicate and removed label using GraphQL
  ✓ Issue #13121 updated successfully
Processing issue #13114: ORDER BY Clause contains AS 
  Found marked_as_duplicate event at 8/27/2018 8:51:35 PM +00:00
  Found canonical issue #12826 from event details
  Found canonical issue via GraphQL event details
  Found duplicate reference, linking to canonical issue
  Successfully closed issue #13114 as duplicate and removed label using GraphQL
  ✓ Issue #13114 updated successfully
Processing issue #13107: Script generation requires connectionString
  Successfully closed issue #13107 as duplicate and removed label using GraphQL
  ✓ Issue #13107 updated successfully
Processing issue #13104: Query: string.Concat gives different results than L2O for some types
  Found marked_as_duplicate event at 1/25/2019 8:30:57 PM +00:00
  Found canonical issue #14205 from event details
  Found canonical issue via GraphQL event details
  Found duplicate reference, linking to canonical issue
  Successfully closed issue #13104 as duplicate and removed label using GraphQL
  ✓ Issue #13104 updated successfully
Processing issue #13093: "Argument types do not match" when using cast in where clause
  Found marked_as_duplicate event at 3/16/2020 1:55:09 PM +00:00
  Found canonical issue #20097 from event details
  Found canonical issue via GraphQL event details
  Found duplicate reference, linking to canonical issue
  Successfully closed issue #13093 as duplicate and removed label using GraphQL
  ✓ Issue #13093 updated successfully
Processing issue #13082: OrderBy Random issue
  Found marked_as_duplicate event at 6/16/2025 10:00:46 AM +00:00
  Found canonical issue #14350 from event details
  Found canonical issue via GraphQL event details
  Found duplicate reference, linking to canonical issue
  Successfully closed issue #13082 as duplicate and removed label using GraphQL
  ✓ Issue #13082 updated successfully
Processing issue #13081: OrderBy on Navigation Property Fails
  Found marked_as_duplicate event at 8/28/2018 8:35:33 PM +00:00
  Found canonical issue #12294 from event details
  Found canonical issue via GraphQL event details
  Found duplicate reference, linking to canonical issue
  Successfully closed issue #13081 as duplicate and removed label using GraphQL
  ✓ Issue #13081 updated successfully
Processing issue #13077: Join with non-anonymous type followed by GroupBy cannot be translated
  Successfully closed issue #13077 as duplicate and removed label using GraphQL
  ✓ Issue #13077 updated successfully
Processing issue #13067: Support for using another column from the same table in Value Conversions
  Successfully closed issue #13067 as duplicate and removed label using GraphQL
  ✓ Issue #13067 updated successfully
Processing issue #13047: Incorrect UpdateData operations generated when using BoolToStringConverter with HasData
  Successfully closed issue #13047 as duplicate and removed label using GraphQL
  ✓ Issue #13047 updated successfully
Processing issue #13026: modelBuilder.Configurations.AddFromAssembly in EF Core
  Successfully closed issue #13026 as duplicate and removed label using GraphQL
  ✓ Issue #13026 updated successfully
Processing issue #13023: Columns for types owned by derived types are not nullable
  Found marked_as_duplicate event at 8/27/2018 7:44:35 PM +00:00
  Found canonical issue #13079 from event details
  Found canonical issue via GraphQL event details
  Found duplicate reference, linking to canonical issue
  Successfully closed issue #13023 as duplicate and removed label using GraphQL
  ✓ Issue #13023 updated successfully
Processing issue #13018: Calling the .Find() method does not use global defined query filters
  Found marked_as_duplicate event at 8/15/2018 10:34:35 PM +00:00
  Found canonical issue #9405 from event details
  Found canonical issue via GraphQL event details
  Found duplicate reference, linking to canonical issue
  Successfully closed issue #13018 as duplicate and removed label using GraphQL
  ✓ Issue #13018 updated successfully
Processing issue #13009: Many-to-many relationships without an entity class to represent the join table.
  Successfully closed issue #13009 as duplicate and removed label using GraphQL
  ✓ Issue #13009 updated successfully
Processing issue #12994: Allow specifying a default DateTimeKind
  Successfully closed issue #12994 as duplicate and removed label using GraphQL
  ✓ Issue #12994 updated successfully
Processing issue #12982: sqlite save is incredibly slow
  Successfully closed issue #12982 as duplicate and removed label using GraphQL
  ✓ Issue #12982 updated successfully
Processing issue #12980: Property Couldn't be Found on Entity Exception When Accessing Key Property
  Successfully closed issue #12980 as duplicate and removed label using GraphQL
  ✓ Issue #12980 updated successfully
Processing issue #12979: Generating arbitrary-type C# literals for seed data in migrations
  Successfully closed issue #12979 as duplicate and removed label using GraphQL
  ✓ Issue #12979 updated successfully
Processing issue #12976: AsNoTracking NRE On Navigation Properties
  Found marked_as_duplicate event at 8/13/2018 6:44:04 PM +00:00
  Found canonical issue #12337 from event details
  Found canonical issue via GraphQL event details
  Found duplicate reference, linking to canonical issue
  Successfully closed issue #12976 as duplicate and removed label using GraphQL
  ✓ Issue #12976 updated successfully
Processing issue #12961: [Feature Request] Directly type-mapping for raw SQL query statement
  Successfully closed issue #12961 as duplicate and removed label using GraphQL
  ✓ Issue #12961 updated successfully
Processing issue #12947: Generate incorrect migration when using owned entity
  Successfully closed issue #12947 as duplicate and removed label using GraphQL
  ✓ Issue #12947 updated successfully
Processing issue #12934: Missing column from Sql Generated
  Found marked_as_duplicate event at 8/8/2018 6:05:53 PM +00:00
  Found canonical issue #12180 from event details
  Found canonical issue via GraphQL event details
  Found duplicate reference, linking to canonical issue
  Successfully closed issue #12934 as duplicate and removed label using GraphQL
  ✓ Issue #12934 updated successfully
Processing issue #12925: VerificationException: Method Microsoft.EntityFrameworkCore.Query.Internal.IQueryBuffer.CorrelateSubquery: type argument 'System.Collections.Generic.IReadOnlyCollection`1[Entity]' violates the constraint of type parameter 'TCollection'.
  Found marked_as_duplicate event at 8/8/2018 4:59:10 PM +00:00
  Found canonical issue #12881 from event details
  Found canonical issue via GraphQL event details
  Found duplicate reference, linking to canonical issue
  Successfully closed issue #12925 as duplicate and removed label using GraphQL
  ✓ Issue #12925 updated successfully
Processing issue #12924: System.InvalidOperationException: The property '' on entity type 'Entity' could not be found.
  Successfully closed issue #12924 as duplicate and removed label using GraphQL
  ✓ Issue #12924 updated successfully
Processing issue #12913: EF Core 2.1: "variable referenced from scope '', but it is not defined" exception in Select/SelectMany
  Successfully closed issue #12913 as duplicate and removed label using GraphQL
  ✓ Issue #12913 updated successfully
Processing issue #12912: DefaultIfEmpty in Expression provided by DbContext throws "Expression of type cannot be used for parameter" 
  Successfully closed issue #12912 as duplicate and removed label using GraphQL
  ✓ Issue #12912 updated successfully
Processing issue #12902: Memory leak using FromSql
  Found marked_as_duplicate event at 6/16/2025 10:04:32 AM +00:00
  Found canonical issue #13513 from event details
  Found canonical issue via GraphQL event details
  Found duplicate reference, linking to canonical issue
  Successfully closed issue #12902 as duplicate and removed label using GraphQL
  ✓ Issue #12902 updated successfully
Processing issue #12901: Where expression on GroupJoin/SelectMany could not be translated
  Successfully closed issue #12901 as duplicate and removed label using GraphQL
  ✓ Issue #12901 updated successfully
Processing issue #12887: System.Data.Entity.Database.SqlQuery<TElement> was really useful. Why is it not available in .NET Core?
  Successfully closed issue #12887 as duplicate and removed label using GraphQL
  ✓ Issue #12887 updated successfully
Processing issue #12871: Query: invalid sql (variable has already been declared) for query with join where both sources contain reference to the same parameter
  Found marked_as_duplicate event at 6/10/2019 4:40:28 PM +00:00
  Found canonical issue #14645 from event details
  Found canonical issue via GraphQL event details
  Found duplicate reference, linking to canonical issue
  Successfully closed issue #12871 as duplicate and removed label using GraphQL
  ✓ Issue #12871 updated successfully
Processing issue #12867: Polymorphic relationship on base class
  Successfully closed issue #12867 as duplicate and removed label using GraphQL
  ✓ Issue #12867 updated successfully
Processing issue #12853: Filtering on OwnsOne's Navigation property throws null reference exception.
  Found marked_as_duplicate event at 8/1/2018 9:22:41 PM +00:00
  Found canonical issue #12738 from event details
  Found canonical issue via GraphQL event details
  Found duplicate reference, linking to canonical issue
  Successfully closed issue #12853 as duplicate and removed label using GraphQL
  ✓ Issue #12853 updated successfully
Processing issue #12840: Nullreference exception when "navigating too far" in projection
  Successfully closed issue #12840 as duplicate and removed label using GraphQL
  ✓ Issue #12840 updated successfully
Processing issue #12822: `EF.Functions` could not be translated and will be evaluated locally when used as key of GroupBy?
  Found marked_as_duplicate event at 8/1/2018 12:34:25 AM +00:00
  Found canonical issue #12476 from event details
  Found canonical issue via GraphQL event details
  Found duplicate reference, linking to canonical issue
  Successfully closed issue #12822 as duplicate and removed label using GraphQL
  ✓ Issue #12822 updated successfully
Processing issue #12819: Query: invalid SQL generated for query with default DateTime value
  Successfully closed issue #12819 as duplicate and removed label using GraphQL
  ✓ Issue #12819 updated successfully
Processing issue #12818: Query: invalid SQL using alias inside COALESCE projection for query with group by and coalesce
  Found marked_as_duplicate event at 7/27/2018 7:51:58 PM +00:00
  Found canonical issue #12826 from event details
  Found canonical issue via GraphQL event details
  Found duplicate reference, linking to canonical issue
  Successfully closed issue #12818 as duplicate and removed label using GraphQL
  ✓ Issue #12818 updated successfully
Processing issue #12817: OrderBy GroupBy Invalid column name
  Successfully closed issue #12817 as duplicate and removed label using GraphQL
  ✓ Issue #12817 updated successfully
Processing issue #12816: Query: invalid sql (duplicate order by columns in the list) for query with select anonymous type, order by and group by the same property
  Found marked_as_duplicate event at 9/10/2019 11:51:30 PM +00:00
  Found canonical issue #17068 from event details
  Found canonical issue via GraphQL event details
  Found duplicate reference, linking to canonical issue
  Successfully closed issue #12816 as duplicate and removed label using GraphQL
  ✓ Issue #12816 updated successfully
Processing issue #12815: Query: compilation error (query source already associated with an expression) for query with groupby and let with order by
  Found marked_as_duplicate event at 11/21/2019 2:08:00 AM +00:00
  Found canonical issue #17068 from event details
  Found canonical issue via GraphQL event details
  Found duplicate reference, linking to canonical issue
  Successfully closed issue #12815 as duplicate and removed label using GraphQL
  ✓ Issue #12815 updated successfully
Processing issue #12814: Always allow navigation properties to be optional, even when foreign key is not nullable
  Successfully closed issue #12814 as duplicate and removed label using GraphQL
  ✓ Issue #12814 updated successfully
Processing issue #12788: Query: compilation error (NotEqual is not defined between ValueBuffer and ValueBuffer) for query with GroupJoin-SelectMany-DefaultIfEmpty with order by on the inner sequence
  Successfully closed issue #12788 as duplicate and removed label using GraphQL
  ✓ Issue #12788 updated successfully
Processing issue #12783: Failing test: CreateAsync_checks_for_existence_and_retries_if_timeout_until_it_passes
  Found marked_as_duplicate event at 7/30/2018 6:05:09 PM +00:00
  Found canonical issue #12706 from event details
  Found canonical issue via GraphQL event details
  Found duplicate reference, linking to canonical issue
  Successfully closed issue #12783 as duplicate and removed label using GraphQL
  ✓ Issue #12783 updated successfully
Processing issue #12782: Flaky test: CreateAsync_checks_for_existence_and_retries_if_no_proccess_until_it_passes
  Found marked_as_duplicate event at 7/24/2018 11:38:11 PM +00:00
  Found canonical issue #12706 from event details
  Found canonical issue via GraphQL event details
  Found duplicate reference, linking to canonical issue
  Successfully closed issue #12782 as duplicate and removed label using GraphQL
  ✓ Issue #12782 updated successfully
Processing issue #12781: Flaky test: Create_checks_for_existence_and_retries_if_cannot_open_file_until_it_passes
  Found marked_as_duplicate event at 7/24/2018 11:37:09 PM +00:00
  Found canonical issue #12706 from event details
  Found canonical issue via GraphQL event details
  Found duplicate reference, linking to canonical issue
  Successfully closed issue #12781 as duplicate and removed label using GraphQL
  ✓ Issue #12781 updated successfully
Processing issue #12777: Query: SelectExpression Cache hit for InExpression coming from parameter
  Successfully closed issue #12777 as duplicate and removed label using GraphQL
  ✓ Issue #12777 updated successfully
Processing issue #12773: Database first - IPluralize with -UseDatabaseNames - Id instead of ID
  Found marked_as_duplicate event at 7/30/2018 6:02:29 PM +00:00
  Found canonical issue #12102 from event details
  Found canonical issue via GraphQL event details
  Found duplicate reference, linking to canonical issue
  Successfully closed issue #12773 as duplicate and removed label using GraphQL
  ✓ Issue #12773 updated successfully
Processing issue #12763: Sub-queries on a query type with defining query are executed locally
  Found marked_as_duplicate event at 7/31/2018 10:43:03 PM +00:00
  Found canonical issue #11792 from event details
  Found canonical issue via GraphQL event details
  Found duplicate reference, linking to canonical issue
  Successfully closed issue #12763 as duplicate and removed label using GraphQL
  ✓ Issue #12763 updated successfully
Processing issue #12762: Configure/Influence the generated SELECT statement for specific columns/properties
  Successfully closed issue #12762 as duplicate and removed label using GraphQL
  ✓ Issue #12762 updated successfully
Processing issue #12746: ThenInclude not include after select (Not sure if it's designed for purpose)
  Found marked_as_duplicate event at 7/23/2018 10:26:18 PM +00:00
  Found canonical issue #12181 from event details
  Found canonical issue via GraphQL event details
  Found duplicate reference, linking to canonical issue
  Successfully closed issue #12746 as duplicate and removed label using GraphQL
  ✓ Issue #12746 updated successfully
Processing issue #12745: System.TypeInitializationException: The type initializer for 'Microsoft.EntityFrameworkCore.Query.ExpressionTranslators.Internal.SqliteStringTrimEndTranslator' threw an exception.
  Found marked_as_duplicate event at 7/20/2018 9:35:19 PM +00:00
  Found canonical issue #8060 from event details
  Found canonical issue via GraphQL event details
  Found duplicate reference, linking to canonical issue
  Successfully closed issue #12745 as duplicate and removed label using GraphQL
  ✓ Issue #12745 updated successfully
Processing issue #12742: Invalid SQL generated for OrderBy with Select
  Successfully closed issue #12742 as duplicate and removed label using GraphQL
  ✓ Issue #12742 updated successfully
Processing issue #12728: .Any() on collection navigations after projection can cause client-side evaluation
  Found marked_as_duplicate event at 9/1/2018 9:50:39 PM +00:00
  Found canonical issue #8107 from event details
  Found canonical issue via GraphQL event details
  Found duplicate reference, linking to canonical issue
  Successfully closed issue #12728 as duplicate and removed label using GraphQL
  ✓ Issue #12728 updated successfully
Processing issue #12724: How to prevent a creation of index?
  Found marked_as_duplicate event at 7/19/2018 5:11:28 PM +00:00
  Found canonical issue #7605 from event details
  Found canonical issue via GraphQL event details
  Found duplicate reference, linking to canonical issue
  Successfully closed issue #12724 as duplicate and removed label using GraphQL
  ✓ Issue #12724 updated successfully
Processing issue #12722: Simple query generates many unnecessary LEFT JOINS
  Found marked_as_duplicate event at 7/19/2018 5:15:36 PM +00:00
  Found canonical issue #12022 from event details
  Found canonical issue via GraphQL event details
  Found duplicate reference, linking to canonical issue
  Successfully closed issue #12722 as duplicate and removed label using GraphQL
  ✓ Issue #12722 updated successfully
Processing issue #12720: Support value conversion for keys (indexes)
  Successfully closed issue #12720 as duplicate and removed label using GraphQL
  ✓ Issue #12720 updated successfully
Processing issue #12711: EF Core 2.1.1 - GroupBy throws a NullReferenceException
  Successfully closed issue #12711 as duplicate and removed label using GraphQL
  ✓ Issue #12711 updated successfully
Processing issue #12704: many-to-many relationships without a joining entity
  Successfully closed issue #12704 as duplicate and removed label using GraphQL
  ✓ Issue #12704 updated successfully
Processing issue #12703: Wrong aliases for columns in select statements
  Found marked_as_duplicate event at 7/24/2018 5:59:38 AM +00:00
  Found canonical issue #12656 from event details
  Found canonical issue via GraphQL event details
  Found duplicate reference, linking to canonical issue
  Successfully closed issue #12703 as duplicate and removed label using GraphQL
  ✓ Issue #12703 updated successfully
Processing issue #12696: Dynamic Linq predicate fails for DateTime
  Found marked_as_duplicate event at 7/24/2018 3:23:37 PM +00:00
  Found canonical issue #11262 from event details
  Found canonical issue via GraphQL event details
  Found duplicate reference, linking to canonical issue
  Successfully closed issue #12696 as duplicate and removed label using GraphQL
  ✓ Issue #12696 updated successfully
Processing issue #12692: Two of the same owned classes inside an entity returns an exception on building the model
  Found marked_as_duplicate event at 7/17/2018 9:55:42 PM +00:00
  Found canonical issue #12628 from event details
  Found canonical issue via GraphQL event details
  Found duplicate reference, linking to canonical issue
  Successfully closed issue #12692 as duplicate and removed label using GraphQL
  ✓ Issue #12692 updated successfully
Processing issue #12690: Calling Contains on an empty array returns int, not bool
  Successfully closed issue #12690 as duplicate and removed label using GraphQL
  ✓ Issue #12690 updated successfully
Processing issue #12689: Support ExpandoObject for HasData
  Successfully closed issue #12689 as duplicate and removed label using GraphQL
  ✓ Issue #12689 updated successfully
Processing issue #12687: How to use HasData() with HasComputedColumnSql() ?
  Found marked_as_duplicate event at 7/17/2018 10:02:43 PM +00:00
  Found canonical issue #11969 from event details
  Found canonical issue via GraphQL event details
  Found duplicate reference, linking to canonical issue
  Successfully closed issue #12687 as duplicate and removed label using GraphQL
  ✓ Issue #12687 updated successfully
Processing issue #12683: DefaultIfEmpty causing ArgumentException in left join since 2.1.1
  Found marked_as_duplicate event at 11/21/2019 1:01:18 AM +00:00
  Found canonical issue #17783 from event details
  Found canonical issue via GraphQL event details
  Found duplicate reference, linking to canonical issue
  Successfully closed issue #12683 as duplicate and removed label using GraphQL
  ✓ Issue #12683 updated successfully
Processing issue #12681: Entity deletions without loading them into memory
  Found marked_as_duplicate event at 7/17/2018 8:01:02 PM +00:00
  Found canonical issue #795 from event details
  Found canonical issue via GraphQL event details
  Found duplicate reference, linking to canonical issue
  Successfully closed issue #12681 as duplicate and removed label using GraphQL
  ✓ Issue #12681 updated successfully
Processing issue #12678: ThenInclude not working in join since 2.1.1
  Found marked_as_duplicate event at 7/16/2018 9:13:33 PM +00:00
  Found canonical issue #12181 from event details
  Found canonical issue via GraphQL event details
  Found duplicate reference, linking to canonical issue
  Successfully closed issue #12678 as duplicate and removed label using GraphQL
  ✓ Issue #12678 updated successfully
Processing issue #12673: Discrepancy between database and C# around null coalescing
  Found marked_as_duplicate event at 3/16/2020 1:42:39 PM +00:00
  Found canonical issue #3836 from event details
  Found canonical issue via GraphQL event details
  Found duplicate reference, linking to canonical issue
  Successfully closed issue #12673 as duplicate and removed label using GraphQL
  ✓ Issue #12673 updated successfully
Processing issue #12663: Join to Select with GroupBy fails with error "Nullable object must have a value"
  Found marked_as_duplicate event at 7/17/2018 7:56:01 PM +00:00
  Found canonical issue #12355 from event details
  Found canonical issue via GraphQL event details
  Found duplicate reference, linking to canonical issue
  Successfully closed issue #12663 as duplicate and removed label using GraphQL
  ✓ Issue #12663 updated successfully
Processing issue #12658: Query: invalid SQL produced for query with non-trivial group aggregate and coalesce
  Found marked_as_duplicate event at 7/27/2018 7:54:41 PM +00:00
  Found canonical issue #12826 from event details
  Found canonical issue via GraphQL event details
  Found duplicate reference, linking to canonical issue
  Successfully closed issue #12658 as duplicate and removed label using GraphQL
  ✓ Issue #12658 updated successfully
Processing issue #12656: Query: invalid SQL generated for groupby aggregate query projecting key sum of group key with itself
  Found marked_as_duplicate event at 6/16/2025 10:08:35 AM +00:00
  Found canonical issue #12703 from event details
  Found canonical issue via GraphQL event details
  Found duplicate reference, linking to canonical issue
  Successfully closed issue #12656 as duplicate and removed label using GraphQL
  ✓ Issue #12656 updated successfully
Processing issue #12652: SQL clauses on the resulting object of a subquery joined into a table are evaluated on the client.
  Successfully closed issue #12652 as duplicate and removed label using GraphQL
  ✓ Issue #12652 updated successfully
Processing issue #12651: Query: Allow non-deterministic runtime constants to be evaluated once per query
  Successfully closed issue #12651 as duplicate and removed label using GraphQL
  ✓ Issue #12651 updated successfully
Processing issue #12650: Query: incorrect sql generated for query with groupby aggregate also projecting grouping key and ordering by said key afterwards
  Found marked_as_duplicate event at 7/27/2018 7:58:18 PM +00:00
  Found canonical issue #12826 from event details
  Found canonical issue via GraphQL event details
  Found duplicate reference, linking to canonical issue
  Successfully closed issue #12650 as duplicate and removed label using GraphQL
  ✓ Issue #12650 updated successfully
Processing issue #12641: Query: compilation error in during tracking for query with GroupBy, orderby, take, skip, distinct and another order by
  Found marked_as_duplicate event at 9/10/2019 11:35:05 PM +00:00
  Found canonical issue #17068 from event details
  Found canonical issue via GraphQL event details
  Found duplicate reference, linking to canonical issue
  Successfully closed issue #12641 as duplicate and removed label using GraphQL
  ✓ Issue #12641 updated successfully
Processing issue #12640: Query: compilation error for query using EF.Property with GroupBy, project first string property of the group, order by its length
  Found marked_as_duplicate event at 11/21/2019 6:00:16 PM +00:00
  Found canonical issue #12088 from event details
  Found canonical issue via GraphQL event details
  Found duplicate reference, linking to canonical issue
  Successfully closed issue #12640 as duplicate and removed label using GraphQL
  ✓ Issue #12640 updated successfully
Processing issue #12639: Query: invalid SQL produced for query selecting a DTO containing a literal and ordering by this literal
  Successfully closed issue #12639 as duplicate and removed label using GraphQL
  ✓ Issue #12639 updated successfully
Processing issue #12637: Support of unique Index with Owned types properties
  Successfully closed issue #12637 as duplicate and removed label using GraphQL
  ✓ Issue #12637 updated successfully
Processing issue #12630: Incorrect SQL generated when counting number of groups with a where clause.
  Found marked_as_duplicate event at 7/11/2018 11:06:26 PM +00:00
  Found canonical issue #12351 from event details
  Found canonical issue via GraphQL event details
  Found duplicate reference, linking to canonical issue
  Successfully closed issue #12630 as duplicate and removed label using GraphQL
  ✓ Issue #12630 updated successfully
Processing issue #12627: NullReferenceException thrown within IncludeCompiler.WalkNavigations
  Found marked_as_duplicate event at 8/3/2018 9:32:20 PM +00:00
  Found canonical issue #11971 from event details
  Found canonical issue via GraphQL event details
  Found duplicate reference, linking to canonical issue
  Successfully closed issue #12627 as duplicate and removed label using GraphQL
  ✓ Issue #12627 updated successfully
Processing issue #12624: Support filtered Include not Global as per #1833
  Successfully closed issue #12624 as duplicate and removed label using GraphQL
  ✓ Issue #12624 updated successfully
Processing issue #12623: Union of Anonymous Type having hardwired bool property throws exception
  Successfully closed issue #12623 as duplicate and removed label using GraphQL
  ✓ Issue #12623 updated successfully
Processing issue #12614: null ref in EntityTypeExtensions.DisplayName when including a simple property
  Found marked_as_duplicate event at 7/10/2018 5:55:46 AM +00:00
  Found canonical issue #11971 from event details
  Found canonical issue via GraphQL event details
  Found duplicate reference, linking to canonical issue
  Successfully closed issue #12614 as duplicate and removed label using GraphQL
  ✓ Issue #12614 updated successfully
Processing issue #12611: Support for ValueGeneration OnUpdate
  Found marked_as_duplicate event at 12/7/2018 11:45:37 PM +00:00
  Found canonical issue #6999 from event details
  Found canonical issue via GraphQL event details
  Found duplicate reference, linking to canonical issue
  Successfully closed issue #12611 as duplicate and removed label using GraphQL
  ✓ Issue #12611 updated successfully
Processing issue #12609: Group By in EF 2.1.1
  Found marked_as_duplicate event at 7/11/2018 10:54:58 PM +00:00
  Found canonical issue #11976 from event details
  Found canonical issue via GraphQL event details
  Found duplicate reference, linking to canonical issue
  Successfully closed issue #12609 as duplicate and removed label using GraphQL
  ✓ Issue #12609 updated successfully
Processing issue #12602: Single-record subquery translates to a second SQL query.
  Successfully closed issue #12602 as duplicate and removed label using GraphQL
  ✓ Issue #12602 updated successfully
Processing issue #12601: Query: runtime error for Groupby on shadow property with First and OrderBy the result afterwards
  Successfully closed issue #12601 as duplicate and removed label using GraphQL
  ✓ Issue #12601 updated successfully
Processing issue #12600: Query: invalid sql for query with group by with First and OrderBy afterwards
  Successfully closed issue #12600 as duplicate and removed label using GraphQL
  ✓ Issue #12600 updated successfully
Successfully processed 100 issues
Processing issues in dotnet/efcore...
Found 100 issues with 'closed-duplicate' label
Processing issue #12587: using postgresql snake_case naming convention leads to owned types getting stored in separate tables
  Found marked_as_duplicate event at 7/6/2018 4:30:52 PM +00:00
  Found canonical issue #12342 from event details
  Found canonical issue via GraphQL event details
  Found duplicate reference, linking to canonical issue
  Successfully closed issue #12587 as duplicate and removed label using GraphQL
  ✓ Issue #12587 updated successfully
Processing issue #12585: Wrong SQL generation with Groupby followed by Count() in EF Core 2.1
  Found marked_as_duplicate event at 7/6/2018 6:27:51 AM +00:00
  Found canonical issue #12351 from event details
  Found canonical issue via GraphQL event details
  Found duplicate reference, linking to canonical issue
  Successfully closed issue #12585 as duplicate and removed label using GraphQL
  ✓ Issue #12585 updated successfully
Processing issue #12577: Query: invalid sql for query with groupby aggregate pushdown, projecting Lenght property on top of that
  Found marked_as_duplicate event at 7/27/2018 7:57:34 PM +00:00
  Found canonical issue #12826 from event details
  Found canonical issue via GraphQL event details
  Found duplicate reference, linking to canonical issue
  Successfully closed issue #12577 as duplicate and removed label using GraphQL
  ✓ Issue #12577 updated successfully
Processing issue #12573: Query: compilation error for query with group by, select, first, groupby, and another identity select on top
  Successfully closed issue #12573 as duplicate and removed label using GraphQL
  ✓ Issue #12573 updated successfully
Processing issue #12564: Query: invalid SQL for queries with GroupBy, OrderBy group key projecting a constant
  Found marked_as_duplicate event at 7/27/2018 7:57:08 PM +00:00
  Found canonical issue #12826 from event details
  Found canonical issue via GraphQL event details
  Found duplicate reference, linking to canonical issue
  Successfully closed issue #12564 as duplicate and removed label using GraphQL
  ✓ Issue #12564 updated successfully
Processing issue #12558: ArgumentException when assigning readonly list to new object in query
  Successfully closed issue #12558 as duplicate and removed label using GraphQL
  ✓ Issue #12558 updated successfully
Processing issue #12551: Invalid ORDER BY clause is generated for query with projection that includes foreign key property
  Found marked_as_duplicate event at 7/6/2018 8:52:32 PM +00:00
  Found canonical issue #12180 from event details
  Found canonical issue via GraphQL event details
  Found duplicate reference, linking to canonical issue
  Successfully closed issue #12551 as duplicate and removed label using GraphQL
  ✓ Issue #12551 updated successfully
Processing issue #12548: V2.1 - Many thousands exceptions during first query execution
  Found marked_as_duplicate event at 7/20/2018 9:24:40 PM +00:00
  Found canonical issue #11765 from event details
  Found canonical issue via GraphQL event details
  Found duplicate reference, linking to canonical issue
  Successfully closed issue #12548 as duplicate and removed label using GraphQL
  ✓ Issue #12548 updated successfully
Processing issue #12535: Change the object with Owned Entities. properties replacement.
  Found marked_as_duplicate event at 7/6/2018 8:06:52 PM +00:00
  Found canonical issue #12118 from event details
  Found canonical issue via GraphQL event details
  Found duplicate reference, linking to canonical issue
  Successfully closed issue #12535 as duplicate and removed label using GraphQL
  ✓ Issue #12535 updated successfully
Processing issue #12531: EFCore 2.1 - System.NullReferenceException: Object reference not set to an instance of an object.    at Microsoft.EntityFrameworkCore.Extensions.Internal.EFPropertyExtensions.CreateEFPropertyExpression
  Successfully closed issue #12531 as duplicate and removed label using GraphQL
  ✓ Issue #12531 updated successfully
Processing issue #12529: ObservableHashSet: binding to WPF and removing items leads to InvalidOperationException
  Successfully closed issue #12529 as duplicate and removed label using GraphQL
  ✓ Issue #12529 updated successfully
Processing issue #12505: After upgrading to .Net Core 2.1 and EF Core 2.1 DeleteBehavior.Restrict is not working
  Successfully closed issue #12505 as duplicate and removed label using GraphQL
  ✓ Issue #12505 updated successfully
Processing issue #12501: Query: convert tests that dont use AssertQuery to use the pattern
  Found marked_as_duplicate event at 9/5/2020 12:13:14 AM +00:00
  Found canonical issue #21393 from event details
  Found canonical issue via GraphQL event details
  Found duplicate reference, linking to canonical issue
  Successfully closed issue #12501 as duplicate and removed label using GraphQL
  ✓ Issue #12501 updated successfully
Processing issue #12481: Dynamic Where expression after projection causes translation failure when referencing a property of the DTO's base type
  Found marked_as_duplicate event at 6/28/2018 5:00:25 PM +00:00
  Found canonical issue #12230 from event details
  Found canonical issue via GraphQL event details
  Found duplicate reference, linking to canonical issue
  Successfully closed issue #12481 as duplicate and removed label using GraphQL
  ✓ Issue #12481 updated successfully
Processing issue #12478: Why ef core 2.1 generates multiple select for include
  Found marked_as_duplicate event at 6/27/2018 6:03:23 PM +00:00
  Found canonical issue #12098 from event details
  Found canonical issue via GraphQL event details
  Found duplicate reference, linking to canonical issue
  Successfully closed issue #12478 as duplicate and removed label using GraphQL
  ✓ Issue #12478 updated successfully
Processing issue #12477: OrderBy on field with multiple aliases
  Found marked_as_duplicate event at 6/27/2018 7:25:58 AM +00:00
  Found canonical issue #12180 from event details
  Found canonical issue via GraphQL event details
  Found duplicate reference, linking to canonical issue
  Successfully closed issue #12477 as duplicate and removed label using GraphQL
  ✓ Issue #12477 updated successfully
Processing issue #12475: EF Core 2.1.1 group by with Include generates wrong query
  Found marked_as_duplicate event at 6/27/2018 4:41:13 AM +00:00
  Found canonical issue #12173 from event details
  Found canonical issue via GraphQL event details
  Found duplicate reference, linking to canonical issue
  Successfully closed issue #12475 as duplicate and removed label using GraphQL
  ✓ Issue #12475 updated successfully
Processing issue #12469: DbSet<T>.Find by alternate key or predicate
  Successfully closed issue #12469 as duplicate and removed label using GraphQL
  ✓ Issue #12469 updated successfully
Processing issue #12467: EntityFrameworkCore 2.1.1 KeyNotFoundException The given key was not present in the dictionary
  Found marked_as_duplicate event at 6/26/2018 3:56:23 PM +00:00
  Found canonical issue #11593 from event details
  Found canonical issue via GraphQL event details
  Found duplicate reference, linking to canonical issue
  Successfully closed issue #12467 as duplicate and removed label using GraphQL
  ✓ Issue #12467 updated successfully
Processing issue #12438: Query: compilation error for query that joins two GroupBys by their keys
  Found marked_as_duplicate event at 6/27/2018 9:09:13 PM +00:00
  Found canonical issue #12304 from event details
  Found canonical issue via GraphQL event details
  Found duplicate reference, linking to canonical issue
  Successfully closed issue #12438 as duplicate and removed label using GraphQL
  ✓ Issue #12438 updated successfully
Processing issue #12433: Specific GroupBy + Sum is evaluated locally
  Found marked_as_duplicate event at 7/6/2018 9:53:00 PM +00:00
  Found canonical issue #11999 from event details
  Found canonical issue via GraphQL event details
  Found duplicate reference, linking to canonical issue
  Successfully closed issue #12433 as duplicate and removed label using GraphQL
  ✓ Issue #12433 updated successfully
Processing issue #12432: Enhance scaffolding to prepend schema names to entity classes
  Found marked_as_duplicate event at 6/20/2018 5:51:41 PM +00:00
  Found canonical issue #3988 from event details
  Found canonical issue via GraphQL event details
  Found duplicate reference, linking to canonical issue
  Successfully closed issue #12432 as duplicate and removed label using GraphQL
  ✓ Issue #12432 updated successfully
Processing issue #12431: Join with client side collections
  Found marked_as_duplicate event at 4/18/2023 12:03:47 AM +00:00
  Found canonical issue #17031 from event details
  Found canonical issue via GraphQL event details
  Found duplicate reference, linking to canonical issue
  Successfully closed issue #12431 as duplicate and removed label using GraphQL
  ✓ Issue #12431 updated successfully
Processing issue #12420: Typo 
  Successfully closed issue #12420 as duplicate and removed label using GraphQL
  ✓ Issue #12420 updated successfully
Processing issue #12409: Cosmos Db Provider
  Successfully closed issue #12409 as duplicate and removed label using GraphQL
  ✓ Issue #12409 updated successfully
Processing issue #12407: Deadlock in WPF when calling .Wait()
  Successfully closed issue #12407 as duplicate and removed label using GraphQL
  ✓ Issue #12407 updated successfully
Processing issue #12406: System.InvalidOperationException: No mapping to a relational type can be found for the CLR type 'object'
  Successfully closed issue #12406 as duplicate and removed label using GraphQL
  ✓ Issue #12406 updated successfully
Processing issue #12394: Cannot Sum Double? 
  Found marked_as_duplicate event at 6/18/2018 3:20:54 PM +00:00
  Found canonical issue #12314 from event details
  Found canonical issue via GraphQL event details
  Found duplicate reference, linking to canonical issue
  Successfully closed issue #12394 as duplicate and removed label using GraphQL
  ✓ Issue #12394 updated successfully
Processing issue #12390: GroupBy with Join is evaluated locally 
  Found marked_as_duplicate event at 6/18/2018 11:33:05 PM +00:00
  Found canonical issue #10012 from event details
  Found canonical issue via GraphQL event details
  Found duplicate reference, linking to canonical issue
  Successfully closed issue #12390 as duplicate and removed label using GraphQL
  ✓ Issue #12390 updated successfully
Processing issue #12382: Query: deadlock for async query with inner ToList in conjunction with AsNoTracking and OrderBy
  Found marked_as_duplicate event at 12/6/2019 1:39:41 AM +00:00
  Found canonical issue #12337 from event details
  Found canonical issue via GraphQL event details
  Found duplicate reference, linking to canonical issue
  Successfully closed issue #12382 as duplicate and removed label using GraphQL
  ✓ Issue #12382 updated successfully
Processing issue #12371: Insert fails after model-based seeding an InMemoryDatabase
  Successfully closed issue #12371 as duplicate and removed label using GraphQL
  ✓ Issue #12371 updated successfully
Processing issue #12361: Query: nav rewrite doesn't get applied for cases when navigation is not based on qsre but more complex expression (e.g. qsre as DerivedType)
  Found marked_as_duplicate event at 9/11/2019 10:36:33 PM +00:00
  Found canonical issue #17475 from event details
  Found canonical issue via GraphQL event details
  Found duplicate reference, linking to canonical issue
  Successfully closed issue #12361 as duplicate and removed label using GraphQL
  ✓ Issue #12361 updated successfully
Processing issue #12360: EntityFramework Migration Freezes when Update-Database
  Successfully closed issue #12360 as duplicate and removed label using GraphQL
  ✓ Issue #12360 updated successfully
Processing issue #12359: Deleted entities are loaded indirectly?
  Successfully closed issue #12359 as duplicate and removed label using GraphQL
  ✓ Issue #12359 updated successfully
Processing issue #12342: Owned type is not table-split by default
  Found marked_as_duplicate event at 6/16/2025 10:10:19 AM +00:00
  Found canonical issue #12587 from event details
  Found canonical issue via GraphQL event details
  Found duplicate reference, linking to canonical issue
  Successfully closed issue #12342 as duplicate and removed label using GraphQL
  ✓ Issue #12342 updated successfully
Processing issue #12340: Query: include on groupby key doesn't get applied when the key is entity
  Successfully closed issue #12340 as duplicate and removed label using GraphQL
  ✓ Issue #12340 updated successfully
Processing issue #12339: The DataBuilder's HasData works incorrect with foreign keys
  Successfully closed issue #12339 as duplicate and removed label using GraphQL
  ✓ Issue #12339 updated successfully
Processing issue #12335: ChangeTracker don't see changes in navigation property collection
  Found marked_as_duplicate event at 6/12/2018 4:39:17 PM +00:00
  Found canonical issue #10450 from event details
  Found canonical issue via GraphQL event details
  Found duplicate reference, linking to canonical issue
  Successfully closed issue #12335 as duplicate and removed label using GraphQL
  ✓ Issue #12335 updated successfully
Processing issue #12330: Dependency Injection Error when using HasData
  Successfully closed issue #12330 as duplicate and removed label using GraphQL
  ✓ Issue #12330 updated successfully
Processing issue #12319: Reverse Engineer: Add extensibility point to customize file name.
  Successfully closed issue #12319 as duplicate and removed label using GraphQL
  ✓ Issue #12319 updated successfully
Processing issue #12308: Issue from 9659
  Found marked_as_duplicate event at 6/8/2018 9:28:03 PM +00:00
  Found canonical issue #12307 from event details
  Found canonical issue via GraphQL event details
  Found duplicate reference, linking to canonical issue
  Successfully closed issue #12308 as duplicate and removed label using GraphQL
  ✓ Issue #12308 updated successfully
Processing issue #12304: EFCore translates query with GROUP BY and JOIN into invalid SQL
  Found marked_as_duplicate event at 6/16/2025 10:10:55 AM +00:00
  Found canonical issue #12438 from event details
  Found canonical issue via GraphQL event details
  Found duplicate reference, linking to canonical issue
  Successfully closed issue #12304 as duplicate and removed label using GraphQL
  ✓ Issue #12304 updated successfully
Processing issue #12303: Global value converters
  Found marked_as_duplicate event at 6/8/2018 3:29:20 PM +00:00
  Found canonical issue #10784 from event details
  Found canonical issue via GraphQL event details
  Found duplicate reference, linking to canonical issue
  Successfully closed issue #12303 as duplicate and removed label using GraphQL
  ✓ Issue #12303 updated successfully
Processing issue #12288: Improve Error Message For Migrations w/InMemoryProvider
  Found marked_as_duplicate event at 6/8/2018 8:44:43 PM +00:00
  Found canonical issue #6983 from event details
  Found canonical issue via GraphQL event details
  Found duplicate reference, linking to canonical issue
  Successfully closed issue #12288 as duplicate and removed label using GraphQL
  ✓ Issue #12288 updated successfully
Processing issue #12269: Problem with migrating from EF6 to EF Core
  Successfully closed issue #12269 as duplicate and removed label using GraphQL
  ✓ Issue #12269 updated successfully
Processing issue #12264: Oracle: Correlated_collection_with_complex_order_by_funcletized_to_constant_bool is broken
  Found marked_as_duplicate event at 6/6/2018 9:11:14 PM +00:00
  Found canonical issue #10513 from event details
  Found canonical issue via GraphQL event details
  Found duplicate reference, linking to canonical issue
  Successfully closed issue #12264 as duplicate and removed label using GraphQL
  ✓ Issue #12264 updated successfully
Processing issue #12258: Reference table from other DbContext
  Successfully closed issue #12258 as duplicate and removed label using GraphQL
  ✓ Issue #12258 updated successfully
Processing issue #12256: Null Reference when using AS in ternary in EF Projection
  Successfully closed issue #12256 as duplicate and removed label using GraphQL
  ✓ Issue #12256 updated successfully
Processing issue #12255: EF Core 2.1 group by with where condition evaluated locally
  Found marked_as_duplicate event at 11/16/2019 1:21:45 AM +00:00
  Found canonical issue #11711 from event details
  Found canonical issue via GraphQL event details
  Found duplicate reference, linking to canonical issue
  Successfully closed issue #12255 as duplicate and removed label using GraphQL
  ✓ Issue #12255 updated successfully
Processing issue #12215: Exception when loading entity containing a primitive property with matching System.Nullable backing field
  Successfully closed issue #12215 as duplicate and removed label using GraphQL
  ✓ Issue #12215 updated successfully
Processing issue #12197: Second level Caching
  Successfully closed issue #12197 as duplicate and removed label using GraphQL
  ✓ Issue #12197 updated successfully
Processing issue #12196: Operand type clash: datetime2 is incompatible with int
  Successfully closed issue #12196 as duplicate and removed label using GraphQL
  ✓ Issue #12196 updated successfully
Processing issue #12190: The annotation 'SqlServer:Clustered' cannot be added because an annotation with the same name already exists.
  Found marked_as_duplicate event at 6/4/2018 7:05:07 PM +00:00
  Found canonical issue #11846 from event details
  Found canonical issue via GraphQL event details
  Found duplicate reference, linking to canonical issue
  Successfully closed issue #12190 as duplicate and removed label using GraphQL
  ✓ Issue #12190 updated successfully
Processing issue #12182: Please add ModelNameSpace option to Scaffold command
  Found marked_as_duplicate event at 5/31/2018 5:24:16 PM +00:00
  Found canonical issue #9723 from event details
  Found canonical issue via GraphQL event details
  Found duplicate reference, linking to canonical issue
  Successfully closed issue #12182 as duplicate and removed label using GraphQL
  ✓ Issue #12182 updated successfully
Processing issue #12176: Scaffolding generates wrong namespace
  Found marked_as_duplicate event at 5/30/2018 11:55:56 PM +00:00
  Found canonical issue #9723 from event details
  Found canonical issue via GraphQL event details
  Found duplicate reference, linking to canonical issue
  Successfully closed issue #12176 as duplicate and removed label using GraphQL
  ✓ Issue #12176 updated successfully
Processing issue #12172: Runtime Error using Group By on outer joined result set
  Found marked_as_duplicate event at 5/30/2018 6:00:01 PM +00:00
  Found canonical issue #11831 from event details
  Found canonical issue via GraphQL event details
  Found duplicate reference, linking to canonical issue
  Successfully closed issue #12172 as duplicate and removed label using GraphQL
  ✓ Issue #12172 updated successfully
Processing issue #12168: Cascade Delete in client (application server) only, without having cascade delete in Db.
  Successfully closed issue #12168 as duplicate and removed label using GraphQL
  ✓ Issue #12168 updated successfully
Processing issue #12162: Bad AddRange performance
  Successfully closed issue #12162 as duplicate and removed label using GraphQL
  ✓ Issue #12162 updated successfully
Processing issue #12150: How to always attach Enumeration classes?
  Successfully closed issue #12150 as duplicate and removed label using GraphQL
  ✓ Issue #12150 updated successfully
Processing issue #12139: Tracking: Entities which are wrapped inside anonymous type is not tracked
  Found marked_as_duplicate event at 5/24/2018 7:11:38 PM +00:00
  Found canonical issue #8956 from event details
  Found canonical issue via GraphQL event details
  Found duplicate reference, linking to canonical issue
  Successfully closed issue #12139 as duplicate and removed label using GraphQL
  ✓ Issue #12139 updated successfully
Processing issue #12136: 2.1.0-rc1-final: No mapping to a relational type can be found for the CLR type 'ProductDto'.
  Found marked_as_duplicate event at 5/24/2018 4:21:32 PM +00:00
  Found canonical issue #11937 from event details
  Found canonical issue via GraphQL event details
  Found duplicate reference, linking to canonical issue
  Successfully closed issue #12136 as duplicate and removed label using GraphQL
  ✓ Issue #12136 updated successfully
Processing issue #12135: Support Identity Column Creation on Value Mapped Key Columns
  Successfully closed issue #12135 as duplicate and removed label using GraphQL
  ✓ Issue #12135 updated successfully
Processing issue #12134: How can I set onUpdate constraint globally?
  Successfully closed issue #12134 as duplicate and removed label using GraphQL
  ✓ Issue #12134 updated successfully
Processing issue #12132: How to add comments in ef core code first?
  Successfully closed issue #12132 as duplicate and removed label using GraphQL
  ✓ Issue #12132 updated successfully
Processing issue #12121: I am getting lots of queries for a simple many-to-many projection.
  Found marked_as_duplicate event at 5/24/2018 5:28:31 AM +00:00
  Found canonical issue #9282 from event details
  Found canonical issue via GraphQL event details
  Found duplicate reference, linking to canonical issue
  Successfully closed issue #12121 as duplicate and removed label using GraphQL
  ✓ Issue #12121 updated successfully
Processing issue #12112: Include not fetching other table
  Found marked_as_duplicate event at 5/24/2018 4:28:04 PM +00:00
  Found canonical issue #10471 from event details
  Found canonical issue via GraphQL event details
  Found duplicate reference, linking to canonical issue
  Successfully closed issue #12112 as duplicate and removed label using GraphQL
  ✓ Issue #12112 updated successfully
Processing issue #12106: 'CONCAT' is not a recognized built-in function name 
  Found marked_as_duplicate event at 5/22/2018 6:02:49 PM +00:00
  Found canonical issue #11932 from event details
  Found canonical issue via GraphQL event details
  Found duplicate reference, linking to canonical issue
  Successfully closed issue #12106 as duplicate and removed label using GraphQL
  ✓ Issue #12106 updated successfully
Processing issue #12073: Include issue
  Found marked_as_duplicate event at 5/24/2018 7:09:41 PM +00:00
  Found canonical issue #8722 from event details
  Found canonical issue via GraphQL event details
  Found duplicate reference, linking to canonical issue
  Successfully closed issue #12073 as duplicate and removed label using GraphQL
  ✓ Issue #12073 updated successfully
Processing issue #12063: Tests where EF Core is failing to track some entities
  Successfully closed issue #12063 as duplicate and removed label using GraphQL
  ✓ Issue #12063 updated successfully
Processing issue #12062: Query: NullReferenceException when using multiple navigation properties and comparing to null
  Found marked_as_duplicate event at 6/16/2025 10:04:45 AM +00:00
  Found canonical issue #13448 from event details
  Found canonical issue via GraphQL event details
  Found duplicate reference, linking to canonical issue
  Successfully closed issue #12062 as duplicate and removed label using GraphQL
  ✓ Issue #12062 updated successfully
Processing issue #12060: Querying with a simple value conversion is evaluated client-side
  Found marked_as_duplicate event at 5/18/2018 7:58:12 PM +00:00
  Found canonical issue #12045 from event details
  Found canonical issue via GraphQL event details
  Found duplicate reference, linking to canonical issue
  Successfully closed issue #12060 as duplicate and removed label using GraphQL
  ✓ Issue #12060 updated successfully
Processing issue #12033: add-migration failed
  Found marked_as_duplicate event at 5/16/2018 10:05:40 PM +00:00
  Found canonical issue #11781 from event details
  Found canonical issue via GraphQL event details
  Found duplicate reference, linking to canonical issue
  Successfully closed issue #12033 as duplicate and removed label using GraphQL
  ✓ Issue #12033 updated successfully
Processing issue #12027: InMemoryDatabase provider not persisting data in test method.
  Successfully closed issue #12027 as duplicate and removed label using GraphQL
  ✓ Issue #12027 updated successfully
Processing issue #12024: Need DbCommandInterceptor or nolock extension method for linq on ef core.
  Successfully closed issue #12024 as duplicate and removed label using GraphQL
  ✓ Issue #12024 updated successfully
Processing issue #12017: DbContext.Entry lookup very slow
  Successfully closed issue #12017 as duplicate and removed label using GraphQL
  ✓ Issue #12017 updated successfully
Processing issue #11995: Very long Foreign Key names are not handled as expected when using the new HasData() method.
  Successfully closed issue #11995 as duplicate and removed label using GraphQL
  ✓ Issue #11995 updated successfully
Processing issue #11989: Seeding data for tables with IDENTITY primary key
  Successfully closed issue #11989 as duplicate and removed label using GraphQL
  ✓ Issue #11989 updated successfully
Processing issue #11972: Exception using LazyLoading When sharing same .Net Type among multiple owned types
  Successfully closed issue #11972 as duplicate and removed label using GraphQL
  ✓ Issue #11972 updated successfully
Processing issue #11957: Behavior of query filters with navigations vs. includes
  Found marked_as_duplicate event at 5/28/2019 4:36:49 PM +00:00
  Found canonical issue #13361 from event details
  Found canonical issue via GraphQL event details
  Found duplicate reference, linking to canonical issue
  Successfully closed issue #11957 as duplicate and removed label using GraphQL
  ✓ Issue #11957 updated successfully
Processing issue #11955: Groupby with anonymous class and then Sum with byte lead to an ArgumentException(type mismatch) in efcore2.1-rc1
  Successfully closed issue #11955 as duplicate and removed label using GraphQL
  ✓ Issue #11955 updated successfully
Processing issue #11946: Consider using backing field to determine whether or a property is a navigation
  Successfully closed issue #11946 as duplicate and removed label using GraphQL
  ✓ Issue #11946 updated successfully
Processing issue #11935: Query translation of Contains in Where clause on non-unicode property has wrong parameter type
  Successfully closed issue #11935 as duplicate and removed label using GraphQL
  ✓ Issue #11935 updated successfully
Processing issue #11931: LazyLoadOnDisposedContextWarning thrown for eager-loaded entities (via Include)?
  Successfully closed issue #11931 as duplicate and removed label using GraphQL
  ✓ Issue #11931 updated successfully
Processing issue #11921: Expose way for users to cast to any store type
  Successfully closed issue #11921 as duplicate and removed label using GraphQL
  ✓ Issue #11921 updated successfully
Processing issue #11919: Add method leaves state of entity as Unchanged if dependent of a one-to-one relationship with an FK in shadow state
  Successfully closed issue #11919 as duplicate and removed label using GraphQL
  ✓ Issue #11919 updated successfully
Processing issue #11916: Query: double groupby with tracking throws in NRE in runtime
  Found marked_as_duplicate event at 9/5/2019 3:10:19 AM +00:00
  Found canonical issue #17068 from event details
  Found canonical issue via GraphQL event details
  Found duplicate reference, linking to canonical issue
  Successfully closed issue #11916 as duplicate and removed label using GraphQL
  ✓ Issue #11916 updated successfully
Processing issue #11915: Query: Chained GroupBy with aggregate throws
  Found marked_as_duplicate event at 5/4/2018 10:43:59 PM +00:00
  Found canonical issue #11904 from event details
  Found canonical issue via GraphQL event details
  Found duplicate reference, linking to canonical issue
  Successfully closed issue #11915 as duplicate and removed label using GraphQL
  ✓ Issue #11915 updated successfully
Processing issue #11907: UseLazyLoadingProxies enforces every entity to use lazy loading
  Found marked_as_duplicate event at 5/4/2018 4:17:01 PM +00:00
  Found canonical issue #10787 from event details
  Found canonical issue via GraphQL event details
  Found duplicate reference, linking to canonical issue
  Successfully closed issue #11907 as duplicate and removed label using GraphQL
  ✓ Issue #11907 updated successfully
Processing issue #11897: NOLOCK
  Found marked_as_duplicate event at 5/4/2018 9:33:14 PM +00:00
  Found canonical issue #6717 from event details
  Found canonical issue via GraphQL event details
  Found duplicate reference, linking to canonical issue
  Successfully closed issue #11897 as duplicate and removed label using GraphQL
  ✓ Issue #11897 updated successfully
Processing issue #11894: 'SUM' is not a recognized built-in function name
  Successfully closed issue #11894 as duplicate and removed label using GraphQL
  ✓ Issue #11894 updated successfully
Processing issue #11890: Is it possible to have different discriminators for the same entity type?
  Successfully closed issue #11890 as duplicate and removed label using GraphQL
  ✓ Issue #11890 updated successfully
Processing issue #11888: Unhandled Exception: System.InvalidOperationException: Unable to save changes because a circular dependency was detected in the data to be saved
  Found marked_as_duplicate event at 5/3/2018 11:34:53 PM +00:00
  Found canonical issue #1699 from event details
  Found canonical issue via GraphQL event details
  Found duplicate reference, linking to canonical issue
  Successfully closed issue #11888 as duplicate and removed label using GraphQL
  ✓ Issue #11888 updated successfully
Processing issue #11887: Info on GroupBy
  Found marked_as_duplicate event at 12/6/2019 12:02:09 AM +00:00
  Found canonical issue #12088 from event details
  Found canonical issue via GraphQL event details
  Found duplicate reference, linking to canonical issue
  Successfully closed issue #11887 as duplicate and removed label using GraphQL
  ✓ Issue #11887 updated successfully
Processing issue #11866: Query: Add ForEachAsync operator with async lambda
  Successfully closed issue #11866 as duplicate and removed label using GraphQL
  ✓ Issue #11866 updated successfully
Processing issue #11858: HasData method causes exception in validation if entity has NotMapped property without get method
  Successfully closed issue #11858 as duplicate and removed label using GraphQL
  ✓ Issue #11858 updated successfully
Processing issue #11852: Keeping a DbContext open overtime eventually slows down SaveChanges()
  Found marked_as_duplicate event at 5/4/2018 7:09:28 PM +00:00
  Found canonical issue #9118 from event details
  Found canonical issue via GraphQL event details
  Found duplicate reference, linking to canonical issue
  Successfully closed issue #11852 as duplicate and removed label using GraphQL
  ✓ Issue #11852 updated successfully
Processing issue #11845: Add-Migration generated code is not correct for HasConversions() of enums
  Found marked_as_duplicate event at 4/30/2018 6:56:03 PM +00:00
  Found canonical issue #11343 from event details
  Found canonical issue via GraphQL event details
  Found duplicate reference, linking to canonical issue
  Successfully closed issue #11845 as duplicate and removed label using GraphQL
  ✓ Issue #11845 updated successfully
Processing issue #11844: 'SUM' is not a recognized built-in function name.
  Successfully closed issue #11844 as duplicate and removed label using GraphQL
  ✓ Issue #11844 updated successfully
Processing issue #11841: Missing "using" into mymigration.Designer.cs and MyContextModelSnapshot.cs
  Found marked_as_duplicate event at 4/27/2018 9:08:12 PM +00:00
  Found canonical issue #11806 from event details
  Found canonical issue via GraphQL event details
  Found duplicate reference, linking to canonical issue
  Successfully closed issue #11841 as duplicate and removed label using GraphQL
  ✓ Issue #11841 updated successfully
Processing issue #11834: Include().Where().Take().Count() with condition on nested entity throws System.NullReferenceException
  Found marked_as_duplicate event at 4/27/2018 9:57:18 PM +00:00
  Found canonical issue #10112 from event details
  Found canonical issue via GraphQL event details
  Found duplicate reference, linking to canonical issue
  Successfully closed issue #11834 as duplicate and removed label using GraphQL
  ✓ Issue #11834 updated successfully
Successfully processed 100 issues
Processing issues in dotnet/efcore...
Found 100 issues with 'closed-duplicate' label
Processing issue #11832: Migrations: changing key type from string to Guid results in broken migration
  Successfully closed issue #11832 as duplicate and removed label using GraphQL
  ✓ Issue #11832 updated successfully
Processing issue #11827: EF Core 2.1.0-preview2-final: Migration with Postgres (Npgsql) creates wrong INSERT command
  Found marked_as_duplicate event at 4/26/2018 4:19:50 PM +00:00
  Found canonical issue #11696 from event details
  Found canonical issue via GraphQL event details
  Found duplicate reference, linking to canonical issue
  Successfully closed issue #11827 as duplicate and removed label using GraphQL
  ✓ Issue #11827 updated successfully
Processing issue #11826: InMemoryDatabase - Different scopes sharing the same Incrementing Key intended?
  Found marked_as_duplicate event at 4/26/2018 4:59:12 PM +00:00
  Found canonical issue #6872 from event details
  Found canonical issue via GraphQL event details
  Found duplicate reference, linking to canonical issue
  Successfully closed issue #11826 as duplicate and removed label using GraphQL
  ✓ Issue #11826 updated successfully
Processing issue #11813: Query: GroupBy with aggregation on navigation property evaluated on the client 
  Successfully closed issue #11813 as duplicate and removed label using GraphQL
  ✓ Issue #11813 updated successfully
Processing issue #11803: QueryFilters: query filters are not applied recursively
  Successfully closed issue #11803 as duplicate and removed label using GraphQL
  ✓ Issue #11803 updated successfully
Processing issue #11800: Migration to change the type of a primary key
  Successfully closed issue #11800 as duplicate and removed label using GraphQL
  ✓ Issue #11800 updated successfully
Processing issue #11787: feature: command for cli to check if migrations matches up with the actual db, not just the history
  Successfully closed issue #11787 as duplicate and removed label using GraphQL
  ✓ Issue #11787 updated successfully
Processing issue #11783: Enums with string conversion do not become required (non-nullable) in model snapshot
  Successfully closed issue #11783 as duplicate and removed label using GraphQL
  ✓ Issue #11783 updated successfully
Processing issue #11777: Projection 1 + N queries EF Core 2.1 preview 2
  Found marked_as_duplicate event at 4/23/2018 5:46:12 PM +00:00
  Found canonical issue #11186 from event details
  Found canonical issue via GraphQL event details
  Found duplicate reference, linking to canonical issue
  Successfully closed issue #11777 as duplicate and removed label using GraphQL
  ✓ Issue #11777 updated successfully
Processing issue #11775: EF migration creates designer.cs file with compile error
  Successfully closed issue #11775 as duplicate and removed label using GraphQL
  ✓ Issue #11775 updated successfully
Processing issue #11773: ModelSnapshot.cs and Migration.Designer.cs doesn't compile due to undefined HasDiscriminator symbol
  Found marked_as_duplicate event at 5/24/2018 10:29:24 PM +00:00
  Found canonical issue #9148 from event details
  Found canonical issue via GraphQL event details
  Found duplicate reference, linking to canonical issue
  Successfully closed issue #11773 as duplicate and removed label using GraphQL
  ✓ Issue #11773 updated successfully
Processing issue #11771: Sql Server Provider 'Time Out' error when try connect using UWP app
  Successfully closed issue #11771 as duplicate and removed label using GraphQL
  ✓ Issue #11771 updated successfully
Processing issue #11754: Migrations: Mapping an Enum as IsRequired HasConversion<string> causes repeated migrations
  Successfully closed issue #11754 as duplicate and removed label using GraphQL
  ✓ Issue #11754 updated successfully
Processing issue #11753: Conversion not working for different type backing field.
  Successfully closed issue #11753 as duplicate and removed label using GraphQL
  ✓ Issue #11753 updated successfully
Processing issue #11752: Make all dependencies of EFCore.Analyzers PrivateAssets=All
  Successfully closed issue #11752 as duplicate and removed label using GraphQL
  ✓ Issue #11752 updated successfully
Processing issue #11751: Selecting a single entity from a collection does not map to parent
  Successfully closed issue #11751 as duplicate and removed label using GraphQL
  ✓ Issue #11751 updated successfully
Processing issue #11750: EF Core Migration from .NET Core 1.1 app to .NET Core 2.0 [QUESTION]
  Found marked_as_duplicate event at 4/23/2018 11:24:33 PM +00:00
  Found canonical issue #11763 from event details
  Found canonical issue via GraphQL event details
  Found duplicate reference, linking to canonical issue
  Successfully closed issue #11750 as duplicate and removed label using GraphQL
  ✓ Issue #11750 updated successfully
Processing issue #11740: DbContext doesn't follow the recommended IDisposable pattern - what should I do when deriving from it?
  Successfully closed issue #11740 as duplicate and removed label using GraphQL
  ✓ Issue #11740 updated successfully
Processing issue #11737: Support Call `ToListAsync()` or other async method on None async `IQueryable`
  Found marked_as_duplicate event at 4/23/2018 7:51:31 PM +00:00
  Found canonical issue #9179 from event details
  Found canonical issue via GraphQL event details
  Found duplicate reference, linking to canonical issue
  Successfully closed issue #11737 as duplicate and removed label using GraphQL
  ✓ Issue #11737 updated successfully
Processing issue #11724: Invalid column name when implementing delete behavior 
  Successfully closed issue #11724 as duplicate and removed label using GraphQL
  ✓ Issue #11724 updated successfully
Processing issue #11717: Make it Possible for Migration Tool to Create Columns in Respectfull Order
  Found marked_as_duplicate event at 4/18/2018 3:26:01 PM +00:00
  Found canonical issue #2272 from event details
  Found canonical issue via GraphQL event details
  Found duplicate reference, linking to canonical issue
  Successfully closed issue #11717 as duplicate and removed label using GraphQL
  ✓ Issue #11717 updated successfully
Processing issue #11706: Entity Framework Core ObjectContext.Refresh equivalent?
  Successfully closed issue #11706 as duplicate and removed label using GraphQL
  ✓ Issue #11706 updated successfully
Processing issue #11697: Nullable enum property type: Add-Migration creates same migration repeatedly
  Successfully closed issue #11697 as duplicate and removed label using GraphQL
  ✓ Issue #11697 updated successfully
Processing issue #11693: 2.1 preview2 Lazy Loading Exception
  Successfully closed issue #11693 as duplicate and removed label using GraphQL
  ✓ Issue #11693 updated successfully
Processing issue #11683: EF Core Migration with multiple provider always runs SQL Server scripts
  Successfully closed issue #11683 as duplicate and removed label using GraphQL
  ✓ Issue #11683 updated successfully
Processing issue #11681: Invalid cast when using ternary operator with SQL Backend
  Successfully closed issue #11681 as duplicate and removed label using GraphQL
  ✓ Issue #11681 updated successfully
Processing issue #11680: Change Tracker very slow
  Successfully closed issue #11680 as duplicate and removed label using GraphQL
  ✓ Issue #11680 updated successfully
Processing issue #11679: value of fileParts[0] not present in the SQL query
  Successfully closed issue #11679 as duplicate and removed label using GraphQL
  ✓ Issue #11679 updated successfully
Processing issue #11668: GROUP BY translation - invalid SQL generated - 'MAX' is not a recognized built-in function name
  Found marked_as_duplicate event at 4/13/2018 7:04:47 PM +00:00
  Found canonical issue #11636 from event details
  Found canonical issue via GraphQL event details
  Found duplicate reference, linking to canonical issue
  Successfully closed issue #11668 as duplicate and removed label using GraphQL
  ✓ Issue #11668 updated successfully
Processing issue #11663: Exception: The expression should represent a property access: 't => t.MyProperty'. 
  Successfully closed issue #11663 as duplicate and removed label using GraphQL
  ✓ Issue #11663 updated successfully
Processing issue #11656: Error in MaterializationContext: EF Core 2.1 preview 2
  Found marked_as_duplicate event at 4/17/2018 7:18:03 PM +00:00
  Found canonical issue #11689 from event details
  Found canonical issue via GraphQL event details
  Found duplicate reference, linking to canonical issue
  Successfully closed issue #11656 as duplicate and removed label using GraphQL
  ✓ Issue #11656 updated successfully
Processing issue #11654: Consider allowing to specify another DbContext for the .Include method
  Found marked_as_duplicate event at 4/13/2018 6:56:55 PM +00:00
  Found canonical issue #6089 from event details
  Found canonical issue via GraphQL event details
  Found duplicate reference, linking to canonical issue
  Successfully closed issue #11654 as duplicate and removed label using GraphQL
  ✓ Issue #11654 updated successfully
Processing issue #11634: Creating indexes using data annotation
  Found marked_as_duplicate event at 4/11/2018 5:44:55 PM +00:00
  Found canonical issue #4050 from event details
  Found canonical issue via GraphQL event details
  Found duplicate reference, linking to canonical issue
  Successfully closed issue #11634 as duplicate and removed label using GraphQL
  ✓ Issue #11634 updated successfully
Processing issue #11630: Nullable enum property always detected as alter column operation in migration
  Successfully closed issue #11630 as duplicate and removed label using GraphQL
  ✓ Issue #11630 updated successfully
Processing issue #11609: Custom ValueConverter<,> fails because of missing using directive in migration designer files
  Found marked_as_duplicate event at 4/10/2018 8:47:53 PM +00:00
  Found canonical issue #11155 from event details
  Found canonical issue via GraphQL event details
  Found duplicate reference, linking to canonical issue
  Successfully closed issue #11609 as duplicate and removed label using GraphQL
  ✓ Issue #11609 updated successfully
Processing issue #11589: Allow converter to be configured for all properties of a given type
  Successfully closed issue #11589 as duplicate and removed label using GraphQL
  ✓ Issue #11589 updated successfully
Processing issue #11586: Helpers for identity insert
  Successfully closed issue #11586 as duplicate and removed label using GraphQL
  ✓ Issue #11586 updated successfully
Processing issue #11571: Using SeedData with enums generates update every time in the Migration
  Successfully closed issue #11571 as duplicate and removed label using GraphQL
  ✓ Issue #11571 updated successfully
Processing issue #11559: Oracle: Insert_with_server_generated_GUID_key fails
  Successfully closed issue #11559 as duplicate and removed label using GraphQL
  ✓ Issue #11559 updated successfully
Processing issue #11517: N+1 queries when returning entity but not when projecting properties of entity
  Found marked_as_duplicate event at 4/2/2018 7:55:59 PM +00:00
  Found canonical issue #11186 from event details
  Found canonical issue via GraphQL event details
  Found duplicate reference, linking to canonical issue
  Successfully closed issue #11517 as duplicate and removed label using GraphQL
  ✓ Issue #11517 updated successfully
Processing issue #11468: Wrong data type used by efcore on sqlite databases generated by migrations
  Successfully closed issue #11468 as duplicate and removed label using GraphQL
  ✓ Issue #11468 updated successfully
Processing issue #11430: Scaffold-DbContext needs an environment variable connection string option
  Successfully closed issue #11430 as duplicate and removed label using GraphQL
  ✓ Issue #11430 updated successfully
Processing issue #11428: Deadlock when adding multiple entities
  Successfully closed issue #11428 as duplicate and removed label using GraphQL
  ✓ Issue #11428 updated successfully
Processing issue #11406: Query: Internal code usage in providers
  Successfully closed issue #11406 as duplicate and removed label using GraphQL
  ✓ Issue #11406 updated successfully
Processing issue #11405: Metadata: Internal code usage in provider
  Successfully closed issue #11405 as duplicate and removed label using GraphQL
  ✓ Issue #11405 updated successfully
Processing issue #11404: Conventions: Internal code usage in provider
  Successfully closed issue #11404 as duplicate and removed label using GraphQL
  ✓ Issue #11404 updated successfully
Processing issue #11393: Migrating to 2.1 adds extra indexes and foreign keys
  Successfully closed issue #11393 as duplicate and removed label using GraphQL
  ✓ Issue #11393 updated successfully
Processing issue #11390: Don't look for ColumnAttribute in RelationalTypeMappingInfo
  Successfully closed issue #11390 as duplicate and removed label using GraphQL
  ✓ Issue #11390 updated successfully
Processing issue #11382: Problem with sharing same table by two independent entities
  Found marked_as_duplicate event at 3/22/2018 1:59:37 PM +00:00
  Found canonical issue #9005 from event details
  Found canonical issue via GraphQL event details
  Found duplicate reference, linking to canonical issue
  Successfully closed issue #11382 as duplicate and removed label using GraphQL
  ✓ Issue #11382 updated successfully
Processing issue #11381: Owned type with sharing primary key default constraint
  Successfully closed issue #11381 as duplicate and removed label using GraphQL
  ✓ Issue #11381 updated successfully
Processing issue #11379: Shadow property with custom conversion type is not translated to sql.
  Successfully closed issue #11379 as duplicate and removed label using GraphQL
  ✓ Issue #11379 updated successfully
Processing issue #11352: 2.1 preview performance: Startup is much slower than in 2.0
  Successfully closed issue #11352 as duplicate and removed label using GraphQL
  ✓ Issue #11352 updated successfully
Processing issue #11348: DbUpdateConcurrencyException.Entries only contains one Entry in a split-table scenario
  Found marked_as_duplicate event at 3/22/2018 7:16:27 PM +00:00
  Found canonical issue #1002 from event details
  Found canonical issue via GraphQL event details
  Found duplicate reference, linking to canonical issue
  Successfully closed issue #11348 as duplicate and removed label using GraphQL
  ✓ Issue #11348 updated successfully
Processing issue #11347: Some values in queries are not going through value converter
  Successfully closed issue #11347 as duplicate and removed label using GraphQL
  ✓ Issue #11347 updated successfully
Processing issue #11345: Group By misbehaves with specific class while working with anonymous
  Successfully closed issue #11345 as duplicate and removed label using GraphQL
  ✓ Issue #11345 updated successfully
Processing issue #11341: EF Core 2.0 Possible regression when filtering results
  Successfully closed issue #11341 as duplicate and removed label using GraphQL
  ✓ Issue #11341 updated successfully
Processing issue #11338: Converter for model type 'EquineBeast' cannot be used for 'ConsoleApp3.Rider.Mount' because its type is 'int'
  Found marked_as_duplicate event at 3/20/2018 4:18:40 PM +00:00
  Found canonical issue #10748 from event details
  Found canonical issue via GraphQL event details
  Found duplicate reference, linking to canonical issue
  Successfully closed issue #11338 as duplicate and removed label using GraphQL
  ✓ Issue #11338 updated successfully
Processing issue #11329: CREATE FILE encountered operating system error 5(Access is denied)
  Found marked_as_duplicate event at 3/22/2018 2:40:33 AM +00:00
  Found canonical issue #384 from event details
  Found canonical issue via GraphQL event details
  Found duplicate reference, linking to canonical issue
  Successfully closed issue #11329 as duplicate and removed label using GraphQL
  ✓ Issue #11329 updated successfully
Processing issue #11322: Wrong SQL generation with group by and Count() in EF Core 2.1 Preview 1
  Successfully closed issue #11322 as duplicate and removed label using GraphQL
  ✓ Issue #11322 updated successfully
Processing issue #11317: Group By is getting an alias and causing a SQL Exception (in 2.1 Preview 1)
  Successfully closed issue #11317 as duplicate and removed label using GraphQL
  ✓ Issue #11317 updated successfully
Processing issue #11316: SQL builder appends '= 1' after custom sql function regardless return type
  Successfully closed issue #11316 as duplicate and removed label using GraphQL
  ✓ Issue #11316 updated successfully
Processing issue #11306: Allow client evaluation to be enabled on only selected queries
  Found marked_as_duplicate event at 11/19/2018 5:30:39 PM +00:00
  Found canonical issue #12844 from event details
  Found canonical issue via GraphQL event details
  Found duplicate reference, linking to canonical issue
  Successfully closed issue #11306 as duplicate and removed label using GraphQL
  ✓ Issue #11306 updated successfully
Processing issue #11283: Do not build whole Solution on Add-Migration
  Found marked_as_duplicate event at 3/16/2018 10:24:41 PM +00:00
  Found canonical issue #9716 from event details
  Found canonical issue via GraphQL event details
  Found duplicate reference, linking to canonical issue
  Successfully closed issue #11283 as duplicate and removed label using GraphQL
  ✓ Issue #11283 updated successfully
Processing issue #11279: ef tools can't quit when it's done
  Found marked_as_duplicate event at 3/15/2018 4:15:02 AM +00:00
  Found canonical issue #11280 from event details
  Found canonical issue via GraphQL event details
  Found duplicate reference, linking to canonical issue
  Successfully closed issue #11279 as duplicate and removed label using GraphQL
  ✓ Issue #11279 updated successfully
Processing issue #11278: ef tools can't quit when it's done
  Found marked_as_duplicate event at 3/15/2018 4:15:14 AM +00:00
  Found canonical issue #11280 from event details
  Found canonical issue via GraphQL event details
  Found duplicate reference, linking to canonical issue
  Successfully closed issue #11278 as duplicate and removed label using GraphQL
  ✓ Issue #11278 updated successfully
Processing issue #11250: Scaffold-DbContext not importing similar table names in different Schemas
  Found marked_as_duplicate event at 3/13/2018 5:01:28 PM +00:00
  Found canonical issue #3988 from event details
  Found canonical issue via GraphQL event details
  Found duplicate reference, linking to canonical issue
  Successfully closed issue #11250 as duplicate and removed label using GraphQL
  ✓ Issue #11250 updated successfully
Processing issue #11241: EF Core - Disable lazy-loading for some navigation properties
  Successfully closed issue #11241 as duplicate and removed label using GraphQL
  ✓ Issue #11241 updated successfully
Processing issue #11240: How to make soft delete in cascade with Entity Framework Core including navigation properties?
  Successfully closed issue #11240 as duplicate and removed label using GraphQL
  ✓ Issue #11240 updated successfully
Processing issue #11234: Alternate key relationship mapping throws when returned as a readonly collection
  Successfully closed issue #11234 as duplicate and removed label using GraphQL
  ✓ Issue #11234 updated successfully
Processing issue #11228: Consider Supporting Database Constraints with InMemory Database Provider.
  Successfully closed issue #11228 as duplicate and removed label using GraphQL
  ✓ Issue #11228 updated successfully
Processing issue #11211: Filtering (Where/First) on an enum property with a ValueConversion does not work (2.1-preview1)
  Found marked_as_duplicate event at 3/9/2018 3:57:16 PM +00:00
  Found canonical issue #11127 from event details
  Found canonical issue via GraphQL event details
  Found duplicate reference, linking to canonical issue
  Successfully closed issue #11211 as duplicate and removed label using GraphQL
  ✓ Issue #11211 updated successfully
Processing issue #11210: Add a check in specification tests suite to help providers discover missing implementations
  Successfully closed issue #11210 as duplicate and removed label using GraphQL
  ✓ Issue #11210 updated successfully
Processing issue #11188: Crash when trying to AddRange to Db on Xamarin iOS
  Successfully closed issue #11188 as duplicate and removed label using GraphQL
  ✓ Issue #11188 updated successfully
Processing issue #11185: Value Conversion for Enumeration To String
  Successfully closed issue #11185 as duplicate and removed label using GraphQL
  ✓ Issue #11185 updated successfully
Processing issue #11171: Include on derived navigational properties breaks ToListAsync(). (2.1.0-preview1-final)
  Successfully closed issue #11171 as duplicate and removed label using GraphQL
  ✓ Issue #11171 updated successfully
Processing issue #11156: Custom ValueConverter doesn't get translated to SQL
  Successfully closed issue #11156 as duplicate and removed label using GraphQL
  ✓ Issue #11156 updated successfully
Processing issue #11153: EFCore throws NullReferenceException when include is called.
  Successfully closed issue #11153 as duplicate and removed label using GraphQL
  ✓ Issue #11153 updated successfully
Processing issue #11143: Review RawSqlString in next breaking release
  Successfully closed issue #11143 as duplicate and removed label using GraphQL
  ✓ Issue #11143 updated successfully
Processing issue #11138: Feature Request - dotnet ef migrations add without specifying name
  Successfully closed issue #11138 as duplicate and removed label using GraphQL
  ✓ Issue #11138 updated successfully
Processing issue #11134: Add-Migrations missing -IgnoreChanges
  Successfully closed issue #11134 as duplicate and removed label using GraphQL
  ✓ Issue #11134 updated successfully
Processing issue #11130: Owned type not automatically loaded via navigation property
  Successfully closed issue #11130 as duplicate and removed label using GraphQL
  ✓ Issue #11130 updated successfully
Processing issue #11116: Foreign key nvarchar(450) is generated as nvarchar(max) in down script
  Found marked_as_duplicate event at 4/5/2018 4:59:05 PM +00:00
  Found canonical issue #10186 from event details
  Found canonical issue via GraphQL event details
  Found duplicate reference, linking to canonical issue
  Successfully closed issue #11116 as duplicate and removed label using GraphQL
  ✓ Issue #11116 updated successfully
Processing issue #11113: EnumToStringConverter fails to initialize when updating database
  Successfully closed issue #11113 as duplicate and removed label using GraphQL
  ✓ Issue #11113 updated successfully
Processing issue #11112: FK with Different DataType than PK Ask Question
  Successfully closed issue #11112 as duplicate and removed label using GraphQL
  ✓ Issue #11112 updated successfully
Processing issue #11098: 2.1 preview1 - System.InvalidOperationException No suitable constructor found for entity type 'string'
  Found marked_as_duplicate event at 2/28/2018 9:25:41 PM +00:00
  Found canonical issue #11074 from event details
  Found canonical issue via GraphQL event details
  Found duplicate reference, linking to canonical issue
  Successfully closed issue #11098 as duplicate and removed label using GraphQL
  ✓ Issue #11098 updated successfully
Processing issue #11095: Updated to 2.1 preview1:  The best match for foreign key properties {'SomeId' : string} are incompatible with the principal key {'TempId' : int}.`
  Successfully closed issue #11095 as duplicate and removed label using GraphQL
  ✓ Issue #11095 updated successfully
Processing issue #11092: System.InvalidOperationException in query after 2.1 upgrade
  Successfully closed issue #11092 as duplicate and removed label using GraphQL
  ✓ Issue #11092 updated successfully
Processing issue #11091: Reached recursion limit when creating initial migration
  Successfully closed issue #11091 as duplicate and removed label using GraphQL
  ✓ Issue #11091 updated successfully
Processing issue #11085: Issues with EF Migration
  Found marked_as_duplicate event at 2/28/2018 9:17:27 PM +00:00
  Found canonical issue #10298 from event details
  Found canonical issue via GraphQL event details
  Found duplicate reference, linking to canonical issue
  Successfully closed issue #11085 as duplicate and removed label using GraphQL
  ✓ Issue #11085 updated successfully
Processing issue #11070: Wrong column names prohibits sharing EF classes with dapper
  Successfully closed issue #11070 as duplicate and removed label using GraphQL
  ✓ Issue #11070 updated successfully
Processing issue #11063: Unique Key values not being reset
  Found marked_as_duplicate event at 2/26/2018 5:23:24 PM +00:00
  Found canonical issue #6872 from event details
  Found canonical issue via GraphQL event details
  Found duplicate reference, linking to canonical issue
  Successfully closed issue #11063 as duplicate and removed label using GraphQL
  ✓ Issue #11063 updated successfully
Processing issue #11061: auto migration
  Successfully closed issue #11061 as duplicate and removed label using GraphQL
  ✓ Issue #11061 updated successfully
Processing issue #11059: Value Generated On Add or Update in Entity Framework Core does not work
  Successfully closed issue #11059 as duplicate and removed label using GraphQL
  ✓ Issue #11059 updated successfully
Processing issue #11055: Deleting many to many children from parent is not working
  Successfully closed issue #11055 as duplicate and removed label using GraphQL
  ✓ Issue #11055 updated successfully
Processing issue #11035: Guid properties cause exception on physical iOS devices
  Found marked_as_duplicate event at 3/2/2018 8:44:02 PM +00:00
  Found canonical issue #9249 from event details
  Found canonical issue via GraphQL event details
  Found duplicate reference, linking to canonical issue
  Successfully closed issue #11035 as duplicate and removed label using GraphQL
  ✓ Issue #11035 updated successfully
Processing issue #11021: Unhandled Exception: System.InvalidCastException: Unable to cast object of type 'System.DateTime' to type 'System.Linq.Expressions.LambdaExpression'.
  Successfully closed issue #11021 as duplicate and removed label using GraphQL
  ✓ Issue #11021 updated successfully
Processing issue #11018: Except statement performance
  Found marked_as_duplicate event at 2/20/2018 10:36:29 PM +00:00
  Found canonical issue #6812 from event details
  Found canonical issue via GraphQL event details
  Found duplicate reference, linking to canonical issue
  Successfully closed issue #11018 as duplicate and removed label using GraphQL
  ✓ Issue #11018 updated successfully
Processing issue #11016: Address any performance regressions in EF Core 2.1
  Successfully closed issue #11016 as duplicate and removed label using GraphQL
  ✓ Issue #11016 updated successfully
Processing issue #11011: Extended error codes
  Successfully closed issue #11011 as duplicate and removed label using GraphQL
  ✓ Issue #11011 updated successfully
Processing issue #10995: Request: Support Custom Key Types (that can be converted to int)
  Successfully closed issue #10995 as duplicate and removed label using GraphQL
  ✓ Issue #10995 updated successfully
Successfully processed 100 issues
Processing issues in dotnet/efcore...
Found 100 issues with 'closed-duplicate' label
Processing issue #10994: Bug: 'Only backing fields of types that are assignable from the property type can be used.' 
  Successfully closed issue #10994 as duplicate and removed label using GraphQL
  ✓ Issue #10994 updated successfully
Processing issue #10963: Xamarin requires linker hints to preserve APIs accessed via reflection
  Successfully closed issue #10963 as duplicate and removed label using GraphQL
  ✓ Issue #10963 updated successfully
Processing issue #10961: Add fluent API for configuring value snapshot/comparison
  Found marked_as_duplicate event at 9/9/2020 6:22:24 PM +00:00
  Found canonical issue #18643 from event details
  Found canonical issue via GraphQL event details
  Found duplicate reference, linking to canonical issue
  Successfully closed issue #10961 as duplicate and removed label using GraphQL
  ✓ Issue #10961 updated successfully
Processing issue #10956: ExecuteSqlCommand injecting parameters
  Successfully closed issue #10956 as duplicate and removed label using GraphQL
  ✓ Issue #10956 updated successfully
Processing issue #10945: [iOS] TypeInitializationException in EntityFrameworkQueryableExtensions on real device
  Successfully closed issue #10945 as duplicate and removed label using GraphQL
  ✓ Issue #10945 updated successfully
Processing issue #10940: Duplicate key exception thrown for InMemory entity insert
  Successfully closed issue #10940 as duplicate and removed label using GraphQL
  ✓ Issue #10940 updated successfully
Processing issue #10926: No response at all from Add-Migration (even with verbose)
  Successfully closed issue #10926 as duplicate and removed label using GraphQL
  ✓ Issue #10926 updated successfully
Processing issue #10915: Consider adding ConfigureAwait(false)
  Successfully closed issue #10915 as duplicate and removed label using GraphQL
  ✓ Issue #10915 updated successfully
Processing issue #10893: Remove a entity by Primary Keys
  Found marked_as_duplicate event at 2/6/2018 8:44:03 PM +00:00
  Found canonical issue #795 from event details
  Found canonical issue via GraphQL event details
  Found duplicate reference, linking to canonical issue
  Successfully closed issue #10893 as duplicate and removed label using GraphQL
  ✓ Issue #10893 updated successfully
Processing issue #10891: Query: Table splitting: Optimization: Same columns projected multiple times
  Found marked_as_duplicate event at 8/22/2019 10:34:03 PM +00:00
  Found canonical issue #12491 from event details
  Found canonical issue via GraphQL event details
  Found duplicate reference, linking to canonical issue
  Successfully closed issue #10891 as duplicate and removed label using GraphQL
  ✓ Issue #10891 updated successfully
Processing issue #10887: Add more Translations for DateTime
  Found marked_as_duplicate event at 2/6/2018 10:15:26 PM +00:00
  Found canonical issue #4108 from event details
  Found canonical issue via GraphQL event details
  Found duplicate reference, linking to canonical issue
  Successfully closed issue #10887 as duplicate and removed label using GraphQL
  ✓ Issue #10887 updated successfully
Processing issue #10876: Sql Server DateTime Comparison Exception
  Successfully closed issue #10876 as duplicate and removed label using GraphQL
  ✓ Issue #10876 updated successfully
Processing issue #10874: Removing an FK index in OnModelCreating causes it to be re-added
  Successfully closed issue #10874 as duplicate and removed label using GraphQL
  ✓ Issue #10874 updated successfully
Processing issue #10869: Remove-Migration PMC Gives Error
  Successfully closed issue #10869 as duplicate and removed label using GraphQL
  ✓ Issue #10869 updated successfully
Processing issue #10854: SQL Server one-to-many relationship issuing one query per main table record when projecting
  Successfully closed issue #10854 as duplicate and removed label using GraphQL
  ✓ Issue #10854 updated successfully
Processing issue #10841: Exception in DatabaseErrorPageMiddleware.System.IObserver coming from SaveChangesFailed 
  Successfully closed issue #10841 as duplicate and removed label using GraphQL
  ✓ Issue #10841 updated successfully
Processing issue #10837: Query: Can you scaffold directly against Sql Db Project
  Found marked_as_duplicate event at 2/1/2018 12:04:47 AM +00:00
  Found canonical issue #4321 from event details
  Found canonical issue via GraphQL event details
  Found duplicate reference, linking to canonical issue
  Successfully closed issue #10837 as duplicate and removed label using GraphQL
  ✓ Issue #10837 updated successfully
Processing issue #10836: Trimming trailing spaces on char type
  Successfully closed issue #10836 as duplicate and removed label using GraphQL
  ✓ Issue #10836 updated successfully
Processing issue #10828: Query: include doesn't work for queries with order by and group by
  Successfully closed issue #10828 as duplicate and removed label using GraphQL
  ✓ Issue #10828 updated successfully
Processing issue #10821: Value cannot be null. Parameter name: left
  Found marked_as_duplicate event at 2/6/2018 6:06:21 AM +00:00
  Found canonical issue #9223 from event details
  Found canonical issue via GraphQL event details
  Found duplicate reference, linking to canonical issue
  Successfully closed issue #10821 as duplicate and removed label using GraphQL
  ✓ Issue #10821 updated successfully
Processing issue #10819: Owned property of related collection's item in EF Core mapped as NULL
  Found marked_as_duplicate event at 1/30/2018 4:03:58 PM +00:00
  Found canonical issue #9210 from event details
  Found canonical issue via GraphQL event details
  Found duplicate reference, linking to canonical issue
  Successfully closed issue #10819 as duplicate and removed label using GraphQL
  ✓ Issue #10819 updated successfully
Processing issue #10818: Enable optional Owned Objects
  Successfully closed issue #10818 as duplicate and removed label using GraphQL
  ✓ Issue #10818 updated successfully
Processing issue #10779: How to update an entity without retreiving it first?
  Successfully closed issue #10779 as duplicate and removed label using GraphQL
  ✓ Issue #10779 updated successfully
Processing issue #10766: System.InvalidOperationException: Sequence contains no elements when using .Max() or .MaxAsync()
  Successfully closed issue #10766 as duplicate and removed label using GraphQL
  ✓ Issue #10766 updated successfully
Processing issue #10761: Included properties' foreign keys are case sensitive
  Successfully closed issue #10761 as duplicate and removed label using GraphQL
  ✓ Issue #10761 updated successfully
Processing issue #10747: EF Core2 Issue - Exception trying to compare two int[]'s
  Successfully closed issue #10747 as duplicate and removed label using GraphQL
  ✓ Issue #10747 updated successfully
Processing issue #10738: There is no support for conditional deletes
  Found marked_as_duplicate event at 1/22/2018 4:55:49 PM +00:00
  Found canonical issue #795 from event details
  Found canonical issue via GraphQL event details
  Found duplicate reference, linking to canonical issue
  Successfully closed issue #10738 as duplicate and removed label using GraphQL
  ✓ Issue #10738 updated successfully
Processing issue #10717: Idempotent scripts aren't really idempotent - they fail the second time
  Successfully closed issue #10717 as duplicate and removed label using GraphQL
  ✓ Issue #10717 updated successfully
Processing issue #10712: How to create User defined functions using ef core 2.0 code first approach?
  Successfully closed issue #10712 as duplicate and removed label using GraphQL
  ✓ Issue #10712 updated successfully
Processing issue #10709: Unable to cast object of type 'System.Int32' to type 'System.Linq.Expressions.LambdaExpression'
  Found marked_as_duplicate event at 2/8/2018 12:05:06 AM +00:00
  Found canonical issue #10271 from event details
  Found canonical issue via GraphQL event details
  Found duplicate reference, linking to canonical issue
  Successfully closed issue #10709 as duplicate and removed label using GraphQL
  ✓ Issue #10709 updated successfully
Processing issue #10683: Can not create dbcontext pool when more than one dbcontext type is in DI
  Found marked_as_duplicate event at 1/17/2018 10:38:57 PM +00:00
  Found canonical issue #9433 from event details
  Found canonical issue via GraphQL event details
  Found duplicate reference, linking to canonical issue
  Successfully closed issue #10683 as duplicate and removed label using GraphQL
  ✓ Issue #10683 updated successfully
Processing issue #10682: Owned Type as Primary Key?
  Successfully closed issue #10682 as duplicate and removed label using GraphQL
  ✓ Issue #10682 updated successfully
Processing issue #10681: ((IObjectContextAdapter)context).ObjectContext.ObjectMaterialized to convert all dates returned from the database to localtime
  Successfully closed issue #10681 as duplicate and removed label using GraphQL
  ✓ Issue #10681 updated successfully
Processing issue #10678: Database-first scaffolding generates entity names ignoring original casing
  Successfully closed issue #10678 as duplicate and removed label using GraphQL
  ✓ Issue #10678 updated successfully
Processing issue #10676: Owned entities: Eager loading is NOT performed automatically on owned types when the owned property is part of an included query
  Found marked_as_duplicate event at 1/10/2018 4:03:13 PM +00:00
  Found canonical issue #9210 from event details
  Found canonical issue via GraphQL event details
  Found duplicate reference, linking to canonical issue
  Successfully closed issue #10676 as duplicate and removed label using GraphQL
  ✓ Issue #10676 updated successfully
Processing issue #10645: Change query filter on execute
  Successfully closed issue #10645 as duplicate and removed label using GraphQL
  ✓ Issue #10645 updated successfully
Processing issue #10630: Question: Module based Migrations 
  Successfully closed issue #10630 as duplicate and removed label using GraphQL
  ✓ Issue #10630 updated successfully
Processing issue #10628: Entity Framework Core does not support ambient transactions
  Found marked_as_duplicate event at 1/2/2018 7:11:33 PM +00:00
  Found canonical issue #5595 from event details
  Found canonical issue via GraphQL event details
  Found duplicate reference, linking to canonical issue
  Successfully closed issue #10628 as duplicate and removed label using GraphQL
  ✓ Issue #10628 updated successfully
Processing issue #10621: Owning a class that is also used in a 1-many relationship causes "The convention invocations have reached the recursion limit."
  Successfully closed issue #10621 as duplicate and removed label using GraphQL
  ✓ Issue #10621 updated successfully
Processing issue #10620: multiple table to one foreign key relationship
  Successfully closed issue #10620 as duplicate and removed label using GraphQL
  ✓ Issue #10620 updated successfully
Processing issue #10619: Add-Migration Issue when users folder has Chinese
  Successfully closed issue #10619 as duplicate and removed label using GraphQL
  ✓ Issue #10619 updated successfully
Processing issue #10611: EF Core Add Migration Issue
  Successfully closed issue #10611 as duplicate and removed label using GraphQL
  ✓ Issue #10611 updated successfully
Processing issue #10609: How to share an InMemory Db between a read and write context
  Successfully closed issue #10609 as duplicate and removed label using GraphQL
  ✓ Issue #10609 updated successfully
Processing issue #10602: Migrations with own types and base class
  Successfully closed issue #10602 as duplicate and removed label using GraphQL
  ✓ Issue #10602 updated successfully
Processing issue #10600: Feature proposal: Add support for primitive arrays with InMemoryDatabase
  Found marked_as_duplicate event at 8/12/2020 4:13:29 PM +00:00
  Found canonical issue #11926 from event details
  Found canonical issue via GraphQL event details
  Found duplicate reference, linking to canonical issue
  Successfully closed issue #10600 as duplicate and removed label using GraphQL
  ✓ Issue #10600 updated successfully
Processing issue #10597: SQLite: Make AUTOINCREMENT more first-class
  Found marked_as_duplicate event at 12/20/2017 8:05:35 PM +00:00
  Found canonical issue #10228 from event details
  Found canonical issue via GraphQL event details
  Found duplicate reference, linking to canonical issue
  Successfully closed issue #10597 as duplicate and removed label using GraphQL
  ✓ Issue #10597 updated successfully
Processing issue #10583: Scaffold-Dbcontext not working in .Net Core 1.1 project after updating VS 2017 to 15.1.1/.Net Core 2.0 installed
  Successfully closed issue #10583 as duplicate and removed label using GraphQL
  ✓ Issue #10583 updated successfully
Processing issue #10580: Error When Updating Owned Types
  Found marked_as_duplicate event at 12/17/2017 11:12:13 PM +00:00
  Found canonical issue #7340 from event details
  Found canonical issue via GraphQL event details
  Found duplicate reference, linking to canonical issue
  Successfully closed issue #10580 as duplicate and removed label using GraphQL
  ✓ Issue #10580 updated successfully
Processing issue #10570: Invalid Column in Linq query after migration to 2.0
  Successfully closed issue #10570 as duplicate and removed label using GraphQL
  ✓ Issue #10570 updated successfully
Processing issue #10555: Shadow properties in NoTracking context
  Successfully closed issue #10555 as duplicate and removed label using GraphQL
  ✓ Issue #10555 updated successfully
Processing issue #10544: Cannot run add-migration when using custom middleware
  Found marked_as_duplicate event at 12/13/2017 5:35:10 PM +00:00
  Found canonical issue #10502 from event details
  Found canonical issue via GraphQL event details
  Found duplicate reference, linking to canonical issue
  Successfully closed issue #10544 as duplicate and removed label using GraphQL
  ✓ Issue #10544 updated successfully
Processing issue #10542: Nullifying dependent field is not allowed for FK restrict
  Found marked_as_duplicate event at 12/12/2017 5:49:41 PM +00:00
  Found canonical issue #9703 from event details
  Found canonical issue via GraphQL event details
  Found duplicate reference, linking to canonical issue
  Successfully closed issue #10542 as duplicate and removed label using GraphQL
  ✓ Issue #10542 updated successfully
Processing issue #10539: Support for per-operation collation
  Successfully closed issue #10539 as duplicate and removed label using GraphQL
  ✓ Issue #10539 updated successfully
Processing issue #10536: NullReferenceException occurred when doing the count query on inner joined tables
  Found marked_as_duplicate event at 12/12/2017 4:51:56 AM +00:00
  Found canonical issue #10112 from event details
  Found canonical issue via GraphQL event details
  Found duplicate reference, linking to canonical issue
  Successfully closed issue #10536 as duplicate and removed label using GraphQL
  ✓ Issue #10536 updated successfully
Processing issue #10524: Query: Translate DateTime.DayOfYear
  Successfully closed issue #10524 as duplicate and removed label using GraphQL
  ✓ Issue #10524 updated successfully
Processing issue #10521: Query: Translate DateTime.DayOfWeek
  Successfully closed issue #10521 as duplicate and removed label using GraphQL
  ✓ Issue #10521 updated successfully
Processing issue #10510: It is not possible to remove all join entities and add only necessary join entities again
  Successfully closed issue #10510 as duplicate and removed label using GraphQL
  ✓ Issue #10510 updated successfully
Processing issue #10506: Flaky test: CreateAsync_checks_for_existence_and_retries_if_cannot_open_file_until_it_passes
  Found marked_as_duplicate event at 12/11/2017 10:12:50 PM +00:00
  Found canonical issue #9031 from event details
  Found canonical issue via GraphQL event details
  Found duplicate reference, linking to canonical issue
  Successfully closed issue #10506 as duplicate and removed label using GraphQL
  ✓ Issue #10506 updated successfully
Processing issue #10503: Why isn't it possible to add indexes via annotations?
  Successfully closed issue #10503 as duplicate and removed label using GraphQL
  ✓ Issue #10503 updated successfully
Processing issue #10485: Add-Migration Does Nothing
  Successfully closed issue #10485 as duplicate and removed label using GraphQL
  ✓ Issue #10485 updated successfully
Processing issue #10476: Sqlite with HasDefaultSchema: no such table dbo.xyz 
  Successfully closed issue #10476 as duplicate and removed label using GraphQL
  ✓ Issue #10476 updated successfully
Processing issue #10473: Scaffold-DbContext not producing output
  Successfully closed issue #10473 as duplicate and removed label using GraphQL
  ✓ Issue #10473 updated successfully
Processing issue #10472: GroupBy Children - N+1 DB trips
  Successfully closed issue #10472 as duplicate and removed label using GraphQL
  ✓ Issue #10472 updated successfully
Processing issue #10465: Perf: provide a way to batch the generated commands for a complex query
  Successfully closed issue #10465 as duplicate and removed label using GraphQL
  ✓ Issue #10465 updated successfully
Processing issue #10446: Child inheritance generating InvalidCastException 
  Successfully closed issue #10446 as duplicate and removed label using GraphQL
  ✓ Issue #10446 updated successfully
Processing issue #10420: InMemory: after adding LoggerFactory to dbContext,  dbContext can't access data (all returned tables are empty).
  Found marked_as_duplicate event at 11/28/2017 11:34:22 PM +00:00
  Found canonical issue #9613 from event details
  Found canonical issue via GraphQL event details
  Found duplicate reference, linking to canonical issue
  Successfully closed issue #10420 as duplicate and removed label using GraphQL
  ✓ Issue #10420 updated successfully
Processing issue #10418: Useless "using ;" cause error (Migrations CLI)
  Found marked_as_duplicate event at 11/28/2017 7:01:36 PM +00:00
  Found canonical issue #2467 from event details
  Found canonical issue via GraphQL event details
  Found duplicate reference, linking to canonical issue
  Successfully closed issue #10418 as duplicate and removed label using GraphQL
  ✓ Issue #10418 updated successfully
Processing issue #10414: EntityType marked with NotMapped is still discovered by Conventions
  Successfully closed issue #10414 as duplicate and removed label using GraphQL
  ✓ Issue #10414 updated successfully
Processing issue #10413: Feature request - migrations add <automaticIncrementalName>
  Successfully closed issue #10413 as duplicate and removed label using GraphQL
  ✓ Issue #10413 updated successfully
Processing issue #10406: Failed when using SqlLinq.Max()
  Successfully closed issue #10406 as duplicate and removed label using GraphQL
  ✓ Issue #10406 updated successfully
Processing issue #10401: Working with backing fields independent of property type
  Successfully closed issue #10401 as duplicate and removed label using GraphQL
  ✓ Issue #10401 updated successfully
Processing issue #10400: Support for readonly backing fields
  Successfully closed issue #10400 as duplicate and removed label using GraphQL
  ✓ Issue #10400 updated successfully
Processing issue #10393: [Tools] [Enhancement] Extend dotnet ef scripting
  Successfully closed issue #10393 as duplicate and removed label using GraphQL
  ✓ Issue #10393 updated successfully
Processing issue #10392: Unable to query with filter on an Owned Entity
  Successfully closed issue #10392 as duplicate and removed label using GraphQL
  ✓ Issue #10392 updated successfully
Processing issue #10374: Query: ArgumentNullException when using ternary operator with null comparison
  Found marked_as_duplicate event at 11/22/2017 4:17:23 PM +00:00
  Found canonical issue #9223 from event details
  Found canonical issue via GraphQL event details
  Found duplicate reference, linking to canonical issue
  Successfully closed issue #10374 as duplicate and removed label using GraphQL
  ✓ Issue #10374 updated successfully
Processing issue #10372: cli bug: dotnet ef  ?? still very much a work in progress, nothing working end-to-end yet
  Successfully closed issue #10372 as duplicate and removed label using GraphQL
  ✓ Issue #10372 updated successfully
Processing issue #10365: Database.SqlQuery<TElement> Missing
  Successfully closed issue #10365 as duplicate and removed label using GraphQL
  ✓ Issue #10365 updated successfully
Processing issue #10364: How to use Lazy loading on Generic Function In .net Core
  Successfully closed issue #10364 as duplicate and removed label using GraphQL
  ✓ Issue #10364 updated successfully
Processing issue #10363: Query Filters caching predicates causes issues
  Found marked_as_duplicate event at 11/21/2017 4:12:43 PM +00:00
  Found canonical issue #9825 from event details
  Found canonical issue via GraphQL event details
  Found duplicate reference, linking to canonical issue
  Successfully closed issue #10363 as duplicate and removed label using GraphQL
  ✓ Issue #10363 updated successfully
Processing issue #10346: EnsureCreated call create table twice on database update command
  Successfully closed issue #10346 as duplicate and removed label using GraphQL
  ✓ Issue #10346 updated successfully
Processing issue #10334: add Migration creates silly migrations
  Successfully closed issue #10334 as duplicate and removed label using GraphQL
  ✓ Issue #10334 updated successfully
Processing issue #10325: Can't use Microsoft.EntityFrameworkCore.Sqlite
  Successfully closed issue #10325 as duplicate and removed label using GraphQL
  ✓ Issue #10325 updated successfully
Processing issue #10308: Owned types and key default values unintuitive to configure
  Successfully closed issue #10308 as duplicate and removed label using GraphQL
  ✓ Issue #10308 updated successfully
Processing issue #10307: Owned Type should support immutable value object behavior
  Successfully closed issue #10307 as duplicate and removed label using GraphQL
  ✓ Issue #10307 updated successfully
Processing issue #10303: Add support for FindByAlternateKey.
  Successfully closed issue #10303 as duplicate and removed label using GraphQL
  ✓ Issue #10303 updated successfully
Processing issue #10277: Adding EF Core to Xamarin.Forms Android project crashes app
  Successfully closed issue #10277 as duplicate and removed label using GraphQL
  ✓ Issue #10277 updated successfully
Processing issue #10275: Support multiple HasQueryFilter calls on same entity type
  Issue #10275 is already closed as duplicate, removing label only
Processing issue #10269: Ownership does not work for enumerable property
  Successfully closed issue #10269 as duplicate and removed label using GraphQL
  ✓ Issue #10269 updated successfully
Processing issue #10268: FromSql always require an ID key column to be returned when fetching data from stored procedure
  Found marked_as_duplicate event at 11/14/2017 6:48:01 PM +00:00
  Found canonical issue #9290 from event details
  Found canonical issue via GraphQL event details
  Found duplicate reference, linking to canonical issue
  Successfully closed issue #10268 as duplicate and removed label using GraphQL
  ✓ Issue #10268 updated successfully
Processing issue #10257: Automatically perform required conversions when query filter is defined on interface or base type
  Successfully closed issue #10257 as duplicate and removed label using GraphQL
  ✓ Issue #10257 updated successfully
Processing issue #10233: SqlServerMigrationsSqlGenerator missing dependency object
  Successfully closed issue #10233 as duplicate and removed label using GraphQL
  ✓ Issue #10233 updated successfully
Processing issue #10229: Single() or First() methods ignore the .Equals() for string PK property
  Found marked_as_duplicate event at 11/7/2017 3:22:30 PM +00:00
  Found canonical issue #1222 from event details
  Found canonical issue via GraphQL event details
  Found duplicate reference, linking to canonical issue
  Successfully closed issue #10229 as duplicate and removed label using GraphQL
  ✓ Issue #10229 updated successfully
Processing issue #10227: Support DateTime.ToString(string)
  Found marked_as_duplicate event at 11/8/2017 7:41:35 PM +00:00
  Found canonical issue #7364 from event details
  Found canonical issue via GraphQL event details
  Found duplicate reference, linking to canonical issue
  Successfully closed issue #10227 as duplicate and removed label using GraphQL
  ✓ Issue #10227 updated successfully
Processing issue #10217: OwnedTypes on navigation property are not automatically included
  Found marked_as_duplicate event at 11/3/2017 9:01:43 PM +00:00
  Found canonical issue #9210 from event details
  Found canonical issue via GraphQL event details
  Found duplicate reference, linking to canonical issue
  Successfully closed issue #10217 as duplicate and removed label using GraphQL
  ✓ Issue #10217 updated successfully
Processing issue #10212: ORA-00972: identity is too long
  Found marked_as_duplicate event at 11/3/2017 3:48:26 PM +00:00
  Found canonical issue #8255 from event details
  Found canonical issue via GraphQL event details
  Found duplicate reference, linking to canonical issue
  Successfully closed issue #10212 as duplicate and removed label using GraphQL
  ✓ Issue #10212 updated successfully
Processing issue #10206: DbContext.AddRange under Xamarin/iOS with derived entity classes
  Successfully closed issue #10206 as duplicate and removed label using GraphQL
  ✓ Issue #10206 updated successfully
Processing issue #10189: New MissingRuntimeArtifactException in Release mode after EF Core 2.0 upgrade
  Successfully closed issue #10189 as duplicate and removed label using GraphQL
  ✓ Issue #10189 updated successfully
Processing issue #10161: ThenInclude().ThenInclude() Throws Not An Object Error When First Level Is Null
  Found marked_as_duplicate event at 10/25/2017 10:58:08 PM +00:00
  Found canonical issue #9038 from event details
  Found canonical issue via GraphQL event details
  Found duplicate reference, linking to canonical issue
  Successfully closed issue #10161 as duplicate and removed label using GraphQL
  ✓ Issue #10161 updated successfully
Processing issue #10159: Allow application code to force query buffering
  Successfully closed issue #10159 as duplicate and removed label using GraphQL
  ✓ Issue #10159 updated successfully
Processing issue #10149: Scaffold Exclude Tables
  Found marked_as_duplicate event at 10/24/2017 7:35:35 PM +00:00
  Found canonical issue #6182 from event details
  Found canonical issue via GraphQL event details
  Found duplicate reference, linking to canonical issue
  Successfully closed issue #10149 as duplicate and removed label using GraphQL
  ✓ Issue #10149 updated successfully
Successfully processed 100 issues
Processing issues in dotnet/efcore...
Found 100 issues with 'closed-duplicate' label
Processing issue #10148: Issue with updating Owned Entities following DDD approach (EF Core 2.0)
  Successfully closed issue #10148 as duplicate and removed label using GraphQL
  ✓ Issue #10148 updated successfully
Processing issue #10145: Entity Framework Core 2 Owned Entity on Multiple Entities
  Found marked_as_duplicate event at 10/23/2017 9:04:11 PM +00:00
  Found canonical issue #9873 from event details
  Found canonical issue via GraphQL event details
  Found duplicate reference, linking to canonical issue
  Successfully closed issue #10145 as duplicate and removed label using GraphQL
  ✓ Issue #10145 updated successfully
Processing issue #10126: Materializing IQueryable with ToListAsync throws a NullReferenceException
  Found marked_as_duplicate event at 10/20/2017 7:39:35 PM +00:00
  Found canonical issue #9038 from event details
  Found canonical issue via GraphQL event details
  Found duplicate reference, linking to canonical issue
  Successfully closed issue #10126 as duplicate and removed label using GraphQL
  ✓ Issue #10126 updated successfully
Processing issue #10123: EF Core self referencing not working if there are 2 foreign keys to self (Code first)
  Successfully closed issue #10123 as duplicate and removed label using GraphQL
  ✓ Issue #10123 updated successfully
Processing issue #10121: Query with multiple "ThenInclude" [sync works] [async throws exception]
  Found marked_as_duplicate event at 10/19/2017 4:24:38 PM +00:00
  Found canonical issue #9038 from event details
  Found canonical issue via GraphQL event details
  Found duplicate reference, linking to canonical issue
  Successfully closed issue #10121 as duplicate and removed label using GraphQL
  ✓ Issue #10121 updated successfully
Processing issue #10111: Create additional .NET attributes (like data annotations) for EF Core configuration
  Successfully closed issue #10111 as duplicate and removed label using GraphQL
  ✓ Issue #10111 updated successfully
Processing issue #10103: Add-Migration Fails with System.TypeLoadException
  Found marked_as_duplicate event at 10/18/2017 7:47:15 PM +00:00
  Found canonical issue #9827 from event details
  Found canonical issue via GraphQL event details
  Found duplicate reference, linking to canonical issue
  Successfully closed issue #10103 as duplicate and removed label using GraphQL
  ✓ Issue #10103 updated successfully
Processing issue #10097: DBContext reusing object from previous requests
  Found marked_as_duplicate event at 10/17/2017 7:02:55 PM +00:00
  Found canonical issue #7983 from event details
  Found canonical issue via GraphQL event details
  Found duplicate reference, linking to canonical issue
  Successfully closed issue #10097 as duplicate and removed label using GraphQL
  ✓ Issue #10097 updated successfully
Processing issue #10064: Query: GroupBy in-memory execution must honor result retrieved by the query executed against database
  Found marked_as_duplicate event at 9/4/2019 6:56:47 AM +00:00
  Found canonical issue #17068 from event details
  Found canonical issue via GraphQL event details
  Found duplicate reference, linking to canonical issue
  Successfully closed issue #10064 as duplicate and removed label using GraphQL
  ✓ Issue #10064 updated successfully
Processing issue #10055: Create model of views by Scaffold-DbContext
  Successfully closed issue #10055 as duplicate and removed label using GraphQL
  ✓ Issue #10055 updated successfully
Processing issue #10054: IDesignTimeDbContextFactory<T>.CreateDbContext(string[] args) usage
  Successfully closed issue #10054 as duplicate and removed label using GraphQL
  ✓ Issue #10054 updated successfully
Processing issue #10053: Initializing DbContext of 500+ tables database takes over 3 minutes every application restart
  Successfully closed issue #10053 as duplicate and removed label using GraphQL
  ✓ Issue #10053 updated successfully
Processing issue #10032: Use-case: Dump database schema for DbContext
  Successfully closed issue #10032 as duplicate and removed label using GraphQL
  ✓ Issue #10032 updated successfully
Processing issue #10006: Handle conflicting type mapping/conversions
  Successfully closed issue #10006 as duplicate and removed label using GraphQL
  ✓ Issue #10006 updated successfully
Processing issue #9979: Entity Framework Core, computed column does not appear in WHERE clause
  Found marked_as_duplicate event at 10/6/2017 3:15:23 PM +00:00
  Found canonical issue #6937 from event details
  Found canonical issue via GraphQL event details
  Found duplicate reference, linking to canonical issue
  Successfully closed issue #9979 as duplicate and removed label using GraphQL
  ✓ Issue #9979 updated successfully
Processing issue #9977: Allow specifying a namespace for scaffolding
  Found marked_as_duplicate event at 10/5/2017 4:52:07 PM +00:00
  Found canonical issue #9723 from event details
  Found canonical issue via GraphQL event details
  Found duplicate reference, linking to canonical issue
  Successfully closed issue #9977 as duplicate and removed label using GraphQL
  ✓ Issue #9977 updated successfully
Processing issue #9974: SQLServer UseRowNumberForPaging() option can't handle column name alias
  Found marked_as_duplicate event at 10/5/2017 1:35:09 PM +00:00
  Found canonical issue #9535 from event details
  Found canonical issue via GraphQL event details
  Found duplicate reference, linking to canonical issue
  Successfully closed issue #9974 as duplicate and removed label using GraphQL
  ✓ Issue #9974 updated successfully
Processing issue #9959: Query/Test: separate sync and async versions of AssertQuery methods
  Successfully closed issue #9959 as duplicate and removed label using GraphQL
  ✓ Issue #9959 updated successfully
Processing issue #9936: Thread hangs when querying parent and child relationship in a single query
  Successfully closed issue #9936 as duplicate and removed label using GraphQL
  ✓ Issue #9936 updated successfully
Processing issue #9932: Navigation Error
  Successfully closed issue #9932 as duplicate and removed label using GraphQL
  ✓ Issue #9932 updated successfully
Processing issue #9931: Select Navigation translation question
  Successfully closed issue #9931 as duplicate and removed label using GraphQL
  ✓ Issue #9931 updated successfully
Processing issue #9926: Question: Persist model/metadata between application restarts
  Successfully closed issue #9926 as duplicate and removed label using GraphQL
  ✓ Issue #9926 updated successfully
Processing issue #9915: Feature: Add the <auto-generated> comment in migration files
  Successfully closed issue #9915 as duplicate and removed label using GraphQL
  ✓ Issue #9915 updated successfully
Processing issue #9909: Unable to determine the relationship represented by navigation property 'Investor.Wholesalers' of type 'ICollection<Wholesaler>'
  Successfully closed issue #9909 as duplicate and removed label using GraphQL
  ✓ Issue #9909 updated successfully
Processing issue #9902: Wrong migration when foreign key property belong to base class
  Successfully closed issue #9902 as duplicate and removed label using GraphQL
  ✓ Issue #9902 updated successfully
Processing issue #9898: Data type 'nvarchar' is not supported in this form... Azure example db 'AdventureWorksLT'
  Found marked_as_duplicate event at 9/26/2017 4:20:08 PM +00:00
  Found canonical issue #9473 from event details
  Found canonical issue via GraphQL event details
  Found duplicate reference, linking to canonical issue
  Successfully closed issue #9898 as duplicate and removed label using GraphQL
  ✓ Issue #9898 updated successfully
Processing issue #9890: Database hits when caching
  Found marked_as_duplicate event at 9/25/2017 7:49:22 PM +00:00
  Found canonical issue #1948 from event details
  Found canonical issue via GraphQL event details
  Found duplicate reference, linking to canonical issue
  Successfully closed issue #9890 as duplicate and removed label using GraphQL
  ✓ Issue #9890 updated successfully
Processing issue #9888: Configuration of Owned Types on derived type
  Successfully closed issue #9888 as duplicate and removed label using GraphQL
  ✓ Issue #9888 updated successfully
Processing issue #9870: Scaffold-DbContext false warnings
  Successfully closed issue #9870 as duplicate and removed label using GraphQL
  ✓ Issue #9870 updated successfully
Processing issue #9868: Application break accessing dbcontext, Asp .net core web api 2.0 with entity framework core 2.0 database first approach
  Found marked_as_duplicate event at 9/22/2017 5:05:05 PM +00:00
  Found canonical issue #9478 from event details
  Found canonical issue via GraphQL event details
  Found duplicate reference, linking to canonical issue
  Successfully closed issue #9868 as duplicate and removed label using GraphQL
  ✓ Issue #9868 updated successfully
Processing issue #9867: Remove-migration on TFVC workspace does not revert Adds
  Found marked_as_duplicate event at 9/21/2017 8:42:40 PM +00:00
  Found canonical issue #9280 from event details
  Found canonical issue via GraphQL event details
  Found duplicate reference, linking to canonical issue
  Successfully closed issue #9867 as duplicate and removed label using GraphQL
  ✓ Issue #9867 updated successfully
Processing issue #9854: SQL Server Views support
  Successfully closed issue #9854 as duplicate and removed label using GraphQL
  ✓ Issue #9854 updated successfully
Processing issue #9847: Migrations not being generated correctly when changing the primary key type
  Successfully closed issue #9847 as duplicate and removed label using GraphQL
  ✓ Issue #9847 updated successfully
Processing issue #9830: Left join always loads *all possible columns* (instead of those selected) (!)
  Successfully closed issue #9830 as duplicate and removed label using GraphQL
  ✓ Issue #9830 updated successfully
Processing issue #9814: Data type 'nvarchar' is not supported in this form. Either specify the length explicitly in the type name, for example as 'nvarchar(16)', or remove the data type and use APIs such as HasMaxLength to allow EF choose the data type.
  Successfully closed issue #9814 as duplicate and removed label using GraphQL
  ✓ Issue #9814 updated successfully
Processing issue #9812: Q: Avoid full table scan when scaffolding
  Successfully closed issue #9812 as duplicate and removed label using GraphQL
  ✓ Issue #9812 updated successfully
Processing issue #9798: Columns are not generated by default for base properties 
  Found marked_as_duplicate event at 9/13/2017 4:25:38 PM +00:00
  Found canonical issue #9705 from event details
  Found canonical issue via GraphQL event details
  Found duplicate reference, linking to canonical issue
  Successfully closed issue #9798 as duplicate and removed label using GraphQL
  ✓ Issue #9798 updated successfully
Processing issue #9773: Enable optional relationships when using entity splitting
  Successfully closed issue #9773 as duplicate and removed label using GraphQL
  ✓ Issue #9773 updated successfully
Processing issue #9763: Entity Framework Core attempts to use wrong options when two contexts are registered by AddDbContextPool
  Found marked_as_duplicate event at 9/11/2017 7:25:41 PM +00:00
  Found canonical issue #9433 from event details
  Found canonical issue via GraphQL event details
  Found duplicate reference, linking to canonical issue
  Successfully closed issue #9763 as duplicate and removed label using GraphQL
  ✓ Issue #9763 updated successfully
Processing issue #9759: In Memory Testing EFCore not working after upgrade to .NET Core 2
  Found marked_as_duplicate event at 9/11/2017 4:46:04 PM +00:00
  Found canonical issue #9613 from event details
  Found canonical issue via GraphQL event details
  Found duplicate reference, linking to canonical issue
  Successfully closed issue #9759 as duplicate and removed label using GraphQL
  ✓ Issue #9759 updated successfully
Processing issue #9758: ArgumentOutOfRangeException when ordering by a constant
  Successfully closed issue #9758 as duplicate and removed label using GraphQL
  ✓ Issue #9758 updated successfully
Processing issue #9757: NullReferenceException for optional one to many relation between entities
  Found marked_as_duplicate event at 9/12/2017 7:48:11 PM +00:00
  Found canonical issue #9038 from event details
  Found canonical issue via GraphQL event details
  Found duplicate reference, linking to canonical issue
  Successfully closed issue #9757 as duplicate and removed label using GraphQL
  ✓ Issue #9757 updated successfully
Processing issue #9736: Concurrently running migrations - where is locking?
  Found marked_as_duplicate event at 9/12/2024 11:34:03 AM +00:00
  Found canonical issue #33731 from event details
  Found canonical issue via GraphQL event details
  Found duplicate reference, linking to canonical issue
  Successfully closed issue #9736 as duplicate and removed label using GraphQL
  ✓ Issue #9736 updated successfully
Processing issue #9722: Redundant warning - The LINQ expression 'Max()' could not be translated and will be evaluated locally.
  Found marked_as_duplicate event at 9/7/2017 12:12:47 PM +00:00
  Found canonical issue #9516 from event details
  Found canonical issue via GraphQL event details
  Found duplicate reference, linking to canonical issue
  Successfully closed issue #9722 as duplicate and removed label using GraphQL
  ✓ Issue #9722 updated successfully
Processing issue #9699: SqlException when utilizing string interpolation in a call to ExecuteSqlCommand(Async)
  Found marked_as_duplicate event at 9/8/2017 11:47:36 PM +00:00
  Found canonical issue #9734 from event details
  Found canonical issue via GraphQL event details
  Found duplicate reference, linking to canonical issue
  Successfully closed issue #9699 as duplicate and removed label using GraphQL
  ✓ Issue #9699 updated successfully
Processing issue #9694: EF tools cannot find migrations in project
  Successfully closed issue #9694 as duplicate and removed label using GraphQL
  ✓ Issue #9694 updated successfully
Processing issue #9690: StackOverflowException in CompareInfo.Windows Findstring from EntityFramework
  Found marked_as_duplicate event at 9/8/2017 4:05:05 PM +00:00
  Found canonical issue #9478 from event details
  Found canonical issue via GraphQL event details
  Found duplicate reference, linking to canonical issue
  Successfully closed issue #9690 as duplicate and removed label using GraphQL
  ✓ Issue #9690 updated successfully
Processing issue #9683: Adding an entity with specified key followed by one without it leads to an error
  Successfully closed issue #9683 as duplicate and removed label using GraphQL
  ✓ Issue #9683 updated successfully
Processing issue #9680: default value doesn't work 
  Successfully closed issue #9680 as duplicate and removed label using GraphQL
  ✓ Issue #9680 updated successfully
Processing issue #9676: I want to customize what the dotnet scaffold generates
  Successfully closed issue #9676 as duplicate and removed label using GraphQL
  ✓ Issue #9676 updated successfully
Processing issue #9666: EF Core tooling for .NET UWP
  Successfully closed issue #9666 as duplicate and removed label using GraphQL
  ✓ Issue #9666 updated successfully
Processing issue #9659: null exception when I try to include a property which parent can be null
  Found marked_as_duplicate event at 9/12/2017 7:48:50 PM +00:00
  Found canonical issue #9038 from event details
  Found canonical issue via GraphQL event details
  Found duplicate reference, linking to canonical issue
  Successfully closed issue #9659 as duplicate and removed label using GraphQL
  ✓ Issue #9659 updated successfully
Processing issue #9657: Unittesting with TestServer and InMemoryDatabase broken since upgrade to netcore 2.0
  Found marked_as_duplicate event at 8/31/2017 4:48:05 PM +00:00
  Found canonical issue #9613 from event details
  Found canonical issue via GraphQL event details
  Found duplicate reference, linking to canonical issue
  Successfully closed issue #9657 as duplicate and removed label using GraphQL
  ✓ Issue #9657 updated successfully
Processing issue #9631: Scaffold-DbContext with a nvarchar(4000) causes error
  Found marked_as_duplicate event at 8/31/2017 12:00:29 AM +00:00
  Found canonical issue #9188 from event details
  Found canonical issue via GraphQL event details
  Found duplicate reference, linking to canonical issue
  Successfully closed issue #9631 as duplicate and removed label using GraphQL
  ✓ Issue #9631 updated successfully
Processing issue #9619: System.NullReferenceException on .thenInclude when migrating to 2.0
  Found marked_as_duplicate event at 8/30/2017 11:31:22 PM +00:00
  Found canonical issue #9038 from event details
  Found canonical issue via GraphQL event details
  Found duplicate reference, linking to canonical issue
  Successfully closed issue #9619 as duplicate and removed label using GraphQL
  ✓ Issue #9619 updated successfully
Processing issue #9601: EF Core 1.1 Separate Assembly Migrations Not Considered
  Successfully closed issue #9601 as duplicate and removed label using GraphQL
  ✓ Issue #9601 updated successfully
Processing issue #9596: EFcore throws timeout exception on calling sp which takes more than 2 minutes
  Found marked_as_duplicate event at 8/28/2017 1:18:26 AM +00:00
  Found canonical issue #9513 from event details
  Found canonical issue via GraphQL event details
  Found duplicate reference, linking to canonical issue
  Successfully closed issue #9596 as duplicate and removed label using GraphQL
  ✓ Issue #9596 updated successfully
Processing issue #9595: sqlite max error when no record
  Found marked_as_duplicate event at 8/30/2017 9:13:00 PM +00:00
  Found canonical issue #9570 from event details
  Found canonical issue via GraphQL event details
  Found duplicate reference, linking to canonical issue
  Successfully closed issue #9595 as duplicate and removed label using GraphQL
  ✓ Issue #9595 updated successfully
Processing issue #9594: InMemory context is empty in TestServer after upgrade to EF Core 2
  Successfully closed issue #9594 as duplicate and removed label using GraphQL
  ✓ Issue #9594 updated successfully
Processing issue #9593: Include siblings syntactic sugar with AndInclude
  Successfully closed issue #9593 as duplicate and removed label using GraphQL
  ✓ Issue #9593 updated successfully
Processing issue #9575: Can't install Microsoft.EntityFrameworkCore.Sqlite.Core in UWP app
  Found marked_as_duplicate event at 8/25/2017 8:49:00 PM +00:00
  Found canonical issue #9401 from event details
  Found canonical issue via GraphQL event details
  Found duplicate reference, linking to canonical issue
  Successfully closed issue #9575 as duplicate and removed label using GraphQL
  ✓ Issue #9575 updated successfully
Processing issue #9574: Exception when calling AddDbContextPool more than once
  Found marked_as_duplicate event at 8/25/2017 8:27:13 PM +00:00
  Found canonical issue #9433 from event details
  Found canonical issue via GraphQL event details
  Found duplicate reference, linking to canonical issue
  Successfully closed issue #9574 as duplicate and removed label using GraphQL
  ✓ Issue #9574 updated successfully
Processing issue #9572: The given key was not present in the dictionary (System.Collections.Generic.KeyNotFoundException)
  Successfully closed issue #9572 as duplicate and removed label using GraphQL
  ✓ Issue #9572 updated successfully
Processing issue #9556: Owned types of eager loaded entities with `.Include(...)` are not loaded 
  Successfully closed issue #9556 as duplicate and removed label using GraphQL
  ✓ Issue #9556 updated successfully
Processing issue #9554: Could Find() be more general?
  Successfully closed issue #9554 as duplicate and removed label using GraphQL
  ✓ Issue #9554 updated successfully
Processing issue #9553: Multiple repeated records when using Include and ThenInclude
  Successfully closed issue #9553 as duplicate and removed label using GraphQL
  ✓ Issue #9553 updated successfully
Processing issue #9539: Support for navigation references in model-level query filters
  Successfully closed issue #9539 as duplicate and removed label using GraphQL
  ✓ Issue #9539 updated successfully
Processing issue #9534: Stack overflow after migration EF Core from 1.2 to 2.0
  Found marked_as_duplicate event at 8/23/2017 4:54:57 PM +00:00
  Found canonical issue #9478 from event details
  Found canonical issue via GraphQL event details
  Found duplicate reference, linking to canonical issue
  Successfully closed issue #9534 as duplicate and removed label using GraphQL
  ✓ Issue #9534 updated successfully
Processing issue #9521: Why isn't .HasMaxLength(X) being generated for nvarchar(X) in my model?
  Successfully closed issue #9521 as duplicate and removed label using GraphQL
  ✓ Issue #9521 updated successfully
Processing issue #9517: How to setting a model with table don't have any primary key column?
  Successfully closed issue #9517 as duplicate and removed label using GraphQL
  ✓ Issue #9517 updated successfully
Processing issue #9504: ReverseEngineering - partial classes
  Successfully closed issue #9504 as duplicate and removed label using GraphQL
  ✓ Issue #9504 updated successfully
Processing issue #9502: HasQueryFilter does not compile expression correctly in some cases
  Successfully closed issue #9502 as duplicate and removed label using GraphQL
  ✓ Issue #9502 updated successfully
Processing issue #9501: "Data type 'nvarchar' is not supported in this form" after scaffolding from database
  Found marked_as_duplicate event at 8/28/2017 6:49:08 PM +00:00
  Found canonical issue #9188 from event details
  Found canonical issue via GraphQL event details
  Found duplicate reference, linking to canonical issue
  Successfully closed issue #9501 as duplicate and removed label using GraphQL
  ✓ Issue #9501 updated successfully
Processing issue #9493: Model-level query sortings
  Successfully closed issue #9493 as duplicate and removed label using GraphQL
  ✓ Issue #9493 updated successfully
Processing issue #9491: Model-level Entity Filter Navigation Properties
  Successfully closed issue #9491 as duplicate and removed label using GraphQL
  ✓ Issue #9491 updated successfully
Processing issue #9486: Database first approach dbContext cannot query data after updated to 2.0.0 . Give 502.3 Bad Gateway error.
  Successfully closed issue #9486 as duplicate and removed label using GraphQL
  ✓ Issue #9486 updated successfully
Processing issue #9485: Mapping referenced entity only to the backing field
  Successfully closed issue #9485 as duplicate and removed label using GraphQL
  ✓ Issue #9485 updated successfully
Processing issue #9464: System.NullReferenceException on navigational property (2.0)
  Successfully closed issue #9464 as duplicate and removed label using GraphQL
  ✓ Issue #9464 updated successfully
Processing issue #9462: Migration from Core 1.1 to 2.0 not working
  Found marked_as_duplicate event at 8/23/2017 8:50:51 PM +00:00
  Found canonical issue #9478 from event details
  Found canonical issue via GraphQL event details
  Found duplicate reference, linking to canonical issue
  Successfully closed issue #9462 as duplicate and removed label using GraphQL
  ✓ Issue #9462 updated successfully
Processing issue #9459: Data type 'varchar' is not supported in this form. After updating to core 2.0
  Found marked_as_duplicate event at 8/18/2017 4:08:23 PM +00:00
  Found canonical issue #9188 from event details
  Found canonical issue via GraphQL event details
  Found duplicate reference, linking to canonical issue
  Successfully closed issue #9459 as duplicate and removed label using GraphQL
  ✓ Issue #9459 updated successfully
Processing issue #9449: fails on _IncludeAsync
  Successfully closed issue #9449 as duplicate and removed label using GraphQL
  ✓ Issue #9449 updated successfully
Processing issue #9445: OrderBy doesn't work if ThenInclude uses (or how to order nested collection)
  Successfully closed issue #9445 as duplicate and removed label using GraphQL
  ✓ Issue #9445 updated successfully
Processing issue #9438: Scaffolding of Sql Server DbContext does not handle properly nvarchar(4000) columns
  Successfully closed issue #9438 as duplicate and removed label using GraphQL
  ✓ Issue #9438 updated successfully
Processing issue #9436: What is the best way to remove entities from an untracked child collection
  Successfully closed issue #9436 as duplicate and removed label using GraphQL
  ✓ Issue #9436 updated successfully
Processing issue #9429: Add a way to observe transactions commit/rollback
  Successfully closed issue #9429 as duplicate and removed label using GraphQL
  ✓ Issue #9429 updated successfully
Processing issue #9427: Unable to determine the relationship represented by navigation property occurring issue after migration of asp.net core 1.1 to 2.0
  Successfully closed issue #9427 as duplicate and removed label using GraphQL
  ✓ Issue #9427 updated successfully
Processing issue #9425: ToList in Select hangs forever in EF Core 2.0
  Successfully closed issue #9425 as duplicate and removed label using GraphQL
  ✓ Issue #9425 updated successfully
Processing issue #9423: UWP Design: Better message when "the process has no package identity"
  Successfully closed issue #9423 as duplicate and removed label using GraphQL
  ✓ Issue #9423 updated successfully
Processing issue #9414: Create ToSql extension method
  Successfully closed issue #9414 as duplicate and removed label using GraphQL
  ✓ Issue #9414 updated successfully
Processing issue #9411: [question] Does EF Core 2.0 support GroupBy translate to SQL ?
  Successfully closed issue #9411 as duplicate and removed label using GraphQL
  ✓ Issue #9411 updated successfully
Processing issue #9385: Exclude field(s) from query
  Successfully closed issue #9385 as duplicate and removed label using GraphQL
  ✓ Issue #9385 updated successfully
Processing issue #9374: ThenInclude() not giving proper IntelliSense for many-to-many/junction tables
  Successfully closed issue #9374 as duplicate and removed label using GraphQL
  ✓ Issue #9374 updated successfully
Processing issue #9350: Asynchronous projecting entities with child collection properties
  Successfully closed issue #9350 as duplicate and removed label using GraphQL
  ✓ Issue #9350 updated successfully
Processing issue #9306: NRE on IncludeCompiler.IncludeLoadTreeNodeBase
  Successfully closed issue #9306 as duplicate and removed label using GraphQL
  ✓ Issue #9306 updated successfully
Processing issue #9297: Select only specific column for included table result in multiple round trip to server
  Successfully closed issue #9297 as duplicate and removed label using GraphQL
  ✓ Issue #9297 updated successfully
Processing issue #9293: ToListAsync never returns back after query execution
  Successfully closed issue #9293 as duplicate and removed label using GraphQL
  ✓ Issue #9293 updated successfully
Processing issue #9292: table name migration issue after updating to 2.0preview
  Found marked_as_duplicate event at 8/14/2017 9:47:35 PM +00:00
  Found canonical issue #8925 from event details
  Found canonical issue via GraphQL event details
  Found duplicate reference, linking to canonical issue
  Successfully closed issue #9292 as duplicate and removed label using GraphQL
  ✓ Issue #9292 updated successfully
Processing issue #9287: The entity type 'CoordinateSystem' requires a primary key to be defined.
  Found marked_as_duplicate event at 7/28/2017 4:37:14 AM +00:00
  Found canonical issue #1100 from event details
  Found canonical issue via GraphQL event details
  Found duplicate reference, linking to canonical issue
  Successfully closed issue #9287 as duplicate and removed label using GraphQL
  ✓ Issue #9287 updated successfully
Processing issue #9279: Command line help docs need to be update
  Found marked_as_duplicate event at 7/27/2017 8:54:56 PM +00:00
  Found canonical issue #424 from event details
  Found canonical issue via GraphQL event details
  Found duplicate reference, linking to canonical issue
  Successfully closed issue #9279 as duplicate and removed label using GraphQL
  ✓ Issue #9279 updated successfully
Processing issue #9276: Nullable field that is a part of unique constraint scaffolded with IsRequired()
  Found marked_as_duplicate event at 7/27/2017 9:08:32 PM +00:00
  Found canonical issue #7956 from event details
  Found canonical issue via GraphQL event details
  Found duplicate reference, linking to canonical issue
  Successfully closed issue #9276 as duplicate and removed label using GraphQL
  ✓ Issue #9276 updated successfully
Successfully processed 100 issues
Processing issues in dotnet/efcore...
Found 100 issues with 'closed-duplicate' label
Processing issue #9263: 2.0.0-preview2-final AddRange success, but similar Add fails tith "The property on entity type has a temporary value while attempting to change the entity's state to 'Unchanged'"
  Successfully closed issue #9263 as duplicate and removed label using GraphQL
  ✓ Issue #9263 updated successfully
Processing issue #9229: Add message to NotImplementedExceptions thrown from MigrationsSqlGenerator
  Successfully closed issue #9229 as duplicate and removed label using GraphQL
  ✓ Issue #9229 updated successfully
Processing issue #9225: Table naming convention ignores DbSet name and defaults to Entity name
  Successfully closed issue #9225 as duplicate and removed label using GraphQL
  ✓ Issue #9225 updated successfully
Processing issue #9201: Query: string concatenation where at least one operand in null translates to null, which is different than Linq to objects
  Found marked_as_duplicate event at 8/30/2017 4:35:22 AM +00:00
  Found canonical issue #3836 from event details
  Found canonical issue via GraphQL event details
  Found duplicate reference, linking to canonical issue
  Successfully closed issue #9201 as duplicate and removed label using GraphQL
  ✓ Issue #9201 updated successfully
Processing issue #9200: Key attribute with multiple foreign keys breaks schema generation
  Found marked_as_duplicate event at 7/18/2017 7:21:48 PM +00:00
  Found canonical issue #9180 from event details
  Found canonical issue via GraphQL event details
  Found duplicate reference, linking to canonical issue
  Successfully closed issue #9200 as duplicate and removed label using GraphQL
  ✓ Issue #9200 updated successfully
Processing issue #9198: The located assembly's manifest definition does not match the assembly reference. using ef-core pacages
  Found marked_as_duplicate event at 7/20/2017 7:15:10 PM +00:00
  Found canonical issue #7889 from event details
  Found canonical issue via GraphQL event details
  Found duplicate reference, linking to canonical issue
  Successfully closed issue #9198 as duplicate and removed label using GraphQL
  ✓ Issue #9198 updated successfully
Processing issue #9196: Projection covering child entities results in individual queries / value buffers
  Successfully closed issue #9196 as duplicate and removed label using GraphQL
  ✓ Issue #9196 updated successfully
Processing issue #9194: Using an object type as entity ID
  Successfully closed issue #9194 as duplicate and removed label using GraphQL
  ✓ Issue #9194 updated successfully
Processing issue #9193: SQL Server: Investigate current state of support for Always Encrypted
  Successfully closed issue #9193 as duplicate and removed label using GraphQL
  ✓ Issue #9193 updated successfully
Processing issue #9182: FromSqlQuerySqlServerTest fail if the connection opened and shared between the tests
  Found marked_as_duplicate event at 7/17/2017 6:40:58 PM +00:00
  Found canonical issue #9181 from event details
  Found canonical issue via GraphQL event details
  Found duplicate reference, linking to canonical issue
  Successfully closed issue #9182 as duplicate and removed label using GraphQL
  ✓ Issue #9182 updated successfully
Processing issue #9175: EF Migrations Assumes Something is wrong with the Implementation of DbContext classes if an error is thrown in ConfigureServices during startup
  Found marked_as_duplicate event at 7/17/2017 7:38:17 PM +00:00
  Found canonical issue #9073 from event details
  Found canonical issue via GraphQL event details
  Found duplicate reference, linking to canonical issue
  Successfully closed issue #9175 as duplicate and removed label using GraphQL
  ✓ Issue #9175 updated successfully
Processing issue #9169: Query: Error using a compare with a nullable boolean (again)
  Successfully closed issue #9169 as duplicate and removed label using GraphQL
  ✓ Issue #9169 updated successfully
Processing issue #9158: Support for WHERE in an INDEX
  Successfully closed issue #9158 as duplicate and removed label using GraphQL
  ✓ Issue #9158 updated successfully
Processing issue #9143: DefaultQuerySqlGenerator not flexible enough for provider override
  Successfully closed issue #9143 as duplicate and removed label using GraphQL
  ✓ Issue #9143 updated successfully
Processing issue #9136: Exception using 'ThenBy' in EF Core 2.0.0-preview2-final
  Successfully closed issue #9136 as duplicate and removed label using GraphQL
  ✓ Issue #9136 updated successfully
Processing issue #9116: Test: Run EFCore.SqlServer.FunctionalTests on SqlServer 2016 on ubuntu
  Successfully closed issue #9116 as duplicate and removed label using GraphQL
  ✓ Issue #9116 updated successfully
Processing issue #9014: Wrap Multiple Eager Loaded Queries that leverage Include in Repeatable Read transactions
  Successfully closed issue #9014 as duplicate and removed label using GraphQL
  ✓ Issue #9014 updated successfully
Processing issue #8952: NotSupportedException missing for different contexts
  Found marked_as_duplicate event at 5/17/2018 9:05:49 PM +00:00
  Found canonical issue #11101 from event details
  Found canonical issue via GraphQL event details
  Found duplicate reference, linking to canonical issue
  Successfully closed issue #8952 as duplicate and removed label using GraphQL
  ✓ Issue #8952 updated successfully
Processing issue #8937: Request: Interception point after entities are created
  Successfully closed issue #8937 as duplicate and removed label using GraphQL
  ✓ Issue #8937 updated successfully
Processing issue #8903: Error configuring cascade delete on self referenced model
  Successfully closed issue #8903 as duplicate and removed label using GraphQL
  ✓ Issue #8903 updated successfully
Processing issue #8880: 'ef migrations remove' uses designer files to walkback migrations
  Successfully closed issue #8880 as duplicate and removed label using GraphQL
  ✓ Issue #8880 updated successfully
Processing issue #8852: Support legacy code layout
  Successfully closed issue #8852 as duplicate and removed label using GraphQL
  ✓ Issue #8852 updated successfully
Processing issue #8819: How to get the mapping only, without also having to create the table?
  Successfully closed issue #8819 as duplicate and removed label using GraphQL
  ✓ Issue #8819 updated successfully
Processing issue #8799: Please add Visual Tooling for database first scenarios in Visual Studio
  Successfully closed issue #8799 as duplicate and removed label using GraphQL
  ✓ Issue #8799 updated successfully
Processing issue #8791: EnsureCreated: Don't log exceptions which we are catching at info level
  Successfully closed issue #8791 as duplicate and removed label using GraphQL
  ✓ Issue #8791 updated successfully
Processing issue #8761: the generated database table column sequence is different from the model class property definition sequence when code first generation
  Successfully closed issue #8761 as duplicate and removed label using GraphQL
  ✓ Issue #8761 updated successfully
Processing issue #8747: Do stored procedure calls still require an entity with a corresponding table?
  Successfully closed issue #8747 as duplicate and removed label using GraphQL
  ✓ Issue #8747 updated successfully
Processing issue #8746: Re-request: Specifying INCLUDES for an index
  Successfully closed issue #8746 as duplicate and removed label using GraphQL
  ✓ Issue #8746 updated successfully
Processing issue #8744: External disconnected entity change tracking system to interact with EF-server
  Successfully closed issue #8744 as duplicate and removed label using GraphQL
  ✓ Issue #8744 updated successfully
Processing issue #8728: EF Core code first Inheritance of separate tables
  Successfully closed issue #8728 as duplicate and removed label using GraphQL
  ✓ Issue #8728 updated successfully
Processing issue #8689: Scaffolding: Handle/Remove annotations which are there just to generate code
  Successfully closed issue #8689 as duplicate and removed label using GraphQL
  ✓ Issue #8689 updated successfully
Processing issue #8612: WIP - Separate Type Mappings for each type (DO NOT MERGE)
  ✗ Failed to process issue #8612: GraphQL errors: Could not resolve to Issue node with the global id of 'MDExOlB1bGxSZXF1ZXN0MTIyNjkzMDUy'.
Processing issue #8599: Constant strings for warnings/exceptions should be stored in resource files
  Successfully closed issue #8599 as duplicate and removed label using GraphQL
  ✓ Issue #8599 updated successfully
Processing issue #8594: Test: Refactor ReverseEngineer EndToEnd tests
  Successfully closed issue #8594 as duplicate and removed label using GraphQL
  ✓ Issue #8594 updated successfully
Processing issue #8570: nested Include not working
  Successfully closed issue #8570 as duplicate and removed label using GraphQL
  ✓ Issue #8570 updated successfully
Processing issue #8564: Missing doc comments in relational
  Successfully closed issue #8564 as duplicate and removed label using GraphQL
  ✓ Issue #8564 updated successfully
Processing issue #8540: Insert in dbcontext always uses default value for int and bit data types
  Successfully closed issue #8540 as duplicate and removed label using GraphQL
  ✓ Issue #8540 updated successfully
Processing issue #8531: N+1 Queries
  Successfully closed issue #8531 as duplicate and removed label using GraphQL
  ✓ Issue #8531 updated successfully
Processing issue #8521: Order by with Projection generates wrong SQL and breaks pagination
  Successfully closed issue #8521 as duplicate and removed label using GraphQL
  ✓ Issue #8521 updated successfully
Processing issue #8485: OnDelete is set to restrict, but foreign key still gets set to null
  Successfully closed issue #8485 as duplicate and removed label using GraphQL
  ✓ Issue #8485 updated successfully
Processing issue #8431: .net Core 1.1.2 and migrations issue
  Successfully closed issue #8431 as duplicate and removed label using GraphQL
  ✓ Issue #8431 updated successfully
Processing issue #8426: Index was out of range. Must be non-negative and less than the size of the collection.
  Successfully closed issue #8426 as duplicate and removed label using GraphQL
  ✓ Issue #8426 updated successfully
Processing issue #8425: Is it possible to declare a relationship as eager loaded?
  Successfully closed issue #8425 as duplicate and removed label using GraphQL
  ✓ Issue #8425 updated successfully
Processing issue #8424: Configuring HasField of navigation properties using Fluent API in EFCore
  Successfully closed issue #8424 as duplicate and removed label using GraphQL
  ✓ Issue #8424 updated successfully
Processing issue #8422: Suggestion: ScalarField<TPrimitive>
  Successfully closed issue #8422 as duplicate and removed label using GraphQL
  ✓ Issue #8422 updated successfully
Processing issue #8409: Summery Docs for RelationalQueryContextFactory
  Successfully closed issue #8409 as duplicate and removed label using GraphQL
  ✓ Issue #8409 updated successfully
Processing issue #8396: Unable to publish Asp.Net Core project with multiple projects to azure.
  Successfully closed issue #8396 as duplicate and removed label using GraphQL
  ✓ Issue #8396 updated successfully
Processing issue #8381: Remove unnecessary joins when multiple ThenIncludes of same Include Entity are queried 
  Successfully closed issue #8381 as duplicate and removed label using GraphQL
  ✓ Issue #8381 updated successfully
Processing issue #8378: Query: compilation error for include with groupby and FirstOrDefault/SingleOrDefault
  Found marked_as_duplicate event at 9/4/2019 6:38:51 AM +00:00
  Found canonical issue #17068 from event details
  Found canonical issue via GraphQL event details
  Found duplicate reference, linking to canonical issue
  Successfully closed issue #8378 as duplicate and removed label using GraphQL
  ✓ Issue #8378 updated successfully
Processing issue #8376: Query: translate SequenceEqual on byte[] (and other types?)
  Successfully closed issue #8376 as duplicate and removed label using GraphQL
  ✓ Issue #8376 updated successfully
Processing issue #8370: Varchar column sending unicode
  Successfully closed issue #8370 as duplicate and removed label using GraphQL
  ✓ Issue #8370 updated successfully
Processing issue #8367: It is not possible to select data in the database migration.
  Successfully closed issue #8367 as duplicate and removed label using GraphQL
  ✓ Issue #8367 updated successfully
Processing issue #8355: Feature Request: New Entity Type - SecureString
  Successfully closed issue #8355 as duplicate and removed label using GraphQL
  ✓ Issue #8355 updated successfully
Processing issue #8342: OnDelete restrict doesn't allow me delete an entity
  Successfully closed issue #8342 as duplicate and removed label using GraphQL
  ✓ Issue #8342 updated successfully
Processing issue #8324: Data type issue on Enumerable.Sum(TSource) method
  Successfully closed issue #8324 as duplicate and removed label using GraphQL
  ✓ Issue #8324 updated successfully
Processing issue #8320: EnsureCreated when multiple DbContext in one database
  Successfully closed issue #8320 as duplicate and removed label using GraphQL
  ✓ Issue #8320 updated successfully
Processing issue #8268: Is there any way to run dotnet ef command in Xamarin PLC .netstandard ?
  Successfully closed issue #8268 as duplicate and removed label using GraphQL
  ✓ Issue #8268 updated successfully
Processing issue #8266: [Unique] Data annotation 
  Successfully closed issue #8266 as duplicate and removed label using GraphQL
  ✓ Issue #8266 updated successfully
Processing issue #8248: Projected nav from First not included 
  Successfully closed issue #8248 as duplicate and removed label using GraphQL
  ✓ Issue #8248 updated successfully
Processing issue #8246: Where's the Migration Documentation?
  Successfully closed issue #8246 as duplicate and removed label using GraphQL
  ✓ Issue #8246 updated successfully
Processing issue #8241: Could not load file or assembly 'Microsoft.EntityFrameworkCore.Design, Culture=neutral, PublicKeyToken=null'. The system cannot find the file specified.
  Successfully closed issue #8241 as duplicate and removed label using GraphQL
  ✓ Issue #8241 updated successfully
Processing issue #8238: Projection and redundant order by with Navigation propery
  Successfully closed issue #8238 as duplicate and removed label using GraphQL
  ✓ Issue #8238 updated successfully
Processing issue #8229: Query: we shouldn't rewrite collection navigations if they are also being included
  Successfully closed issue #8229 as duplicate and removed label using GraphQL
  ✓ Issue #8229 updated successfully
Processing issue #8208: Async/wait deadlock when using “one-to-many” relationship and WebApi
  Found marked_as_duplicate event at 7/27/2017 8:26:20 PM +00:00
  Found canonical issue #9128 from event details
  Found canonical issue via GraphQL event details
  Found duplicate reference, linking to canonical issue
  Successfully closed issue #8208 as duplicate and removed label using GraphQL
  ✓ Issue #8208 updated successfully
Processing issue #8207: WHERE ... IN ... for .Contains(.Convert()) expressions issue
  Successfully closed issue #8207 as duplicate and removed label using GraphQL
  ✓ Issue #8207 updated successfully
Processing issue #8205: SQLite: decimal literals formatted incorrectly
  Successfully closed issue #8205 as duplicate and removed label using GraphQL
  ✓ Issue #8205 updated successfully
Processing issue #8203: sum of collection specified cast is not valid 
  Successfully closed issue #8203 as duplicate and removed label using GraphQL
  ✓ Issue #8203 updated successfully
Processing issue #8191: Linq Navigation join with nullable FK loads ALL(redundant) columns from second table.
  Successfully closed issue #8191 as duplicate and removed label using GraphQL
  ✓ Issue #8191 updated successfully
Processing issue #8171: [Feature] Interface mapping
  Successfully closed issue #8171 as duplicate and removed label using GraphQL
  ✓ Issue #8171 updated successfully
Processing issue #8162: Bug in query generation involving a Math.Round?
  Successfully closed issue #8162 as duplicate and removed label using GraphQL
  ✓ Issue #8162 updated successfully
Processing issue #8159: Remove DbContextFactoryOptions.ContentRootPath
  Successfully closed issue #8159 as duplicate and removed label using GraphQL
  ✓ Issue #8159 updated successfully
Processing issue #8155: Enhancement : allow to inject custom data merging service instead of throwing InvalidOperationException when adding and object already tracked with the same key
  Successfully closed issue #8155 as duplicate and removed label using GraphQL
  ✓ Issue #8155 updated successfully
Processing issue #8138: Lazy loading of non-navigation properties
  Successfully closed issue #8138 as duplicate and removed label using GraphQL
  ✓ Issue #8138 updated successfully
Processing issue #8111: Unexpected ignored includes
  Successfully closed issue #8111 as duplicate and removed label using GraphQL
  ✓ Issue #8111 updated successfully
Processing issue #8090: DotNet Core , No database provider has been configured for this DbContext
  Successfully closed issue #8090 as duplicate and removed label using GraphQL
  ✓ Issue #8090 updated successfully
Processing issue #8083: Query: projecting anonymous type containing entity and subquery returning a scalar results in N+1 queries
  Found marked_as_duplicate event at 5/2/2019 6:00:27 PM +00:00
  Found canonical issue #11186 from event details
  Found canonical issue via GraphQL event details
  Found duplicate reference, linking to canonical issue
  Successfully closed issue #8083 as duplicate and removed label using GraphQL
  ✓ Issue #8083 updated successfully
Processing issue #8079: Unable to perform Eager loading navigation properties on inherited types
  Successfully closed issue #8079 as duplicate and removed label using GraphQL
  ✓ Issue #8079 updated successfully
Processing issue #8078: Scaffold-DbContext: make an option to not capitalize table columns
  Successfully closed issue #8078 as duplicate and removed label using GraphQL
  ✓ Issue #8078 updated successfully
Processing issue #8071: Most of Expression ignored when generating SQL
  Successfully closed issue #8071 as duplicate and removed label using GraphQL
  ✓ Issue #8071 updated successfully
Processing issue #8069: Where condition on an include appears not to work
  Successfully closed issue #8069 as duplicate and removed label using GraphQL
  ✓ Issue #8069 updated successfully
Processing issue #8066: Where is WithMany()?
  Successfully closed issue #8066 as duplicate and removed label using GraphQL
  ✓ Issue #8066 updated successfully
Processing issue #8036: PK auto-generation breaks after DbUpdateException
  Successfully closed issue #8036 as duplicate and removed label using GraphQL
  ✓ Issue #8036 updated successfully
Processing issue #8026: Object reference not set to an instance of an object. at Microsoft.EntityFrameworkCore.Query.Internal.AsyncQueryingEnumerable.AsyncEnumerator.<BufferAllAsync>d__12.MoveNext()
  Successfully closed issue #8026 as duplicate and removed label using GraphQL
  ✓ Issue #8026 updated successfully
Processing issue #8025: DISTINCT Exception when sql xml column 
  Successfully closed issue #8025 as duplicate and removed label using GraphQL
  ✓ Issue #8025 updated successfully
Processing issue #8024: No parameterless constructor was found on 'ClientsContext'. Either add a parameterless constructor to 'ClientsContext' or add an implementation of 'IDbContextFactory<ClientsContext>' in the same assembly as 'ClientsContext'.
  Successfully closed issue #8024 as duplicate and removed label using GraphQL
  ✓ Issue #8024 updated successfully
Processing issue #8016: [Question] Conditional Include()
  Successfully closed issue #8016 as duplicate and removed label using GraphQL
  ✓ Issue #8016 updated successfully
Processing issue #8013: select from a Table-Valued Function (TVF) 
  Successfully closed issue #8013 as duplicate and removed label using GraphQL
  ✓ Issue #8013 updated successfully
Processing issue #7996: Message = "No value provided for required parameter '_outer_RegisterId'."
  Successfully closed issue #7996 as duplicate and removed label using GraphQL
  ✓ Issue #7996 updated successfully
Processing issue #7980: Scaffold-DbContext Use Schema in Object Name
  Successfully closed issue #7980 as duplicate and removed label using GraphQL
  ✓ Issue #7980 updated successfully
Processing issue #7971: Counting over group join returns wrong result
  Successfully closed issue #7971 as duplicate and removed label using GraphQL
  ✓ Issue #7971 updated successfully
Processing issue #7968: [Question] Joining on multiple predicates
  Successfully closed issue #7968 as duplicate and removed label using GraphQL
  ✓ Issue #7968 updated successfully
Processing issue #7945: Error when web deploy to azure an application with EF on Visual Studio 2017
  Successfully closed issue #7945 as duplicate and removed label using GraphQL
  ✓ Issue #7945 updated successfully
Processing issue #7942: Deploying DB Migrations from build output from pure PowerShell
  Successfully closed issue #7942 as duplicate and removed label using GraphQL
  ✓ Issue #7942 updated successfully
Processing issue #7935: Must be reducible node exception
  Successfully closed issue #7935 as duplicate and removed label using GraphQL
  ✓ Issue #7935 updated successfully
Processing issue #7934: Many-to-many support
  Successfully closed issue #7934 as duplicate and removed label using GraphQL
  ✓ Issue #7934 updated successfully
Processing issue #7932: Add support for Microsoft.EntityFrameworkCore.SqlServer in UWP
  Successfully closed issue #7932 as duplicate and removed label using GraphQL
  ✓ Issue #7932 updated successfully
Processing issue #7925: ArgumentOutOfRangeException when using DefaultIfEmpty
  Successfully closed issue #7925 as duplicate and removed label using GraphQL
  ✓ Issue #7925 updated successfully
Processing issue #7923: (Advice feature) Intercept sql generator to motify final sql statement
  Successfully closed issue #7923 as duplicate and removed label using GraphQL
  ✓ Issue #7923 updated successfully
Processing issue #7907: Updating to Moq 4.7 causes tests to fail
  Successfully closed issue #7907 as duplicate and removed label using GraphQL
  ✓ Issue #7907 updated successfully
Processing issue #7902: same as #7563?
  Successfully closed issue #7902 as duplicate and removed label using GraphQL
  ✓ Issue #7902 updated successfully
Successfully processed 99 issues
Processing issues in dotnet/efcore...
Found 100 issues with 'closed-duplicate' label
Processing issue #7892: Nested entities not tracked automatically?
  Successfully closed issue #7892 as duplicate and removed label using GraphQL
  ✓ Issue #7892 updated successfully
Processing issue #7869: EF Migrations fail when startup project is different from database project
  Successfully closed issue #7869 as duplicate and removed label using GraphQL
  ✓ Issue #7869 updated successfully
Processing issue #7866: Request: Allow default context to be set for tooling
  Successfully closed issue #7866 as duplicate and removed label using GraphQL
  ✓ Issue #7866 updated successfully
Processing issue #7859: Dropping a database throws InvalidOperationException after UserSecrets changes
  Successfully closed issue #7859 as duplicate and removed label using GraphQL
  ✓ Issue #7859 updated successfully
Processing issue #7858: While iterating over a DbSet, if an exception occurs, the exception isn't thrown until after all rows have been returned
  Successfully closed issue #7858 as duplicate and removed label using GraphQL
  ✓ Issue #7858 updated successfully
Processing issue #7854: Stored procedure CRUD mapping
  Successfully closed issue #7854 as duplicate and removed label using GraphQL
  ✓ Issue #7854 updated successfully
Processing issue #7846: Tooling/help for enabling Migrations on an existing database
  Successfully closed issue #7846 as duplicate and removed label using GraphQL
  ✓ Issue #7846 updated successfully
Processing issue #7832: Must be reducible node exception when performing expand
  Successfully closed issue #7832 as duplicate and removed label using GraphQL
  ✓ Issue #7832 updated successfully
Processing issue #7811: Error after upgrading to vs2017 and EFCore 1.1.1
  Successfully closed issue #7811 as duplicate and removed label using GraphQL
  ✓ Issue #7811 updated successfully
Processing issue #7806: odata v4 ef core 1.1.1 contains filter error
  Successfully closed issue #7806 as duplicate and removed label using GraphQL
  ✓ Issue #7806 updated successfully
Processing issue #7802: dotnet core headaches
  Successfully closed issue #7802 as duplicate and removed label using GraphQL
  ✓ Issue #7802 updated successfully
Processing issue #7799: Errors after upgrade from EF Core 1.1 to 1.1.1
  Successfully closed issue #7799 as duplicate and removed label using GraphQL
  ✓ Issue #7799 updated successfully
Processing issue #7796: global level handling of IsDeleted Filter
  Successfully closed issue #7796 as duplicate and removed label using GraphQL
  ✓ Issue #7796 updated successfully
Processing issue #7770: Query : compilation error for complex query with nested groupjoins and result operators
  Successfully closed issue #7770 as duplicate and removed label using GraphQL
  ✓ Issue #7770 updated successfully
Processing issue #7766: Sometimes SelectExpressions are pushed down unnecessarily
  Successfully closed issue #7766 as duplicate and removed label using GraphQL
  ✓ Issue #7766 updated successfully
Processing issue #7742: EF wants project.json in .NET Core 1.1
  Successfully closed issue #7742 as duplicate and removed label using GraphQL
  ✓ Issue #7742 updated successfully
Processing issue #7722: Query : error during compilation for queries with navigation properties and First/Single/client method operators inside a subquery
  Successfully closed issue #7722 as duplicate and removed label using GraphQL
  ✓ Issue #7722 updated successfully
Processing issue #7719: Update query fails when entity has GUID as primary-key
  Successfully closed issue #7719 as duplicate and removed label using GraphQL
  ✓ Issue #7719 updated successfully
Processing issue #7707: Many To Many self reference relationship with non-tree structure
  Successfully closed issue #7707 as duplicate and removed label using GraphQL
  ✓ Issue #7707 updated successfully
Processing issue #7705: Simple multilevel projection results in N+1 SQL Queries.
  Successfully closed issue #7705 as duplicate and removed label using GraphQL
  ✓ Issue #7705 updated successfully
Processing issue #7699: distinct not emitted in sql when selecting a declared type
  Successfully closed issue #7699 as duplicate and removed label using GraphQL
  ✓ Issue #7699 updated successfully
Processing issue #7682: Scaffold-DbContext does not emit warning messages for failed entity generation
  Successfully closed issue #7682 as duplicate and removed label using GraphQL
  ✓ Issue #7682 updated successfully
Processing issue #7664: Scaffolding creates an POCO for many to many relationships
  Successfully closed issue #7664 as duplicate and removed label using GraphQL
  ✓ Issue #7664 updated successfully
Processing issue #7652: Query: Navs: Compiler exception when projecting nav through GroupJoin
  Found marked_as_duplicate event at 9/4/2019 6:34:03 AM +00:00
  Found canonical issue #17068 from event details
  Found canonical issue via GraphQL event details
  Found duplicate reference, linking to canonical issue
  Successfully closed issue #7652 as duplicate and removed label using GraphQL
  ✓ Issue #7652 updated successfully
Processing issue #7642: Adding IDENTIFY to a an existing column
  Successfully closed issue #7642 as duplicate and removed label using GraphQL
  ✓ Issue #7642 updated successfully
Processing issue #7640: Unit test failing in Visual Studio 2017 RC.
  Successfully closed issue #7640 as duplicate and removed label using GraphQL
  ✓ Issue #7640 updated successfully
Processing issue #7630: Identifier Expected error when executing migration
  Successfully closed issue #7630 as duplicate and removed label using GraphQL
  ✓ Issue #7630 updated successfully
Processing issue #7612: Query: Apply CompositePredicateVisitor on all parts of SelectExpression
  Successfully closed issue #7612 as duplicate and removed label using GraphQL
  ✓ Issue #7612 updated successfully
Processing issue #7584: EF1.0.1 -> 1.1.0 migration indexes only a side of many-to-many relationship
  Successfully closed issue #7584 as duplicate and removed label using GraphQL
  ✓ Issue #7584 updated successfully
Processing issue #7579: Nullable navigation property used in anonymous result selects all fields from main table
  Successfully closed issue #7579 as duplicate and removed label using GraphQL
  ✓ Issue #7579 updated successfully
Processing issue #7569: Navigations: Projected collection navigations tracking/fixup issues.
  Successfully closed issue #7569 as duplicate and removed label using GraphQL
  ✓ Issue #7569 updated successfully
Processing issue #7565: Change tracking of entity, selected with conditional expression
  Found marked_as_duplicate event at 8/30/2017 4:42:46 AM +00:00
  Found canonical issue #5008 from event details
  Found canonical issue via GraphQL event details
  Found duplicate reference, linking to canonical issue
  Successfully closed issue #7565 as duplicate and removed label using GraphQL
  ✓ Issue #7565 updated successfully
Processing issue #7561: Option to only use explicitly specified columns
  Successfully closed issue #7561 as duplicate and removed label using GraphQL
  ✓ Issue #7561 updated successfully
Processing issue #7546: async with certain select query fails with "Incorrect number of arguments"
  Successfully closed issue #7546 as duplicate and removed label using GraphQL
  ✓ Issue #7546 updated successfully
Processing issue #7529: Reverse engineering (Scaffold) Precision for Decimal Type not working
  Successfully closed issue #7529 as duplicate and removed label using GraphQL
  ✓ Issue #7529 updated successfully
Processing issue #7524: SQLite3 Child entites do not get added when parent is added.
  Successfully closed issue #7524 as duplicate and removed label using GraphQL
  ✓ Issue #7524 updated successfully
Processing issue #7518: Investigate update pipeline numbers on perf site.
  Successfully closed issue #7518 as duplicate and removed label using GraphQL
  ✓ Issue #7518 updated successfully
Processing issue #7509: Problem when changing the type of table-per-hierarchy entry
  Successfully closed issue #7509 as duplicate and removed label using GraphQL
  ✓ Issue #7509 updated successfully
Processing issue #7490:  HierarchyId Support [Discussion Link]
  Successfully closed issue #7490 as duplicate and removed label using GraphQL
  ✓ Issue #7490 updated successfully
Processing issue #7487: AddAsync not saved related entities
  Successfully closed issue #7487 as duplicate and removed label using GraphQL
  ✓ Issue #7487 updated successfully
Processing issue #7466: Consider combining core convention set builder with provider-specific builder
  Found marked_as_duplicate event at 4/18/2018 1:01:19 AM +00:00
  Found canonical issue #10672 from event details
  Found canonical issue via GraphQL event details
  Found duplicate reference, linking to canonical issue
  Successfully closed issue #7466 as duplicate and removed label using GraphQL
  ✓ Issue #7466 updated successfully
Processing issue #7461: Add sugar to get the underlying column type
  Successfully closed issue #7461 as duplicate and removed label using GraphQL
  ✓ Issue #7461 updated successfully
Processing issue #7455: Probable bug to the integrate two or more DbContext
  Successfully closed issue #7455 as duplicate and removed label using GraphQL
  ✓ Issue #7455 updated successfully
Processing issue #7444: To change the IDENTITY property of a column, the column needs to be dropped and recreated
  Successfully closed issue #7444 as duplicate and removed label using GraphQL
  ✓ Issue #7444 updated successfully
Processing issue #7443: Scaffold-DbContext, MSSQL, column names reverse to camelCase
  Successfully closed issue #7443 as duplicate and removed label using GraphQL
  ✓ Issue #7443 updated successfully
Processing issue #7435: Include after select not load navigation property
  Successfully closed issue #7435 as duplicate and removed label using GraphQL
  ✓ Issue #7435 updated successfully
Processing issue #7428: SQL generation issue when doing a SUM with a column Coalesce function in it
  Successfully closed issue #7428 as duplicate and removed label using GraphQL
  ✓ Issue #7428 updated successfully
Processing issue #7423: Design: 1.1.0-preview4-final tooling: appsettings.json not loading when using dotnet ef migrations command
  Successfully closed issue #7423 as duplicate and removed label using GraphQL
  ✓ Issue #7423 updated successfully
Processing issue #7416: GroupJoin does not correctly translate resultSelector to SQL.
  Successfully closed issue #7416 as duplicate and removed label using GraphQL
  ✓ Issue #7416 updated successfully
Processing issue #7413: Model-level Entity Filters
  Successfully closed issue #7413 as duplicate and removed label using GraphQL
  ✓ Issue #7413 updated successfully
Processing issue #7409: Accessing DbContext from model
  Successfully closed issue #7409 as duplicate and removed label using GraphQL
  ✓ Issue #7409 updated successfully
Processing issue #7408: Complex Type Implementation for EF Core
  Successfully closed issue #7408 as duplicate and removed label using GraphQL
  ✓ Issue #7408 updated successfully
Processing issue #7396: Migrations tries to drop index before creating the index
  Successfully closed issue #7396 as duplicate and removed label using GraphQL
  ✓ Issue #7396 updated successfully
Processing issue #7385: Nullifying One to Zero or One related data while detached (sqlite) doesn't update its column on the db table upon Update call
  Successfully closed issue #7385 as duplicate and removed label using GraphQL
  ✓ Issue #7385 updated successfully
Processing issue #7376: MissingMethodException when upgrading to entity framework core with mysql
  Successfully closed issue #7376 as duplicate and removed label using GraphQL
  ✓ Issue #7376 updated successfully
Processing issue #7372: Provider for Document DB
  Successfully closed issue #7372 as duplicate and removed label using GraphQL
  ✓ Issue #7372 updated successfully
Processing issue #7371: Command Interception
  Successfully closed issue #7371 as duplicate and removed label using GraphQL
  ✓ Issue #7371 updated successfully
Processing issue #7347: SQLite default column value overrides the passed value on initial create.
  Successfully closed issue #7347 as duplicate and removed label using GraphQL
  ✓ Issue #7347 updated successfully
Processing issue #7341: Can´t generate migrations using .NET Core Tools MSBuild from the CLI
  Successfully closed issue #7341 as duplicate and removed label using GraphQL
  ✓ Issue #7341 updated successfully
Processing issue #7337: Migrations: Detect renamed entity types
  Successfully closed issue #7337 as duplicate and removed label using GraphQL
  ✓ Issue #7337 updated successfully
Processing issue #7334: Attaching an entity with a mix of existing and new entities in its graph
  Successfully closed issue #7334 as duplicate and removed label using GraphQL
  ✓ Issue #7334 updated successfully
Processing issue #7333: Limitations of DbSet.Local; DbContext.StateChange event needed.
  Successfully closed issue #7333 as duplicate and removed label using GraphQL
  ✓ Issue #7333 updated successfully
Processing issue #7310: Unable to generate model from database in Visual Studio 2017 RC
  Successfully closed issue #7310 as duplicate and removed label using GraphQL
  ✓ Issue #7310 updated successfully
Processing issue #7307: Bug when generating SQL
  Successfully closed issue #7307 as duplicate and removed label using GraphQL
  ✓ Issue #7307 updated successfully
Processing issue #7304: Wrong Left Join Projection
  Successfully closed issue #7304 as duplicate and removed label using GraphQL
  ✓ Issue #7304 updated successfully
Processing issue #7303: The associated entity ID wasn't generated when using AddAsync method
  Successfully closed issue #7303 as duplicate and removed label using GraphQL
  ✓ Issue #7303 updated successfully
Processing issue #7288: Adding a foriegn key using `ApplicationUser` (Identity) fails
  Successfully closed issue #7288 as duplicate and removed label using GraphQL
  ✓ Issue #7288 updated successfully
Processing issue #7284: Count of products inside async method does not work
  Successfully closed issue #7284 as duplicate and removed label using GraphQL
  ✓ Issue #7284 updated successfully
Processing issue #7282: ValueGeneratedOnAdd index is not reset across InMemoryDatabase instances
  Successfully closed issue #7282 as duplicate and removed label using GraphQL
  ✓ Issue #7282 updated successfully
Processing issue #7278: SQLite: Deletion is not cascaded to untracked entities
  Successfully closed issue #7278 as duplicate and removed label using GraphQL
  ✓ Issue #7278 updated successfully
Processing issue #7272: Problem with a model (don't know how to explain it)
  Successfully closed issue #7272 as duplicate and removed label using GraphQL
  ✓ Issue #7272 updated successfully
Processing issue #7265: Scaffold generating incorrect configuration on OnModelCreating
  Successfully closed issue #7265 as duplicate and removed label using GraphQL
  ✓ Issue #7265 updated successfully
Processing issue #7261: Feature Request: Updating the database with different entity reference
  Successfully closed issue #7261 as duplicate and removed label using GraphQL
  ✓ Issue #7261 updated successfully
Processing issue #7256: Does EF Core support bulk-insert/update/delete?
  Successfully closed issue #7256 as duplicate and removed label using GraphQL
  ✓ Issue #7256 updated successfully
Processing issue #7250:  Identity value generation can only be used with signed integer properties.
  Successfully closed issue #7250 as duplicate and removed label using GraphQL
  ✓ Issue #7250 updated successfully
Processing issue #7237: Design: Startup.ConfigureServices not invoked
  Successfully closed issue #7237 as duplicate and removed label using GraphQL
  ✓ Issue #7237 updated successfully
Processing issue #7231: Using a Select loading query with one-to-one relationship included produces inefficient SQL
  Successfully closed issue #7231 as duplicate and removed label using GraphQL
  ✓ Issue #7231 updated successfully
Processing issue #7225: Review MethodCallTranslators that match on method name instead of MethodInfo
  Successfully closed issue #7225 as duplicate and removed label using GraphQL
  ✓ Issue #7225 updated successfully
Processing issue #7214: Pre-generated entity model binding support?
  Successfully closed issue #7214 as duplicate and removed label using GraphQL
  ✓ Issue #7214 updated successfully
Processing issue #7198: LINQ statements that worked in EF Core 1.0.1 throw exceptions in EF Core 1.1.0
  Successfully closed issue #7198 as duplicate and removed label using GraphQL
  ✓ Issue #7198 updated successfully
Processing issue #7195: Test: Allow parallel execution of functional tests 
  Successfully closed issue #7195 as duplicate and removed label using GraphQL
  ✓ Issue #7195 updated successfully
Processing issue #7188: Use INSERT w/OUTPUT Instead of INSERT+SELECT
  Successfully closed issue #7188 as duplicate and removed label using GraphQL
  ✓ Issue #7188 updated successfully
Processing issue #7182: Migrations on other servers (not development) Question
  Successfully closed issue #7182 as duplicate and removed label using GraphQL
  ✓ Issue #7182 updated successfully
Processing issue #7173: Ef Core 1.1 Error - Invalid JSON file in C:\Projects\project.json
  Successfully closed issue #7173 as duplicate and removed label using GraphQL
  ✓ Issue #7173 updated successfully
Processing issue #7171: Database is deleted after saving changes when using the Sqlite provider 'in-memory' mode
  Successfully closed issue #7171 as duplicate and removed label using GraphQL
  ✓ Issue #7171 updated successfully
Processing issue #7156: using dotnet ef on published projects
  Successfully closed issue #7156 as duplicate and removed label using GraphQL
  ✓ Issue #7156 updated successfully
Processing issue #7140: Pluralization Support - EFCore 1.1
  Successfully closed issue #7140 as duplicate and removed label using GraphQL
  ✓ Issue #7140 updated successfully
Processing issue #7133: The entity type 'Uri' requires a primary key to be defined (EF Core 1.1)
  Successfully closed issue #7133 as duplicate and removed label using GraphQL
  ✓ Issue #7133 updated successfully
Processing issue #7124: How can I inject codes after entity created
  Successfully closed issue #7124 as duplicate and removed label using GraphQL
  ✓ Issue #7124 updated successfully
Processing issue #7121: Wrong SQL query generation
  Successfully closed issue #7121 as duplicate and removed label using GraphQL
  ✓ Issue #7121 updated successfully
Processing issue #7117: EF Core 1.1 Microsoft.EntityFrameworkCore.Sqlite package fails Windows App Certification Test
  Successfully closed issue #7117 as duplicate and removed label using GraphQL
  ✓ Issue #7117 updated successfully
Processing issue #7109: Couldn't Load File or Assembly - EntityFrameworkCore 
  Successfully closed issue #7109 as duplicate and removed label using GraphQL
  ✓ Issue #7109 updated successfully
Processing issue #7104: Entity framework package manager console commands run from the wrong directory
  Successfully closed issue #7104 as duplicate and removed label using GraphQL
  ✓ Issue #7104 updated successfully
Processing issue #7089: EF Core 1.0 not including columns with default values in insert into query
  Found marked_as_duplicate event at 6/16/2025 9:56:59 AM +00:00
  Found canonical issue #15323 from event details
  Found canonical issue via GraphQL event details
  Found duplicate reference, linking to canonical issue
  Successfully closed issue #7089 as duplicate and removed label using GraphQL
  ✓ Issue #7089 updated successfully
Processing issue #7085: Changing SQL computed column - migration generates wrong SQL; ALTER instead of DROP/ADD
  Successfully closed issue #7085 as duplicate and removed label using GraphQL
  ✓ Issue #7085 updated successfully
Processing issue #7076: Dotnet ef error "Unrecognized option '--config'"
  Successfully closed issue #7076 as duplicate and removed label using GraphQL
  ✓ Issue #7076 updated successfully
Processing issue #7072: Scaffolding not working, _EFGetProjectMetadata does not exist! Visual Studio 2017RC
  Successfully closed issue #7072 as duplicate and removed label using GraphQL
  ✓ Issue #7072 updated successfully
Processing issue #7068: Problem with database first scaffolding
  Successfully closed issue #7068 as duplicate and removed label using GraphQL
  ✓ Issue #7068 updated successfully
Processing issue #7064: Cannot be tracked because another instance of this type with the same key is already being tracked
  Successfully closed issue #7064 as duplicate and removed label using GraphQL
  ✓ Issue #7064 updated successfully
Processing issue #7054: SqliteContainsOptimizedTranslator doesn't work when using wildcards
  Successfully closed issue #7054 as duplicate and removed label using GraphQL
  ✓ Issue #7054 updated successfully
Successfully processed 100 issues
Processing issues in dotnet/efcore...
Found 100 issues with 'closed-duplicate' label
Processing issue #7042: DbSet.Find support for Eager Loading
  Successfully closed issue #7042 as duplicate and removed label using GraphQL
  ✓ Issue #7042 updated successfully
Processing issue #7039: Model building: Cycles not detected properly
  Successfully closed issue #7039 as duplicate and removed label using GraphQL
  ✓ Issue #7039 updated successfully
Processing issue #7032: Execution of Stored Procedure in EF Core for anonymous return type.
  Successfully closed issue #7032 as duplicate and removed label using GraphQL
  ✓ Issue #7032 updated successfully
Processing issue #7030: SQLite Error 1: near 'max' syntax error
  Successfully closed issue #7030 as duplicate and removed label using GraphQL
  ✓ Issue #7030 updated successfully
Processing issue #7015: Work with Nuget packages containing DbContexts and Migrations. / Work with separate dlls containing context. 
  Successfully closed issue #7015 as duplicate and removed label using GraphQL
  ✓ Issue #7015 updated successfully
Processing issue #7013: Includes Not Honored After Recreating Context
  Successfully closed issue #7013 as duplicate and removed label using GraphQL
  ✓ Issue #7013 updated successfully
Processing issue #7011: Deleting bulk items by ID (e.g. Integrating Extended Entity Framework Features?)
  Successfully closed issue #7011 as duplicate and removed label using GraphQL
  ✓ Issue #7011 updated successfully
Processing issue #7008: Add-Migration fails when AudioRoutingEndpoint is used within UWP App
  Successfully closed issue #7008 as duplicate and removed label using GraphQL
  ✓ Issue #7008 updated successfully
Processing issue #7007: Data Annotations seems doesn't work in derived class 
  Successfully closed issue #7007 as duplicate and removed label using GraphQL
  ✓ Issue #7007 updated successfully
Processing issue #6978: Changing PK Identity Column to DatabaseGeneratedOption.None does not generate correct migration for SQL server
  Successfully closed issue #6978 as duplicate and removed label using GraphQL
  ✓ Issue #6978 updated successfully
Processing issue #6966: Queries on non unicode string column should not prefix strings with N
  Successfully closed issue #6966 as duplicate and removed label using GraphQL
  ✓ Issue #6966 updated successfully
Processing issue #6958: Auto generated Guid value in Composite Key
  Successfully closed issue #6958 as duplicate and removed label using GraphQL
  ✓ Issue #6958 updated successfully
Processing issue #6952: Applying Count() to AutoMapper->EF mapped Queryable throws System.ArgumentException
  Successfully closed issue #6952 as duplicate and removed label using GraphQL
  ✓ Issue #6952 updated successfully
Processing issue #6931: No executable found matching command "dotnet-ef"
  Successfully closed issue #6931 as duplicate and removed label using GraphQL
  ✓ Issue #6931 updated successfully
Processing issue #6910: Update a production Sqlite database after publish.
  Successfully closed issue #6910 as duplicate and removed label using GraphQL
  ✓ Issue #6910 updated successfully
Processing issue #6901: SQL Server: Set nullable unique index filter using convention
  Successfully closed issue #6901 as duplicate and removed label using GraphQL
  ✓ Issue #6901 updated successfully
Processing issue #6894: No executable found matching command "dotnet-ef"
  Successfully closed issue #6894 as duplicate and removed label using GraphQL
  ✓ Issue #6894 updated successfully
Processing issue #6852: select value from dropdown 
  Successfully closed issue #6852 as duplicate and removed label using GraphQL
  ✓ Issue #6852 updated successfully
Processing issue #6847: Update database against LocalDB does not work
  Successfully closed issue #6847 as duplicate and removed label using GraphQL
  ✓ Issue #6847 updated successfully
Processing issue #6846: dotnet ef Doesn't Respect ASPNETCORE_ENVIRONMENT Value
  Successfully closed issue #6846 as duplicate and removed label using GraphQL
  ✓ Issue #6846 updated successfully
Processing issue #6830: No Database connection from Ubuntu 14.04 LTS to SQL Server 2008 R2
  Successfully closed issue #6830 as duplicate and removed label using GraphQL
  ✓ Issue #6830 updated successfully
Processing issue #6809: Query: Use parameterization when Contains() only has a small number of elements
  Found marked_as_duplicate event at 9/21/2018 7:02:34 PM +00:00
  Found canonical issue #12777 from event details
  Found canonical issue via GraphQL event details
  Found duplicate reference, linking to canonical issue
  Successfully closed issue #6809 as duplicate and removed label using GraphQL
  ✓ Issue #6809 updated successfully
Processing issue #6797: Where clause with navigation property not translate correctly and then it's evaluate locally
  Successfully closed issue #6797 as duplicate and removed label using GraphQL
  ✓ Issue #6797 updated successfully
Processing issue #6791: OSX connection to SQL Server within ASP.Net core
  Successfully closed issue #6791 as duplicate and removed label using GraphQL
  ✓ Issue #6791 updated successfully
Processing issue #6779: Using Select with Include generates terribly inefficient SQL
  Successfully closed issue #6779 as duplicate and removed label using GraphQL
  ✓ Issue #6779 updated successfully
Processing issue #6763: generated wrong SQL when use where TableA.TableB.Field == 'abc'
  Successfully closed issue #6763 as duplicate and removed label using GraphQL
  ✓ Issue #6763 updated successfully
Processing issue #6738: Base entity inheritance and readonly properties
  Successfully closed issue #6738 as duplicate and removed label using GraphQL
  ✓ Issue #6738 updated successfully
Processing issue #6712: With a standard dbContext (Scoped), my context is being shared across requests.
  Successfully closed issue #6712 as duplicate and removed label using GraphQL
  ✓ Issue #6712 updated successfully
Processing issue #6711: No possible to load related Data per level with .Include and .ThenInclude
  Successfully closed issue #6711 as duplicate and removed label using GraphQL
  ✓ Issue #6711 updated successfully
Processing issue #6705: Consider adding more services to IDatabaseProviderServices or IRelationalDatabaseProviderServices
  Successfully closed issue #6705 as duplicate and removed label using GraphQL
  ✓ Issue #6705 updated successfully
Processing issue #6693: Microsoft.EntityFrameworkCore.Sqlite 1.0.1 Migration Fails
  Successfully closed issue #6693 as duplicate and removed label using GraphQL
  ✓ Issue #6693 updated successfully
Processing issue #6685: Unable to fetch parent entity with children that only match a certain criteria
  Successfully closed issue #6685 as duplicate and removed label using GraphQL
  ✓ Issue #6685 updated successfully
Processing issue #6663: fromsql why???
  Successfully closed issue #6663 as duplicate and removed label using GraphQL
  ✓ Issue #6663 updated successfully
Processing issue #6661: Add-Migration - Failed...
  Successfully closed issue #6661 as duplicate and removed label using GraphQL
  ✓ Issue #6661 updated successfully
Processing issue #6660: Query: enable synthesizing rows from list/array of constant values to allow more queries to be server-evaluated
  Found marked_as_duplicate event at 4/27/2023 8:54:40 PM +00:00
  Found canonical issue #30426 from event details
  Found canonical issue via GraphQL event details
  Found duplicate reference, linking to canonical issue
  Successfully closed issue #6660 as duplicate and removed label using GraphQL
  ✓ Issue #6660 updated successfully
Processing issue #6648: Poor performance when using subquery
  Successfully closed issue #6648 as duplicate and removed label using GraphQL
  ✓ Issue #6648 updated successfully
Processing issue #6634: Linq is generating left join SQL without Where
  Successfully closed issue #6634 as duplicate and removed label using GraphQL
  ✓ Issue #6634 updated successfully
Processing issue #6627: Bool property with default true value, will always be saved as true
  Successfully closed issue #6627 as duplicate and removed label using GraphQL
  ✓ Issue #6627 updated successfully
Processing issue #6604: Batching Limits
  Successfully closed issue #6604 as duplicate and removed label using GraphQL
  ✓ Issue #6604 updated successfully
Processing issue #6575: Composite keys with one auto incrementing field fails on AddRange()
  Successfully closed issue #6575 as duplicate and removed label using GraphQL
  ✓ Issue #6575 updated successfully
Processing issue #6573: Query: Problems with GroupBy and nested selects
  Found marked_as_duplicate event at 9/4/2019 6:24:09 AM +00:00
  Found canonical issue #17068 from event details
  Found canonical issue via GraphQL event details
  Found duplicate reference, linking to canonical issue
  Successfully closed issue #6573 as duplicate and removed label using GraphQL
  ✓ Issue #6573 updated successfully
Processing issue #6569: LINQ Include Query with .Take(int) results in pulling all results from the database
  Successfully closed issue #6569 as duplicate and removed label using GraphQL
  ✓ Issue #6569 updated successfully
Processing issue #6567: Feature Request - Insert-Select, Update and Delete with Lambda
  Successfully closed issue #6567 as duplicate and removed label using GraphQL
  ✓ Issue #6567 updated successfully
Processing issue #6565: EnsureCreatedAsync does not allow to set collation
  Successfully closed issue #6565 as duplicate and removed label using GraphQL
  ✓ Issue #6565 updated successfully
Processing issue #6562: Need TransactionScope in .net core.
  Successfully closed issue #6562 as duplicate and removed label using GraphQL
  ✓ Issue #6562 updated successfully
Processing issue #6551: Add-Migration doesn't work in a UWP project with EF Core 1.0.1
  Successfully closed issue #6551 as duplicate and removed label using GraphQL
  ✓ Issue #6551 updated successfully
Processing issue #6541: Many to Many configuration, no WithMany after HasMany
  Successfully closed issue #6541 as duplicate and removed label using GraphQL
  ✓ Issue #6541 updated successfully
Processing issue #6540: EntityFrameWork in ClassLibrary
  Successfully closed issue #6540 as duplicate and removed label using GraphQL
  ✓ Issue #6540 updated successfully
Processing issue #6538: Decimal is truncated when saving multiple records on SQL Server
  Successfully closed issue #6538 as duplicate and removed label using GraphQL
  ✓ Issue #6538 updated successfully
Processing issue #6535: Having IPreUpdateEventListener & IPreInsertEventListener in EF Core
  Successfully closed issue #6535 as duplicate and removed label using GraphQL
  ✓ Issue #6535 updated successfully
Processing issue #6515: An exception occurred in the database while iterating the results of a query.
  Successfully closed issue #6515 as duplicate and removed label using GraphQL
  ✓ Issue #6515 updated successfully
Processing issue #6514: [Question] - DbContext in seperate library project
  Successfully closed issue #6514 as duplicate and removed label using GraphQL
  ✓ Issue #6514 updated successfully
Processing issue #6511: Enum value in order by clause as int
  Successfully closed issue #6511 as duplicate and removed label using GraphQL
  ✓ Issue #6511 updated successfully
Processing issue #6510: "POCO" Convention" and EntitySuffix in Scaffold-DbContext?
  Successfully closed issue #6510 as duplicate and removed label using GraphQL
  ✓ Issue #6510 updated successfully
Processing issue #6509: Scaffold-DbContext Namespace is Incorrect
  Successfully closed issue #6509 as duplicate and removed label using GraphQL
  ✓ Issue #6509 updated successfully
Processing issue #6506: InvalidCastException with simple Select() - very specific scenario
  Successfully closed issue #6506 as duplicate and removed label using GraphQL
  ✓ Issue #6506 updated successfully
Processing issue #6494: MSBuild-ify tools
  Successfully closed issue #6494 as duplicate and removed label using GraphQL
  ✓ Issue #6494 updated successfully
Processing issue #6467: Colud not load assembly
  Successfully closed issue #6467 as duplicate and removed label using GraphQL
  ✓ Issue #6467 updated successfully
Processing issue #6466: Required-to-optional (one-to-zero or one-to-one) relationships - not supported/bug?
  Successfully closed issue #6466 as duplicate and removed label using GraphQL
  ✓ Issue #6466 updated successfully
Processing issue #6460: Where clause on optional navigation causes client-side evaluation
  Successfully closed issue #6460 as duplicate and removed label using GraphQL
  ✓ Issue #6460 updated successfully
Processing issue #6459: Identity Column Not Applied When Updating Database
  Successfully closed issue #6459 as duplicate and removed label using GraphQL
  ✓ Issue #6459 updated successfully
Processing issue #6455: `SingleOrDefault` causes `QueryClientEvaluationWarning`
  Successfully closed issue #6455 as duplicate and removed label using GraphQL
  ✓ Issue #6455 updated successfully
Processing issue #6449: SQL Server: Key is not the same length or scale as referencing column
  Successfully closed issue #6449 as duplicate and removed label using GraphQL
  ✓ Issue #6449 updated successfully
Processing issue #6440: Policy validation
  Successfully closed issue #6440 as duplicate and removed label using GraphQL
  ✓ Issue #6440 updated successfully
Processing issue #6410: Where can I find tutorial for deployment of entity framework migrations to production?
  Successfully closed issue #6410 as duplicate and removed label using GraphQL
  ✓ Issue #6410 updated successfully
Processing issue #6397: LIKE operator generated for SQLite becomes case sensitive in .Net Native apps
  Successfully closed issue #6397 as duplicate and removed label using GraphQL
  ✓ Issue #6397 updated successfully
Processing issue #6385: NotMapped attribute ignored in RTM
  Successfully closed issue #6385 as duplicate and removed label using GraphQL
  ✓ Issue #6385 updated successfully
Processing issue #6382: VS Intellisense incorrect for ThenInclude on Collection
  Successfully closed issue #6382 as duplicate and removed label using GraphQL
  ✓ Issue #6382 updated successfully
Processing issue #6380: Query: Incorrect table select for star projection in subquery
  Successfully closed issue #6380 as duplicate and removed label using GraphQL
  ✓ Issue #6380 updated successfully
Processing issue #6367: Migration generator missing the namespace System.Collections.Generic in MySQL for ef core
  Successfully closed issue #6367 as duplicate and removed label using GraphQL
  ✓ Issue #6367 updated successfully
Processing issue #6355: "Contains" condition is ignored
  Found marked_as_duplicate event at 11/13/2019 11:09:52 PM +00:00
  Found canonical issue #13524 from event details
  Found canonical issue via GraphQL event details
  Found duplicate reference, linking to canonical issue
  Successfully closed issue #6355 as duplicate and removed label using GraphQL
  ✓ Issue #6355 updated successfully
Processing issue #6347: NullReferenceException querying joined object
  Successfully closed issue #6347 as duplicate and removed label using GraphQL
  ✓ Issue #6347 updated successfully
Processing issue #6333: EntityFrameworkCore large Insert works in debug mode only
  Successfully closed issue #6333 as duplicate and removed label using GraphQL
  ✓ Issue #6333 updated successfully
Processing issue #6301: Select request on nullable foreign key
  Successfully closed issue #6301 as duplicate and removed label using GraphQL
  ✓ Issue #6301 updated successfully
Processing issue #6298: Using [Key] attribute on properties used in composite primary keys defined with Fluent API will create extra foreign keys and indexes in table
  Successfully closed issue #6298 as duplicate and removed label using GraphQL
  ✓ Issue #6298 updated successfully
Processing issue #6285: Incorrect migration for changing the key from manual ID to IDENTITY
  Successfully closed issue #6285 as duplicate and removed label using GraphQL
  ✓ Issue #6285 updated successfully
Processing issue #6275: Request: allow defining "include" fields in migration builder's CreateIndex method
  Successfully closed issue #6275 as duplicate and removed label using GraphQL
  ✓ Issue #6275 updated successfully
Processing issue #6273: SQLite - Migration exception when DB existed before the migration - guidance
  Successfully closed issue #6273 as duplicate and removed label using GraphQL
  ✓ Issue #6273 updated successfully
Processing issue #6263: Database first - ability to override default type mapping
  Successfully closed issue #6263 as duplicate and removed label using GraphQL
  ✓ Issue #6263 updated successfully
Processing issue #6248: Flaky Test: AsyncQueryTestBase.Mixed_sync_async_query
  Successfully closed issue #6248 as duplicate and removed label using GraphQL
  ✓ Issue #6248 updated successfully
Processing issue #6245: EF  can not generate "Group by" sql ?
  Successfully closed issue #6245 as duplicate and removed label using GraphQL
  ✓ Issue #6245 updated successfully
Processing issue #6237: [UWP] [ARM] [RELEASE] Crash with Native 
  Successfully closed issue #6237 as duplicate and removed label using GraphQL
  ✓ Issue #6237 updated successfully
Processing issue #6236: Same issue as #275 {Identity: SqlServer adding a string ForeignKey throws exception regarding length
  Successfully closed issue #6236 as duplicate and removed label using GraphQL
  ✓ Issue #6236 updated successfully
Processing issue #6233: How to deal with nested transactions?
  Successfully closed issue #6233 as duplicate and removed label using GraphQL
  ✓ Issue #6233 updated successfully
Processing issue #6227: Non-dirty Entity after it loaded
  Successfully closed issue #6227 as duplicate and removed label using GraphQL
  ✓ Issue #6227 updated successfully
Processing issue #6226: Inclued doesn't work after GroupBy
  Successfully closed issue #6226 as duplicate and removed label using GraphQL
  ✓ Issue #6226 updated successfully
Processing issue #6218: Optimistic concurrency check should be configurable
  Found marked_as_duplicate event at 10/19/2022 7:21:59 AM +00:00
  Found canonical issue #10443 from event details
  Found canonical issue via GraphQL event details
  Found duplicate reference, linking to canonical issue
  Successfully closed issue #6218 as duplicate and removed label using GraphQL
  ✓ Issue #6218 updated successfully
Processing issue #6216: RC1 to RTM behaviour change with the LINQ Where extension
  Successfully closed issue #6216 as duplicate and removed label using GraphQL
  ✓ Issue #6216 updated successfully
Processing issue #6215: include navigation with inherit class
  Successfully closed issue #6215 as duplicate and removed label using GraphQL
  ✓ Issue #6215 updated successfully
Processing issue #6200: lazyload when to be active?
  Successfully closed issue #6200 as duplicate and removed label using GraphQL
  ✓ Issue #6200 updated successfully
Processing issue #6199: Selecting a single column from a Nullable child Entity queries the whole object
  Successfully closed issue #6199 as duplicate and removed label using GraphQL
  ✓ Issue #6199 updated successfully
Processing issue #6195: Simple query fails - with test case
  Successfully closed issue #6195 as duplicate and removed label using GraphQL
  ✓ Issue #6195 updated successfully
Processing issue #6194: In "database first" the underscores character are not transferred into the model.
  Successfully closed issue #6194 as duplicate and removed label using GraphQL
  ✓ Issue #6194 updated successfully
Processing issue #6183: Reflection Exception in Microsoft.EntityFrameworkCore.Metadata.Internal.Navigation.IsCompatible on ARM-Processors
  Successfully closed issue #6183 as duplicate and removed label using GraphQL
  ✓ Issue #6183 updated successfully
Processing issue #6178: Combination of Include and Where clause for nullable field (left join) causes NullReferenceException
  Successfully closed issue #6178 as duplicate and removed label using GraphQL
  ✓ Issue #6178 updated successfully
Processing issue #6170: please add framework netstandard to Microsoft.EntityFrameworkCore.Tools
  Successfully closed issue #6170 as duplicate and removed label using GraphQL
  ✓ Issue #6170 updated successfully
Processing issue #6160: Querying optional one-to-many relationships causes QueryClientEvaluationWarnings
  Successfully closed issue #6160 as duplicate and removed label using GraphQL
  ✓ Issue #6160 updated successfully
Processing issue #6156: SqlServer database reverse engineering is inconsistent with script generator for unique indexes on nullable columns
  Successfully closed issue #6156 as duplicate and removed label using GraphQL
  ✓ Issue #6156 updated successfully
Processing issue #6140: .Skip() / .Take() generate problematic OFFSET inside subquery (EXISTS)
  Successfully closed issue #6140 as duplicate and removed label using GraphQL
  ✓ Issue #6140 updated successfully
Processing issue #6130: Critical issue using EF Core on UWP (unable to open database file)
  Successfully closed issue #6130 as duplicate and removed label using GraphQL
  ✓ Issue #6130 updated successfully
Successfully processed 100 issues
Processing issues in dotnet/efcore...
Found 88 issues with 'closed-duplicate' label
Processing issue #6098: add-migration not working with iot core background task project
  Successfully closed issue #6098 as duplicate and removed label using GraphQL
  ✓ Issue #6098 updated successfully
Processing issue #6095: Add-Migration fails with invalid "properties in shadow state" error in UWP project
  Successfully closed issue #6095 as duplicate and removed label using GraphQL
  ✓ Issue #6095 updated successfully
Processing issue #6086: Problem when I add migration
  Successfully closed issue #6086 as duplicate and removed label using GraphQL
  ✓ Issue #6086 updated successfully
Processing issue #6081: Not creating fields in the sequence of the class using the [ Column ( Order = ..) ]
  Successfully closed issue #6081 as duplicate and removed label using GraphQL
  ✓ Issue #6081 updated successfully
Processing issue #6077: Table column order as class property  not working in Entity Framework Core 
  Successfully closed issue #6077 as duplicate and removed label using GraphQL
  ✓ Issue #6077 updated successfully
Processing issue #6054: Behaviour of bool fields with HasDefaultValue option
  Successfully closed issue #6054 as duplicate and removed label using GraphQL
  ✓ Issue #6054 updated successfully
Processing issue #6053: Sequence contains more than one matching element after migration from RC1
  Successfully closed issue #6053 as duplicate and removed label using GraphQL
  ✓ Issue #6053 updated successfully
Processing issue #6042: Can a String based Include alternative be created?
  Successfully closed issue #6042 as duplicate and removed label using GraphQL
  ✓ Issue #6042 updated successfully
Processing issue #6041: Relational: 2nd Level Caching using a cache server like Redis
  Successfully closed issue #6041 as duplicate and removed label using GraphQL
  ✓ Issue #6041 updated successfully
Processing issue #6033: Scaffolding Changes Type Casing (e.g. ID -> Id)
  Successfully closed issue #6033 as duplicate and removed label using GraphQL
  ✓ Issue #6033 updated successfully
Processing issue #6027: Composite keys causes crash in releasemode [UWP]
  Successfully closed issue #6027 as duplicate and removed label using GraphQL
  ✓ Issue #6027 updated successfully
Processing issue #6024: Incorrect syntax new '&'
  Successfully closed issue #6024 as duplicate and removed label using GraphQL
  ✓ Issue #6024 updated successfully
Processing issue #6016: Include with SelectMany
  Successfully closed issue #6016 as duplicate and removed label using GraphQL
  ✓ Issue #6016 updated successfully
Processing issue #6012: Where Clause not mapped on automatic join?
  Successfully closed issue #6012 as duplicate and removed label using GraphQL
  ✓ Issue #6012 updated successfully
Processing issue #6009: Code First Stored Procedure
  Successfully closed issue #6009 as duplicate and removed label using GraphQL
  ✓ Issue #6009 updated successfully
Processing issue #6007: Migrations: Ability to list applied and unapplied migrations
  Successfully closed issue #6007 as duplicate and removed label using GraphQL
  ✓ Issue #6007 updated successfully
Processing issue #5995:  Defaults cannot be created on columns with an IDENTITY attribute
  Successfully closed issue #5995 as duplicate and removed label using GraphQL
  ✓ Issue #5995 updated successfully
Processing issue #5970: How should I listen for entities being added/deleted/modified in ef core?
  Successfully closed issue #5970 as duplicate and removed label using GraphQL
  ✓ Issue #5970 updated successfully
Processing issue #5969: Error on code-first migration with EntityFrameworkCore.Sqlite
  Successfully closed issue #5969 as duplicate and removed label using GraphQL
  ✓ Issue #5969 updated successfully
Processing issue #5963: Sqlite: Add option to support COLLATE NOCASE in queries
  Found marked_as_duplicate event at 9/12/2020 10:39:57 PM +00:00
  Found canonical issue #8813 from event details
  Found canonical issue via GraphQL event details
  Found duplicate reference, linking to canonical issue
  Successfully closed issue #5963 as duplicate and removed label using GraphQL
  ✓ Issue #5963 updated successfully
Processing issue #5953: Scaffold - DbContext rename entity class name and field names
  Successfully closed issue #5953 as duplicate and removed label using GraphQL
  ✓ Issue #5953 updated successfully
Processing issue #5947: Scaffold-DbContext: Flag to minimally alter column/table names
  Successfully closed issue #5947 as duplicate and removed label using GraphQL
  ✓ Issue #5947 updated successfully
Processing issue #5945: DataAnnotations not working in UWP at design-time
  Successfully closed issue #5945 as duplicate and removed label using GraphQL
  ✓ Issue #5945 updated successfully
Processing issue #5938: Query: Contains() fails on nav prop's column (nullable and non-nullable)
  Successfully closed issue #5938 as duplicate and removed label using GraphQL
  ✓ Issue #5938 updated successfully
Processing issue #5935: ArgumentException in query [no idea what is causing it]
  Successfully closed issue #5935 as duplicate and removed label using GraphQL
  ✓ Issue #5935 updated successfully
Processing issue #5934: dotnet ef --update-database “Microsoft.DotNet.Cli.Utils.dll” exception
  Successfully closed issue #5934 as duplicate and removed label using GraphQL
  ✓ Issue #5934 updated successfully
Processing issue #5932: Unable to add Microsoft.EntityFrameworkCore.InMemory v1.0.0 to UWP project
  Successfully closed issue #5932 as duplicate and removed label using GraphQL
  ✓ Issue #5932 updated successfully
Processing issue #5927: LINQ Expression cannot correctly translate string.Contains method call
  Successfully closed issue #5927 as duplicate and removed label using GraphQL
  ✓ Issue #5927 updated successfully
Processing issue #5913: dbcontext scaffold - tables without primary key defined
  Successfully closed issue #5913 as duplicate and removed label using GraphQL
  ✓ Issue #5913 updated successfully
Processing issue #5911: [UWP] Could not load assembly
  Successfully closed issue #5911 as duplicate and removed label using GraphQL
  ✓ Issue #5911 updated successfully
Processing issue #5892: Sum of float may return double and throw InvalidCastException
  Successfully closed issue #5892 as duplicate and removed label using GraphQL
  ✓ Issue #5892 updated successfully
Processing issue #5886: dotnet ef throws Could not load file or assembly Microsoft.DotNet.Cli.Utils,
  Successfully closed issue #5886 as duplicate and removed label using GraphQL
  ✓ Issue #5886 updated successfully
Processing issue #5844: Automate WACK test
  Successfully closed issue #5844 as duplicate and removed label using GraphQL
  ✓ Issue #5844 updated successfully
Processing issue #5815: Why entity framework core rc2 lambda expressions select query load all properties that not exists in select
  Successfully closed issue #5815 as duplicate and removed label using GraphQL
  ✓ Issue #5815 updated successfully
Processing issue #5802: CompiledQueryCache uses a static lock
  Successfully closed issue #5802 as duplicate and removed label using GraphQL
  ✓ Issue #5802 updated successfully
Processing issue #5784: Query: Sum over subquery produces incorrect SQL
  Successfully closed issue #5784 as duplicate and removed label using GraphQL
  ✓ Issue #5784 updated successfully
Processing issue #5782: HasDefaultValue extension method proposes an Identity Column if property is int
  Successfully closed issue #5782 as duplicate and removed label using GraphQL
  ✓ Issue #5782 updated successfully
Processing issue #5655: Confusing exception when model would contain a relationship between entities with only shadow keys
  Successfully closed issue #5655 as duplicate and removed label using GraphQL
  ✓ Issue #5655 updated successfully
Processing issue #5606: Migrations on Server Side
  Successfully closed issue #5606 as duplicate and removed label using GraphQL
  ✓ Issue #5606 updated successfully
Processing issue #5407: .NET Native: ef with prism library 's throw exception
  Successfully closed issue #5407 as duplicate and removed label using GraphQL
  ✓ Issue #5407 updated successfully
Processing issue #5278: Debugging: Add informational ToString() to Model
  Successfully closed issue #5278 as duplicate and removed label using GraphQL
  ✓ Issue #5278 updated successfully
Processing issue #5230: Query: Optimize predicate on discriminator
  Successfully closed issue #5230 as duplicate and removed label using GraphQL
  ✓ Issue #5230 updated successfully
Processing issue #5148: Query :: customers.Include(c => c.Orders).SingleOrDefault() reads orders for the second customer, which is redundant
  Found marked_as_duplicate event at 9/5/2017 11:36:57 PM +00:00
  Found canonical issue #2182 from event details
  Found canonical issue via GraphQL event details
  Found duplicate reference, linking to canonical issue
  Successfully closed issue #5148 as duplicate and removed label using GraphQL
  ✓ Issue #5148 updated successfully
Processing issue #5024: Pragma Settings for SQLite
  Successfully closed issue #5024 as duplicate and removed label using GraphQL
  ✓ Issue #5024 updated successfully
Processing issue #4983: Support SQL Server FILESTREAM
  Successfully closed issue #4983 as duplicate and removed label using GraphQL
  ✓ Issue #4983 updated successfully
Processing issue #4957: Query: Flatten unnecessary SQL subqueries, e.g. when Take() before projection
  Successfully closed issue #4957 as duplicate and removed label using GraphQL
  ✓ Issue #4957 updated successfully
Processing issue #4936: Query :: comparing collection navigation to null or another navigation throws
  Successfully closed issue #4936 as duplicate and removed label using GraphQL
  ✓ Issue #4936 updated successfully
Processing issue #4898: Support for multiple databases in the same model
  Successfully closed issue #4898 as duplicate and removed label using GraphQL
  ✓ Issue #4898 updated successfully
Processing issue #4783: Changing existing int id to DatabaseGeneratedOption.None doesn't migrate properly
  Successfully closed issue #4783 as duplicate and removed label using GraphQL
  ✓ Issue #4783 updated successfully
Processing issue #4722: TPH: Support more discriminator conditions (NotNull etc.)
  Successfully closed issue #4722 as duplicate and removed label using GraphQL
  ✓ Issue #4722 updated successfully
Processing issue #4699: The INSERT statement conflicted with the FOREIGN KEY constraint
  Successfully closed issue #4699 as duplicate and removed label using GraphQL
  ✓ Issue #4699 updated successfully
Processing issue #4642: Migrations: Index wasn't dropped when altering its column
  Successfully closed issue #4642 as duplicate and removed label using GraphQL
  ✓ Issue #4642 updated successfully
Processing issue #4290: Ability to cascade delete immediately (rather than on SaveChanges)
  Successfully closed issue #4290 as duplicate and removed label using GraphQL
  ✓ Issue #4290 updated successfully
Processing issue #3993: Migrations: Support removing IDENTITY from a column
  Successfully closed issue #3993 as duplicate and removed label using GraphQL
  ✓ Issue #3993 updated successfully
Processing issue #3829: Query: Combination of .Select, .Distinct, .Include, and .OrderBy throws exception
  Found marked_as_duplicate event at 8/22/2019 8:48:54 PM +00:00
  Found canonical issue #16752 from event details
  Found canonical issue via GraphQL event details
  Found duplicate reference, linking to canonical issue
  Successfully closed issue #3829 as duplicate and removed label using GraphQL
  ✓ Issue #3829 updated successfully
Processing issue #3748: Feature Request: Specifying Included Columns for an Index
  Successfully closed issue #3748 as duplicate and removed label using GraphQL
  ✓ Issue #3748 updated successfully
Processing issue #3548: From_sql_queryable_simple_projection_composed isn't portable
  Found marked_as_duplicate event at 9/5/2017 11:30:21 PM +00:00
  Found canonical issue #9228 from event details
  Found canonical issue via GraphQL event details
  Found duplicate reference, linking to canonical issue
  Successfully closed issue #3548 as duplicate and removed label using GraphQL
  ✓ Issue #3548 updated successfully
Processing issue #3418: Query: Support Include after GroupBy
  Found marked_as_duplicate event at 8/22/2019 5:58:52 PM +00:00
  Found canonical issue #16752 from event details
  Found canonical issue via GraphQL event details
  Found duplicate reference, linking to canonical issue
  Successfully closed issue #3418 as duplicate and removed label using GraphQL
  ✓ Issue #3418 updated successfully
Processing issue #3129: Can I use EF Core with immutable object?
  Successfully closed issue #3129 as duplicate and removed label using GraphQL
  ✓ Issue #3129 updated successfully
Processing issue #3035: Allow overriding three-valued logic compensations for null equality checks
  Found marked_as_duplicate event at 3/15/2020 8:52:34 PM +00:00
  Found canonical issue #10514 from event details
  Found canonical issue via GraphQL event details
  Found duplicate reference, linking to canonical issue
  Successfully closed issue #3035 as duplicate and removed label using GraphQL
  ✓ Issue #3035 updated successfully
Processing issue #2881: Query :: nested Conditional expressions could be optimized 
  Successfully closed issue #2881 as duplicate and removed label using GraphQL
  ✓ Issue #2881 updated successfully
Processing issue #2865: Support CommonTable Expressions
  Found marked_as_duplicate event at 6/16/2025 9:18:40 AM +00:00
  Found canonical issue #24177 from event details
  Found canonical issue via GraphQL event details
  Found duplicate reference, linking to canonical issue
  Successfully closed issue #2865 as duplicate and removed label using GraphQL
  ✓ Issue #2865 updated successfully
Processing issue #2849: Support partial entity materialization
  Successfully closed issue #2849 as duplicate and removed label using GraphQL
  ✓ Issue #2849 updated successfully
Processing issue #2779: CodeFirst: Set column collation
  Found marked_as_duplicate event at 4/12/2020 9:59:27 AM +00:00
  Found canonical issue #19275 from event details
  Found canonical issue via GraphQL event details
  Found duplicate reference, linking to canonical issue
  Successfully closed issue #2779 as duplicate and removed label using GraphQL
  ✓ Issue #2779 updated successfully
Processing issue #2229: Temporal Table Support (new in SQL Server 2016)
  Successfully closed issue #2229 as duplicate and removed label using GraphQL
  ✓ Issue #2229 updated successfully
Processing issue #2031: k ef remove to current migration (and squash migrations)
  Successfully closed issue #2031 as duplicate and removed label using GraphQL
  ✓ Issue #2031 updated successfully
Processing issue #1868: IIndex enhancements
  Successfully closed issue #1868 as duplicate and removed label using GraphQL
  ✓ Issue #1868 updated successfully
Processing issue #1671: Reverse Engineer: Merge code which does similar things in Migrations
  Successfully closed issue #1671 as duplicate and removed label using GraphQL
  ✓ Issue #1671 updated successfully
Processing issue #1590: Support to Full-Text Search
  Successfully closed issue #1590 as duplicate and removed label using GraphQL
  ✓ Issue #1590 updated successfully
Processing issue #1187: Consider adding Blob and Queue to ATS provider
  Successfully closed issue #1187 as duplicate and removed label using GraphQL
  ✓ Issue #1187 updated successfully
Processing issue #1035: DocumentDB Provider
  Found marked_as_duplicate event at 7/27/2017 6:46:58 PM +00:00
  Found canonical issue #8443 from event details
  Found canonical issue via GraphQL event details
  Found duplicate reference, linking to canonical issue
  Successfully closed issue #1035 as duplicate and removed label using GraphQL
  ✓ Issue #1035 updated successfully
Processing issue #961: ATS: Implement integer value generators
  Successfully closed issue #961 as duplicate and removed label using GraphQL
  ✓ Issue #961 updated successfully
Processing issue #857: ICollection for related entities is too permissive.
  Successfully closed issue #857 as duplicate and removed label using GraphQL
  ✓ Issue #857 updated successfully
Processing issue #855: Should Redis EnsureCreated() calls return true the first time they are called?
  Successfully closed issue #855 as duplicate and removed label using GraphQL
  ✓ Issue #855 updated successfully
Processing issue #829: AddEntityFramework(IConfiguration) should enable service replacement from Configuration
  Successfully closed issue #829 as duplicate and removed label using GraphQL
  ✓ Issue #829 updated successfully
Processing issue #778: Allow sequence generator pool size to be configured without having to replace the entire factory service
  Successfully closed issue #778 as duplicate and removed label using GraphQL
  ✓ Issue #778 updated successfully
Processing issue #774: Use service to create connections
  Successfully closed issue #774 as duplicate and removed label using GraphQL
  ✓ Issue #774 updated successfully
Processing issue #770: Consider how to map TimeSpan in relational providers
  Successfully closed issue #770 as duplicate and removed label using GraphQL
  ✓ Issue #770 updated successfully
Processing issue #741: RelationshipSnapshot currently uses a dictionary
  Successfully closed issue #741 as duplicate and removed label using GraphQL
  ✓ Issue #741 updated successfully
Processing issue #622: Collection-valued composable functions support
  Successfully closed issue #622 as duplicate and removed label using GraphQL
  ✓ Issue #622 updated successfully
Processing issue #621: Scalar composable function support
  Successfully closed issue #621 as duplicate and removed label using GraphQL
  ✓ Issue #621 updated successfully
Processing issue #608: tag queries with more information
  Successfully closed issue #608 as duplicate and removed label using GraphQL
  ✓ Issue #608 updated successfully
Processing issue #571: Migrations: Provide async APIs 
  Successfully closed issue #571 as duplicate and removed label using GraphQL
  ✓ Issue #571 updated successfully
Processing issue #458: ATS: Implement async query
  Successfully closed issue #458 as duplicate and removed label using GraphQL
  ✓ Issue #458 updated successfully
Processing issue #241: Roslyn-based enhancements
  Successfully closed issue #241 as duplicate and removed label using GraphQL
  ✓ Issue #241 updated successfully
Processing issue #204: In-Memory Provider: Leverage update pipeline concepts (like concurrency etc.)
  Successfully closed issue #204 as duplicate and removed label using GraphQL
  ✓ Issue #204 updated successfully
Processing issue #200: Query: grouping pushed to database
  Successfully closed issue #200 as duplicate and removed label using GraphQL
  ✓ Issue #200 updated successfully
Processing issue #189: Support structs in the model
  Successfully closed issue #189 as duplicate and removed label using GraphQL
  ✓ Issue #189 updated successfully
Successfully processed 88 issues
